timestamp_ms,current_mA,voltage_mV,temperature_C,temperature_valid,wheel_speed_valid,wheel_speed_kmph,wheel_rpm,wheel_spoke_count,ax_x100,ay_x100,az_x100,amag_x100,gps_location_valid,gps_lat,gps_long,gps_alt_m,gps_speed_kmph,gps_hdop,gps_sats,gps_time_valid,gps_time_utc,gps_centisecond
28787,-213,24289,0.00,0,0,0.00,0.0,0,53,-983,35,985,0,0.0000000,0.0000000,0.00,0.00,99.99,0,1,20:41:40,00
29249,-184,24289,0.00,0,0,0.00,0.0,0,55,-984,18,986,0,0.0000000,0.0000000,0.00,0.00,99.99,0,1,20:41:40,00
29716,-183,24289,0.00,0,0,0.00,0.0,0,60,-982,14,984,0,0.0000000,0.0000000,0.00,0.00,99.99,0,1,20:41:41,00
30182,-184,24289,0.00,0,0,0.00,0.0,0,59,-983,24,985,0,0.0000000,0.0000000,0.00,0.00,99.99,0,1,20:41:41,00
30645,-189,24289,0.00,0,0,0.00,0.0,0,61,-984,21,986,0,0.0000000,0.0000000,0.00,0.00,99.99,0,1,20:41:42,00
31120,-183,24289,0.00,0,0,0.00,0.0,0,61,-984,25,986,0,0.0000000,0.0000000,0.00,0.00,99.99,0,1,20:41:42,00
31582,-212,24289,0.00,0,0,0.00,0.0,0,62,-983,23,985,0,0.0000000,0.0000000,0.00,0.00,99.99,0,1,20:41:43,00
32048,-192,24289,0.00,0,0,0.00,0.0,0,60,-984,21,986,0,0.0000000,0.0000000,0.00,0.00,99.99,0,1,20:41:43,00
32504,-208,24289,0.00,0,0,0.00,0.0,0,59,-983,23,985,0,0.0000000,0.0000000,0.00,0.00,99.99,0,1,20:41:44,00
32966,-194,24289,0.00,0,0,0.00,0.0,0,57,-984,22,986,0,0.0000000,0.0000000,0.00,0.00,99.99,0,1,20:41:44,00
33426,-203,24289,0.00,0,0,0.00,0.0,0,62,-983,22,985,0,0.0000000,0.0000000,0.00,0.00,99.99,0,1,20:41:45,00
33890,-207,24289,0.00,0,0,0.00,0.0,0,57,-984,22,986,0,0.0000000,0.0000000,0.00,0.00,99.99,0,1,20:41:45,00
34337,-214,24289,0.00,0,0,0.00,0.0,0,61,-983,20,985,0,0.0000000,0.0000000,0.00,0.00,99.99,0,1,20:41:46,00
34793,-216,24289,0.00,0,0,0.00,0.0,0,64,-983,23,985,0,0.0000000,0.0000000,0.00,0.00,99.99,0,1,20:41:46,00
35259,-214,24289,0.00,0,0,0.00,0.0,0,60,-984,22,986,0,0.0000000,0.0000000,0.00,0.00,99.99,0,1,20:41:46,00
35730,-195,24289,0.00,0,0,0.00,0.0,0,57,-984,19,986,0,0.0000000,0.0000000,0.00,0.00,99.99,0,1,20:41:47,00
36188,-208,24289,0.00,0,0,0.00,0.0,0,64,-983,24,985,0,0.0000000,0.0000000,0.00,0.00,99.99,0,1,20:41:47,00
36645,-210,24289,0.00,0,0,0.00,0.0,0,61,-984,21,986,0,0.0000000,0.0000000,0.00,0.00,99.99,0,1,20:41:48,00
37105,-208,24289,0.00,0,0,0.00,0.0,0,61,-983,20,985,0,0.0000000,0.0000000,0.00,0.00,99.99,0,1,20:41:48,00
37560,-210,24289,0.00,0,0,0.00,0.0,0,60,-984,23,986,0,0.0000000,0.0000000,0.00,0.00,99.99,0,1,20:41:49,00
38100,-208,24289,0.00,0,0,0.00,0.0,0,67,-981,22,984,0,0.0000000,0.0000000,0.00,0.00,99.99,0,1,20:41:49,00
38546,-212,24289,0.00,0,0,0.00,0.0,0,59,-984,22,986,0,0.0000000,0.0000000,0.00,0.00,99.99,0,1,20:41:50,00
39008,-211,24289,0.00,0,0,0.00,0.0,0,65,-983,18,985,0,0.0000000,0.0000000,0.00,0.00,99.99,0,1,20:41:50,00
39458,-201,24289,0.00,0,0,0.00,0.0,0,58,-983,20,985,0,0.0000000,0.0000000,0.00,0.00,99.99,0,1,20:41:51,00
39910,-212,24289,0.00,0,0,0.00,0.0,0,58,-983,19,985,0,0.0000000,0.0000000,0.00,0.00,99.99,0,1,20:41:51,00
40356,19,24289,0.00,0,0,0.00,0.0,0,69,-978,6,980,0,0.0000000,0.0000000,0.00,0.00,99.99,0,1,20:41:52,00
40808,320,24289,0.00,0,0,0.00,0.0,0,65,-983,23,985,0,0.0000000,0.0000000,0.00,0.00,99.99,0,1,20:41:52,00
41258,-93,24289,0.00,0,0,0.00,0.0,0,70,-982,30,985,0,0.0000000,0.0000000,0.00,0.00,99.99,0,1,20:41:52,00
41712,-199,24289,0.00,0,0,0.00,0.0,0,51,-986,52,989,0,0.0000000,0.0000000,0.00,0.00,99.99,0,1,20:41:53,00
42164,-192,24289,0.00,0,0,0.00,0.0,0,45,-988,46,991,0,0.0000000,0.0000000,0.00,0.00,99.99,0,1,20:41:53,00
42625,-207,24289,0.00,0,0,0.00,0.0,0,64,-983,24,985,0,0.0000000,0.0000000,0.00,0.00,99.99,0,1,20:41:54,00
43081,-191,24289,0.00,0,0,0.00,0.0,0,55,-981,21,983,0,0.0000000,0.0000000,0.00,0.00,99.99,0,1,20:41:54,00
43545,-187,24289,0.00,0,0,0.00,0.0,0,63,-983,18,985,0,0.0000000,0.0000000,0.00,0.00,99.99,0,1,20:41:55,00
44002,-209,24289,0.00,0,0,0.00,0.0,0,57,-984,19,985,0,0.0000000,0.0000000,0.00,0.00,99.99,0,1,20:41:55,00
44468,-204,24289,0.00,0,0,0.00,0.0,0,63,-982,18,985,0,0.0000000,0.0000000,0.00,0.00,99.99,0,1,20:41:56,00
44933,-210,24289,0.00,0,0,0.00,0.0,0,58,-984,25,986,0,0.0000000,0.0000000,0.00,0.00,99.99,0,1,20:41:56,00
45388,-208,24289,0.00,0,0,0.00,0.0,0,59,-984,18,986,0,0.0000000,0.0000000,0.00,0.00,99.99,0,1,20:41:57,00
45845,-183,24289,0.00,0,0,0.00,0.0,0,61,-983,22,985,0,0.0000000,0.0000000,0.00,0.00,99.99,0,1,20:41:57,00
46298,-190,24289,0.00,0,0,0.00,0.0,0,62,-984,22,986,0,0.0000000,0.0000000,0.00,0.00,99.99,0,1,20:41:57,00
46764,-188,24289,0.00,0,0,0.00,0.0,0,60,-984,22,986,0,0.0000000,0.0000000,0.00,0.00,99.99,0,1,20:41:58,00
47241,-195,24289,0.00,0,0,0.00,0.0,0,59,-985,20,987,0,0.0000000,0.0000000,0.00,0.00,99.99,0,1,20:41:58,00
47712,-190,24289,0.00,0,0,0.00,0.0,0,60,-984,23,986,0,0.0000000,0.0000000,0.00,0.00,99.99,0,1,20:41:59,00
48172,-211,24289,0.00,0,0,0.00,0.0,0,62,-984,16,986,0,0.0000000,0.0000000,0.00,0.00,99.99,0,1,20:41:59,00
48627,-211,24289,0.00,0,0,0.00,0.0,0,56,-984,24,986,0,0.0000000,0.0000000,0.00,0.00,99.99,0,1,20:42:00,00
49091,-194,24289,0.00,0,0,0.00,0.0,0,60,-983,19,985,0,0.0000000,0.0000000,0.00,0.00,99.99,0,1,20:42:00,00
49560,-192,24289,0.00,0,0,0.00,0.0,0,61,-983,19,985,0,0.0000000,0.0000000,0.00,0.00,99.99,0,1,20:42:01,00
50033,-207,24289,0.00,0,0,0.00,0.0,0,62,-983,22,985,0,0.0000000,0.0000000,0.00,0.00,99.99,0,1,20:42:01,00
50492,-181,24289,0.00,0,0,0.00,0.0,0,60,-984,23,986,0,0.0000000,0.0000000,0.00,0.00,99.99,0,1,20:42:02,00
50949,-170,24289,0.00,0,0,0.00,0.0,0,51,-986,24,988,0,0.0000000,0.0000000,0.00,0.00,99.99,0,1,20:42:02,00
51388,-173,24289,0.00,0,0,0.00,0.0,0,60,-983,22,985,0,0.0000000,0.0000000,0.00,0.00,99.99,0,1,20:42:03,00
51851,-199,24289,0.00,0,0,0.00,0.0,0,63,-983,17,985,0,0.0000000,0.0000000,0.00,0.00,99.99,0,1,20:42:03,00
52312,-185,24289,0.00,0,0,0.00,0.0,0,56,-983,17,985,0,0.0000000,0.0000000,0.00,0.00,99.99,0,1,20:42:04,00
52846,-204,24289,0.00,0,0,0.00,0.0,0,60,-984,24,986,0,0.0000000,0.0000000,0.00,0.00,99.99,0,1,20:42:04,00
53294,-196,24289,0.00,0,0,0.00,0.0,0,48,-985,19,987,0,0.0000000,0.0000000,0.00,0.00,99.99,0,1,20:42:04,00
53746,-194,24289,0.00,0,0,0.00,0.0,0,67,-982,20,985,0,0.0000000,0.0000000,0.00,0.00,99.99,0,1,20:42:05,00
54211,-203,24289,0.00,0,0,0.00,0.0,0,52,-983,14,985,0,0.0000000,0.0000000,0.00,0.00,99.99,0,1,20:42:05,00
54670,-216,24289,0.00,0,0,0.00,0.0,0,62,-982,20,985,0,0.0000000,0.0000000,0.00,0.00,99.99,0,1,20:42:06,00
55126,-198,24289,0.00,0,0,0.00,0.0,0,54,-984,22,986,0,0.0000000,0.0000000,0.00,0.00,99.99,0,1,20:42:06,00
55579,-209,24289,0.00,0,0,0.00,0.0,0,61,-983,22,985,0,0.0000000,0.0000000,0.00,0.00,99.99,0,1,20:42:07,00
56034,-210,24289,0.00,0,0,0.00,0.0,0,66,-981,21,984,0,0.0000000,0.0000000,0.00,0.00,99.99,0,1,20:42:07,00
56495,-208,24289,0.00,0,0,0.00,0.0,0,62,-984,22,986,0,0.0000000,0.0000000,0.00,0.00,99.99,0,1,20:42:08,00
56952,-215,24289,0.00,0,0,0.00,0.0,0,63,-982,7,984,0,0.0000000,0.0000000,0.00,0.00,99.99,0,1,20:42:08,00
57376,-208,24289,0.00,0,0,0.00,0.0,0,53,-985,24,987,0,0.0000000,0.0000000,0.00,0.00,99.99,0,1,20:42:09,00
57832,-206,24289,0.00,0,0,0.00,0.0,0,63,-983,24,985,0,0.0000000,0.0000000,0.00,0.00,99.99,0,1,20:42:09,00
58284,78,24289,0.00,0,0,0.00,0.0,0,63,-981,9,983,0,0.0000000,0.0000000,0.00,0.00,99.99,0,1,20:42:09,00
58747,419,24289,0.00,0,0,0.00,0.0,0,52,-987,12,988,0,0.0000000,0.0000000,0.00,0.00,99.99,0,1,20:42:10,00
59209,207,24289,0.00,0,0,0.00,0.0,0,63,-982,20,984,0,0.0000000,0.0000000,0.00,0.00,99.99,0,1,20:42:10,00
59669,421,24289,0.00,0,0,0.00,0.0,0,72,-975,22,978,0,0.0000000,0.0000000,0.00,0.00,99.99,0,1,20:42:11,00
60124,926,24289,0.00,0,0,0.00,0.0,0,65,-977,21,980,0,0.0000000,0.0000000,0.00,0.00,99.99,0,1,20:42:11,00
60584,867,24289,0.00,0,0,0.00,0.0,0,60,-987,16,989,0,0.0000000,0.0000000,0.00,0.00,99.99,0,1,20:42:12,00
61054,672,24289,0.00,0,0,0.00,0.0,0,72,-978,4,980,0,0.0000000,0.0000000,0.00,0.00,99.99,0,1,20:42:12,00
61512,575,24289,0.00,0,0,0.00,0.0,0,70,-978,-16,980,0,0.0000000,0.0000000,0.00,0.00,99.99,0,1,20:42:13,00
61976,518,24289,0.00,0,0,0.00,0.0,0,54,-986,11,988,0,0.0000000,0.0000000,0.00,0.00,99.99,0,1,20:42:13,00
62420,464,24289,0.00,0,0,0.00,0.0,0,50,-996,31,997,0,0.0000000,0.0000000,0.00,0.00,99.99,0,1,20:42:14,00
62880,432,24289,0.00,0,0,0.00,0.0,0,78,-966,-1,969,0,0.0000000,0.0000000,0.00,0.00,99.99,0,1,20:42:14,00
63329,398,24289,0.00,0,0,0.00,0.0,0,63,-984,29,987,0,0.0000000,0.0000000,0.00,0.00,99.99,0,1,20:42:15,00
63787,373,24289,0.00,0,0,0.00,0.0,0,55,-984,29,986,0,0.0000000,0.0000000,0.00,0.00,99.99,0,1,20:42:15,00
64251,366,24289,0.00,0,0,0.00,0.0,0,54,-986,25,988,0,0.0000000,0.0000000,0.00,0.00,99.99,0,1,20:42:15,00
64712,368,24289,0.00,0,0,0.00,0.0,0,73,-981,1,983,0,0.0000000,0.0000000,0.00,0.00,99.99,0,1,20:42:16,00
65174,340,24289,0.00,0,0,0.00,0.0,0,76,-967,14,970,0,0.0000000,0.0000000,0.00,0.00,99.99,0,1,20:42:16,00
65649,-200,24289,0.00,0,0,0.00,0.0,0,69,-980,25,983,0,0.0000000,0.0000000,0.00,0.00,99.99,0,1,20:42:17,00
66120,-191,24289,0.00,0,0,0.00,0.0,0,44,-987,46,989,0,0.0000000,0.0000000,0.00,0.00,99.99,0,1,20:42:17,00
66588,-177,24289,0.00,0,0,0.00,0.0,0,54,-987,14,988,0,0.0000000,0.0000000,0.00,0.00,99.99,0,1,20:42:18,00
67060,-216,24289,0.00,0,0,0.00,0.0,0,56,-984,22,986,0,0.0000000,0.0000000,0.00,0.00,99.99,0,1,20:42:18,00
67598,-216,24289,0.00,0,0,0.00,0.0,0,109,-974,20,980,0,0.0000000,0.0000000,0.00,0.00,99.99,0,1,20:42:19,00
68067,-216,24289,0.00,0,0,0.00,0.0,0,51,-986,28,988,0,0.0000000,0.0000000,0.00,0.00,99.99,0,1,20:42:19,00
68524,-207,24289,0.00,0,0,0.00,0.0,0,57,-982,23,984,0,0.0000000,0.0000000,0.00,0.00,99.99,0,1,20:42:20,00
68982,-212,24289,0.00,0,0,0.00,0.0,0,63,-983,27,985,0,0.0000000,0.0000000,0.00,0.00,99.99,0,1,20:42:20,00
69433,-209,24289,0.00,0,0,0.00,0.0,0,93,-977,16,981,0,0.0000000,0.0000000,0.00,0.00,99.99,0,1,20:42:21,00
69893,-210,24289,0.00,0,0,0.00,0.0,0,72,-977,14,980,0,0.0000000,0.0000000,0.00,0.00,99.99,0,1,20:42:21,00
70331,-209,24289,0.00,0,0,0.00,0.0,0,97,-1021,21,1025,0,0.0000000,0.0000000,0.00,0.00,99.99,0,1,20:42:22,00
70791,-208,24289,0.00,0,0,0.00,0.0,0,134,-968,20,977,0,0.0000000,0.0000000,0.00,0.00,99.99,0,1,20:42:22,00
71246,-202,24289,0.00,0,0,0.00,0.0,0,79,-982,16,985,0,0.0000000,0.0000000,0.00,0.00,99.99,0,1,20:42:22,00
71701,-163,24289,0.00,0,0,0.00,0.0,1,66,-989,18,992,0,0.0000000,0.0000000,0.00,0.00,99.99,0,1,20:42:23,00
72159,-170,24289,0.00,0,0,0.00,0.0,1,69,-981,20,984,0,0.0000000,0.0000000,0.00,0.00,99.99,0,1,20:42:23,00
72624,-180,24289,0.00,0,0,0.00,0.0,1,64,-982,22,985,0,0.0000000,0.0000000,0.00,0.00,99.99,0,1,20:42:24,00
73087,-165,24289,0.00,0,0,0.00,0.0,1,63,-982,23,985,0,0.0000000,0.0000000,0.00,0.00,99.99,0,1,20:42:24,00
73548,-189,24289,0.00,0,1,0.00,0.0,1,64,-982,18,984,0,0.0000000,0.0000000,0.00,0.00,99.99,0,1,20:42:25,00
74013,-194,24289,0.00,0,1,0.00,0.0,1,61,-983,19,985,0,0.0000000,0.0000000,0.00,0.00,99.99,0,1,20:42:25,00
74475,-195,24289,0.00,0,1,0.00,0.0,1,72,-983,28,986,0,0.0000000,0.0000000,0.00,0.00,99.99,0,1,20:42:26,00
74946,-189,24289,0.00,0,1,0.00,0.0,1,60,-983,24,985,0,0.0000000,0.0000000,0.00,0.00,99.99,0,1,20:42:26,00
75386,-181,24289,0.00,0,1,0.00,0.0,1,67,-982,19,984,0,0.0000000,0.0000000,0.00,0.00,99.99,0,1,20:42:27,00
75858,-172,24289,0.00,0,1,0.00,0.0,1,66,-983,23,985,0,0.0000000,0.0000000,0.00,0.00,99.99,0,1,20:42:27,00
76316,-188,24289,0.00,0,1,0.00,0.0,1,65,-984,26,986,0,0.0000000,0.0000000,0.00,0.00,99.99,0,1,20:42:27,00
76784,-171,24289,0.00,0,1,0.00,0.0,1,60,-983,27,985,0,0.0000000,0.0000000,0.00,0.00,99.99,0,1,20:42:28,00
77261,-158,24289,0.00,0,1,0.00,0.0,1,65,-984,25,986,0,0.0000000,0.0000000,0.00,0.00,99.99,0,1,20:42:28,00
77729,-172,24289,0.00,0,1,0.00,0.0,1,66,-982,19,985,0,0.0000000,0.0000000,0.00,0.00,99.99,0,1,20:42:29,00
78193,-178,24289,0.00,0,1,0.00,0.0,1,70,-982,17,984,0,0.0000000,0.0000000,0.00,0.00,99.99,0,1,20:42:29,00
78654,-179,24289,0.00,0,1,0.00,0.0,1,64,-984,28,986,0,0.0000000,0.0000000,0.00,0.00,99.99,0,1,20:42:30,00
79122,-182,24289,0.00,0,1,0.00,0.0,1,64,-982,18,984,0,0.0000000,0.0000000,0.00,0.00,99.99,0,1,20:42:30,00
79594,-185,24289,0.00,0,1,0.00,0.0,1,62,-986,26,988,0,0.0000000,0.0000000,0.00,0.00,99.99,0,1,20:42:31,00
80066,-168,24289,0.00,0,1,0.00,0.0,1,67,-983,10,986,0,0.0000000,0.0000000,0.00,0.00,99.99,0,1,20:42:31,00
80536,-173,24289,0.00,0,1,0.00,0.0,1,61,-984,24,986,0,0.0000000,0.0000000,0.00,0.00,99.99,0,1,20:42:32,00
81001,-172,24289,0.00,0,1,0.00,0.0,1,63,-983,22,985,0,0.0000000,0.0000000,0.00,0.00,99.99,0,1,20:42:32,00
81471,-171,24289,0.00,0,1,0.00,0.0,1,59,-986,29,988,0,0.0000000,0.0000000,0.00,0.00,99.99,0,1,20:42:33,00
81943,-176,24289,0.00,0,1,0.00,0.0,1,65,-982,16,984,0,0.0000000,0.0000000,0.00,0.00,99.99,0,1,20:42:33,00
82474,-172,24289,0.00,0,1,0.00,0.0,1,41,-988,29,989,0,0.0000000,0.0000000,0.00,0.00,99.99,0,1,20:42:34,00
82923,-200,24289,0.00,0,1,0.00,0.0,1,-37,-1013,24,1014,0,0.0000000,0.0000000,0.00,0.00,99.99,0,1,20:42:34,00
83356,-183,24289,0.00,0,1,0.00,0.0,1,109,-977,17,983,0,0.0000000,0.0000000,0.00,0.00,99.99,0,1,20:42:35,00
83817,-187,24289,0.00,0,1,0.00,0.0,1,69,-983,22,986,0,0.0000000,0.0000000,0.00,0.00,99.99,0,1,20:42:35,00
84279,-174,24289,0.00,0,1,0.00,0.0,1,37,-988,28,989,0,0.0000000,0.0000000,0.00,0.00,99.99,0,1,20:42:35,00
84735,-190,24289,0.00,0,1,0.00,0.0,1,75,-981,15,984,0,0.0000000,0.0000000,0.00,0.00,99.99,0,1,20:42:36,00
85196,-183,24289,0.00,0,1,0.00,0.0,1,65,-1005,32,1008,0,0.0000000,0.0000000,0.00,0.00,99.99,0,1,20:42:36,00
85659,-212,24289,0.00,0,1,0.00,0.0,1,80,-981,14,985,0,0.0000000,0.0000000,0.00,0.00,99.99,0,1,20:42:37,00
86121,-185,24289,0.00,0,1,0.00,0.0,2,130,-973,11,982,0,0.0000000,0.0000000,0.00,0.00,99.99,0,1,20:42:37,00
86585,-180,24289,0.00,0,1,2.05,21.4,3,11,-985,21,985,0,0.0000000,0.0000000,0.00,0.00,99.99,0,1,20:42:38,00
87048,-184,24289,0.00,0,1,2.05,21.4,3,45,-986,27,987,0,0.0000000,0.0000000,0.00,0.00,99.99,0,1,20:42:38,00
87518,-214,24289,0.00,0,1,2.05,21.4,3,55,-984,17,985,0,0.0000000,0.0000000,0.00,0.00,99.99,0,1,20:42:39,00
87984,-209,24289,0.00,0,1,2.05,21.4,3,64,-983,21,985,0,0.0000000,0.0000000,0.00,0.00,99.99,0,1,20:42:39,00
88440,-211,24289,0.00,0,1,0.00,0.0,3,61,-983,24,985,0,0.0000000,0.0000000,0.00,0.00,99.99,0,1,20:42:40,00
88914,-212,24289,0.00,0,1,0.00,0.0,3,64,-983,15,985,0,0.0000000,0.0000000,0.00,0.00,99.99,0,1,20:42:40,00
89349,-195,24289,0.00,0,1,0.00,0.0,3,56,-981,11,983,0,0.0000000,0.0000000,0.00,0.00,99.99,0,1,20:42:41,00
89816,-190,24289,0.00,0,1,0.00,0.0,3,62,-983,23,985,0,0.0000000,0.0000000,0.00,0.00,99.99,0,1,20:42:41,00
90277,-201,24289,0.00,0,1,0.00,0.0,3,60,-983,22,985,0,0.0000000,0.0000000,0.00,0.00,99.99,0,1,20:42:41,00
90740,-200,24289,0.00,0,1,0.00,0.0,3,62,-982,21,984,0,0.0000000,0.0000000,0.00,0.00,99.99,0,1,20:42:42,00
91210,-186,24289,0.00,0,1,0.00,0.0,3,62,-983,22,985,0,0.0000000,0.0000000,0.00,0.00,99.99,0,1,20:42:42,00
91673,-203,24289,0.00,0,1,0.00,0.0,3,54,-984,23,986,0,0.0000000,0.0000000,0.00,0.00,99.99,0,1,20:42:43,00
92143,-183,24289,0.00,0,1,0.00,0.0,3,61,-983,21,985,0,0.0000000,0.0000000,0.00,0.00,99.99,0,1,20:42:43,00
92608,-205,24289,0.00,0,1,0.00,0.0,3,63,-982,19,984,0,0.0000000,0.0000000,0.00,0.00,99.99,0,1,20:42:44,00
93079,-208,24289,0.00,0,1,0.00,0.0,3,67,-983,16,986,0,0.0000000,0.0000000,0.00,0.00,99.99,0,1,20:42:44,00
93552,-199,24289,0.00,0,1,0.00,0.0,3,61,-983,21,985,0,0.0000000,0.0000000,0.00,0.00,99.99,0,1,20:42:45,00
94017,-197,24289,0.00,0,1,0.00,0.0,3,61,-984,14,986,0,0.0000000,0.0000000,0.00,0.00,99.99,0,1,20:42:45,00
94483,-202,24289,0.00,0,1,0.00,0.0,3,57,-983,24,985,0,0.0000000,0.0000000,0.00,0.00,99.99,0,1,20:42:46,00
94946,-200,24289,0.00,0,1,0.00,0.0,3,62,-983,24,985,0,0.0000000,0.0000000,0.00,0.00,99.99,0,1,20:42:46,00
95400,-195,24289,0.00,0,1,0.00,0.0,3,63,-982,25,984,0,0.0000000,0.0000000,0.00,0.00,99.99,0,1,20:42:47,00
95872,-209,24289,0.00,0,1,0.00,0.0,3,56,-983,20,985,0,0.0000000,0.0000000,0.00,0.00,99.99,0,1,20:42:47,00
96332,-211,24289,0.00,0,1,0.00,0.0,3,61,-983,21,986,0,0.0000000,0.0000000,0.00,0.00,99.99,0,1,20:42:47,00
96801,-215,24289,0.00,0,1,0.00,0.0,3,61,-982,19,984,0,0.0000000,0.0000000,0.00,0.00,99.99,0,1,20:42:48,00
97331,-211,24289,0.00,0,1,0.00,0.0,3,63,-982,23,984,0,0.0000000,0.0000000,0.00,0.00,99.99,0,1,20:42:49,00
97785,-196,24289,0.00,0,1,0.00,0.0,3,60,-984,24,986,0,0.0000000,0.0000000,0.00,0.00,99.99,0,1,20:42:49,00
98244,-189,24289,0.00,0,1,0.00,0.0,3,67,-982,18,984,0,0.0000000,0.0000000,0.00,0.00,99.99,0,1,20:42:49,00
98697,-198,24289,0.00,0,1,0.00,0.0,3,70,-979,21,982,0,0.0000000,0.0000000,0.00,0.00,99.99,0,1,20:42:50,00
99162,-197,24289,0.00,0,1,0.00,0.0,3,63,-983,24,985,0,0.0000000,0.0000000,0.00,0.00,99.99,0,1,20:42:50,00
99622,-196,24289,0.00,0,1,0.00,0.0,3,60,-983,25,985,0,0.0000000,0.0000000,0.00,0.00,99.99,0,1,20:42:51,00
100082,-197,24289,0.00,0,1,0.00,0.0,3,58,-984,15,986,0,0.0000000,0.0000000,0.00,0.00,99.99,0,1,20:42:51,00
100545,-193,24289,0.00,0,1,0.00,0.0,3,63,-981,25,983,0,0.0000000,0.0000000,0.00,0.00,99.99,0,1,20:42:52,00
101005,-212,24289,0.00,0,1,0.00,0.0,3,64,-982,21,985,0,0.0000000,0.0000000,0.00,0.00,99.99,0,1,20:42:52,00
101460,-203,24289,0.00,0,1,0.00,0.0,3,48,-986,26,988,0,0.0000000,0.0000000,0.00,0.00,99.99,0,1,20:42:53,00
101914,-191,24289,0.00,0,1,0.00,0.0,3,48,-986,39,988,0,0.0000000,0.0000000,0.00,0.00,99.99,0,1,20:42:53,00
102355,-198,24289,0.00,0,1,0.00,0.0,3,60,-982,25,984,0,0.0000000,0.0000000,0.00,0.00,99.99,0,1,20:42:54,00
102825,-203,24289,0.00,0,1,0.00,0.0,3,64,-984,25,987,0,0.0000000,0.0000000,0.00,0.00,99.99,0,1,20:42:54,00
103289,-192,24289,0.00,0,1,0.00,0.0,3,71,-982,28,985,0,0.0000000,0.0000000,0.00,0.00,99.99,0,1,20:42:54,00
103755,-207,24289,0.00,0,1,0.00,0.0,3,44,-985,22,987,0,0.0000000,0.0000000,0.00,0.00,99.99,0,1,20:42:55,00
104222,-210,24289,0.00,0,1,0.00,0.0,3,58,-984,31,986,0,0.0000000,0.0000000,0.00,0.00,99.99,0,1,20:42:55,00
104681,-210,24289,0.00,0,1,0.00,0.0,3,63,-982,20,984,0,0.0000000,0.0000000,0.00,0.00,99.99,0,1,20:42:56,00
105150,-211,24289,0.00,0,1,0.00,0.0,3,61,-983,22,985,0,0.0000000,0.0000000,0.00,0.00,99.99,0,1,20:42:56,00
105608,-203,24289,0.00,0,1,0.00,0.0,3,62,-983,21,985,0,0.0000000,0.0000000,0.00,0.00,99.99,0,1,20:42:57,00
106069,-200,24289,0.00,0,1,0.00,0.0,3,61,-983,22,985,0,0.0000000,0.0000000,0.00,0.00,99.99,0,1,20:42:57,00
106525,-201,24289,0.00,0,1,0.00,0.0,3,60,-983,21,985,0,0.0000000,0.0000000,0.00,0.00,99.99,0,1,20:42:58,00
106983,-193,24289,0.00,0,1,0.00,0.0,3,61,-983,22,985,0,0.0000000,0.0000000,0.00,0.00,99.99,0,1,20:42:58,00
107450,-207,24289,0.00,0,1,0.00,0.0,3,65,-982,21,985,0,0.0000000,0.0000000,0.00,0.00,99.99,0,1,20:42:59,00
107916,-195,24289,0.00,0,1,0.00,0.0,3,61,-982,21,985,0,0.0000000,0.0000000,0.00,0.00,99.99,0,1,20:42:59,00
108368,-182,24289,0.00,0,1,0.00,0.0,3,60,-982,19,984,0,0.0000000,0.0000000,0.00,0.00,99.99,0,1,20:43:00,00
108836,-207,24289,0.00,0,1,0.00,0.0,3,64,-983,20,985,0,0.0000000,0.0000000,0.00,0.00,99.99,0,1,20:43:00,00
109303,-198,24289,0.00,0,1,0.00,0.0,3,63,-981,20,984,0,0.0000000,0.0000000,0.00,0.00,99.99,0,1,20:43:00,00
109774,-181,24289,0.00,0,1,0.00,0.0,3,62,-982,20,985,0,0.0000000,0.0000000,0.00,0.00,99.99,0,1,20:43:01,00
110236,-172,24289,0.00,0,1,0.00,0.0,3,60,-982,20,984,0,0.0000000,0.0000000,0.00,0.00,99.99,0,1,20:43:01,00
110691,-184,24289,0.00,0,1,0.00,0.0,3,63,-981,9,983,0,0.0000000,0.0000000,0.00,0.00,99.99,0,1,20:43:02,00
111151,-179,24289,0.00,0,1,0.00,0.0,3,61,-985,37,987,0,0.0000000,0.0000000,0.00,0.00,99.99,0,1,20:43:02,00
111607,-175,24289,0.00,0,1,0.00,0.0,3,65,-981,14,984,0,0.0000000,0.0000000,0.00,0.00,99.99,0,1,20:43:03,00
112139,-199,24289,0.00,0,1,0.00,0.0,3,63,-983,20,985,0,0.0000000,0.0000000,0.00,0.00,99.99,0,1,20:43:03,00
112589,-204,24289,0.00,0,1,0.00,0.0,3,62,-983,19,985,0,0.0000000,0.0000000,0.00,0.00,99.99,0,1,20:43:04,00
113040,-192,24289,0.00,0,1,0.00,0.0,3,51,-986,23,988,0,0.0000000,0.0000000,0.00,0.00,99.99,0,1,20:43:04,00
113493,-214,24289,0.00,0,1,0.00,0.0,3,57,-981,20,983,0,0.0000000,0.0000000,0.00,0.00,99.99,0,1,20:43:05,00
113949,-216,24289,0.00,0,1,0.00,0.0,3,61,-983,20,985,0,0.0000000,0.0000000,0.00,0.00,99.99,0,1,20:43:05,00
114389,-211,24289,0.00,0,1,0.00,0.0,3,61,-983,20,985,0,0.0000000,0.0000000,0.00,0.00,99.99,0,1,20:43:06,00
114847,-218,24289,0.00,0,1,0.00,0.0,3,60,-983,21,985,0,0.0000000,0.0000000,0.00,0.00,99.99,0,1,20:43:06,00
115307,-192,24289,0.00,0,1,0.00,0.0,3,61,-982,17,984,0,0.0000000,0.0000000,0.00,0.00,99.99,0,1,20:43:06,00
115760,-194,24289,0.00,0,1,0.00,0.0,3,21,-988,16,989,0,0.0000000,0.0000000,0.00,0.00,99.99,0,1,20:43:07,00
116218,-179,24289,0.00,0,1,0.00,0.0,3,99,-977,23,982,0,0.0000000,0.0000000,0.00,0.00,99.99,0,1,20:43:07,00
116682,-181,24289,0.00,0,1,0.00,0.0,3,110,-976,14,982,0,0.0000000,0.0000000,0.00,0.00,99.99,0,1,20:43:08,00
117159,-181,24289,0.00,0,1,0.00,0.0,3,171,-961,-18,977,0,0.0000000,0.0000000,0.00,0.00,99.99,0,1,20:43:08,00
117623,-189,24289,0.00,0,1,0.00,0.0,4,40,-993,26,994,0,0.0000000,0.0000000,0.00,0.00,99.99,0,1,20:43:09,00
118084,-193,24289,0.00,0,1,0.00,0.0,4,71,-984,22,987,0,0.0000000,0.0000000,0.00,0.00,99.99,0,1,20:43:09,00
118546,-197,24289,0.00,0,1,0.00,0.0,4,51,-987,20,988,0,0.0000000,0.0000000,0.00,0.00,99.99,0,1,20:43:10,00
119019,-200,24289,0.00,0,1,0.57,6.0,6,84,-978,10,981,0,0.0000000,0.0000000,0.00,0.00,99.99,0,1,20:43:10,00
119481,-197,24289,0.00,0,1,0.57,6.0,6,66,-983,8,985,0,0.0000000,0.0000000,0.00,0.00,99.99,0,1,20:43:11,00
119942,-179,24289,0.00,0,1,0.52,5.4,7,61,-985,16,987,0,0.0000000,0.0000000,0.00,0.00,99.99,0,1,20:43:11,00
120387,-167,24289,0.00,0,1,4.47,46.7,8,75,-979,16,982,0,0.0000000,0.0000000,0.00,0.00,99.99,0,1,20:43:12,00
120849,-173,24289,0.00,0,1,4.47,46.7,8,68,-982,16,985,0,0.0000000,0.0000000,0.00,0.00,99.99,0,1,20:43:12,00
121316,-163,24289,0.00,0,1,4.47,46.7,8,70,-981,19,984,0,0.0000000,0.0000000,0.00,0.00,99.99,0,1,20:43:12,00
121782,-162,24289,0.00,0,1,4.47,46.7,8,63,-984,17,986,0,0.0000000,0.0000000,0.00,0.00,99.99,0,1,20:43:13,00
122244,-165,24289,0.00,0,1,0.00,0.0,8,64,-983,19,985,0,0.0000000,0.0000000,0.00,0.00,99.99,0,1,20:43:13,00
122705,-194,24289,0.00,0,1,0.00,0.0,8,64,-983,19,985,0,0.0000000,0.0000000,0.00,0.00,99.99,0,1,20:43:14,00
123166,-199,24289,0.00,0,1,0.00,0.0,8,64,-982,20,984,0,0.0000000,0.0000000,0.00,0.00,99.99,0,1,20:43:14,00
123632,-189,24289,0.00,0,1,0.00,0.0,8,64,-982,19,985,0,0.0000000,0.0000000,0.00,0.00,99.99,0,1,20:43:15,00
124094,-182,24289,0.00,0,1,0.00,0.0,9,65,-983,22,985,0,0.0000000,0.0000000,0.00,0.00,99.99,0,1,20:43:15,00
124560,-181,24289,0.00,0,1,0.00,0.0,9,63,-984,23,986,0,0.0000000,0.0000000,0.00,0.00,99.99,0,1,20:43:16,00
125027,-187,24289,0.00,0,1,0.39,4.1,10,63,-983,20,986,0,0.0000000,0.0000000,0.00,0.00,99.99,0,1,20:43:16,00
125489,-178,24289,0.00,0,1,1.84,19.2,11,65,-980,21,982,0,0.0000000,0.0000000,0.00,0.00,99.99,0,1,20:43:17,00
125961,76,24289,0.00,0,1,0.99,10.3,12,64,-983,25,985,0,0.0000000,0.0000000,0.00,0.00,99.99,0,1,20:43:17,00
126399,186,24289,0.00,0,1,0.99,10.3,12,57,-982,38,985,0,0.0000000,0.0000000,0.00,0.00,99.99,0,1,20:43:18,00
126933,-200,24289,0.00,0,1,0.99,10.3,12,61,-983,22,986,0,0.0000000,0.0000000,0.00,0.00,99.99,0,1,20:43:18,00
127364,-103,24289,0.00,0,1,0.99,10.3,12,65,-982,25,985,0,0.0000000,0.0000000,0.00,0.00,99.99,0,1,20:43:19,00
127814,142,24289,0.00,0,1,0.00,0.0,12,45,-987,33,988,0,0.0000000,0.0000000,0.00,0.00,99.99,0,1,20:43:19,00
128278,603,24289,0.00,0,1,0.00,0.0,12,54,-981,34,983,0,0.0000000,0.0000000,0.00,0.00,99.99,0,1,20:43:19,00
128730,867,24289,0.00,0,1,0.00,0.0,12,60,-986,17,988,0,0.0000000,0.0000000,0.00,0.00,99.99,0,1,20:43:20,00
129189,921,24289,0.00,0,1,0.00,0.0,12,61,-983,19,985,0,0.0000000,0.0000000,0.00,0.00,99.99,0,1,20:43:20,00
129639,657,24289,0.00,0,1,0.00,0.0,12,76,-978,27,982,0,0.0000000,0.0000000,0.00,0.00,99.99,0,1,20:43:21,00
130096,588,24289,0.00,0,1,0.00,0.0,12,64,-979,19,981,0,0.0000000,0.0000000,0.00,0.00,99.99,0,1,20:43:21,00
130552,513,24289,0.00,0,1,0.00,0.0,12,65,-979,14,981,0,0.0000000,0.0000000,0.00,0.00,99.99,0,1,20:43:22,00
131009,455,24289,0.00,0,1,0.00,0.0,12,68,-991,7,993,0,0.0000000,0.0000000,0.00,0.00,99.99,0,1,20:43:22,00
131460,419,24289,0.00,0,1,0.00,0.0,12,58,-986,23,988,0,0.0000000,0.0000000,0.00,0.00,99.99,0,1,20:43:23,00
131914,397,24289,0.00,0,1,0.00,0.0,12,63,-988,14,990,0,0.0000000,0.0000000,0.00,0.00,99.99,0,1,20:43:23,00
132348,407,24289,0.00,0,1,0.00,0.0,12,54,-973,26,975,0,0.0000000,0.0000000,0.00,0.00,99.99,0,1,20:43:24,00
132811,379,24289,0.00,0,1,0.00,0.0,12,56,-983,21,985,0,0.0000000,0.0000000,0.00,0.00,99.99,0,1,20:43:24,00
133278,369,24289,0.00,0,1,0.00,0.0,12,57,-1001,20,1002,0,0.0000000,0.0000000,0.00,0.00,99.99,0,1,20:43:24,00
133733,373,24289,0.00,0,1,0.00,0.0,12,64,-974,7,976,0,0.0000000,0.0000000,0.00,0.00,99.99,0,1,20:43:25,00
134202,345,24289,0.00,0,1,0.00,0.0,12,63,-993,24,995,0,0.0000000,0.0000000,0.00,0.00,99.99,0,1,20:43:25,00
134659,327,24289,0.00,0,1,0.00,0.0,12,50,-991,39,993,0,0.0000000,0.0000000,0.00,0.00,99.99,0,1,20:43:26,00
135121,346,24289,0.00,0,1,0.00,0.0,12,56,-988,17,990,0,0.0000000,0.0000000,0.00,0.00,99.99,0,1,20:43:26,00
135584,327,24289,0.00,0,1,0.00,0.0,12,74,-978,8,980,0,0.0000000,0.0000000,0.00,0.00,99.99,0,1,20:43:27,00
136042,327,24289,0.00,0,1,0.00,0.0,12,59,-984,8,986,0,0.0000000,0.0000000,0.00,0.00,99.99,0,1,20:43:27,00
136501,332,24289,0.00,0,1,0.00,0.0,12,49,-988,14,989,0,0.0000000,0.0000000,0.00,0.00,99.99,0,1,20:43:28,00
136961,325,24289,0.00,0,1,0.00,0.0,12,60,-984,30,987,0,0.0000000,0.0000000,0.00,0.00,99.99,0,1,20:43:28,00
137421,325,24289,0.00,0,1,0.00,0.0,12,55,-978,16,980,0,0.0000000,0.0000000,0.00,0.00,99.99,0,1,20:43:29,00
137886,324,24289,0.00,0,1,0.00,0.0,12,67,-976,13,978,0,0.0000000,0.0000000,0.00,0.00,99.99,0,1,20:43:29,00
138325,338,24289,0.00,0,1,0.00,0.0,12,64,-976,10,978,0,0.0000000,0.0000000,0.00,0.00,99.99,0,1,20:43:29,00
138788,347,24289,0.00,0,1,0.00,0.0,12,68,-977,30,980,0,0.0000000,0.0000000,0.00,0.00,99.99,0,1,20:43:30,00
139247,304,24289,0.00,0,1,0.00,0.0,12,64,-980,18,982,0,0.0000000,0.0000000,0.00,0.00,99.99,0,1,20:43:30,00
139721,302,24289,0.00,0,1,0.00,0.0,12,53,-989,19,990,0,0.0000000,0.0000000,0.00,0.00,99.99,0,1,20:43:31,00
140186,309,24289,0.00,0,1,0.00,0.0,12,64,-974,-6,976,0,0.0000000,0.0000000,0.00,0.00,99.99,0,1,20:43:31,00
140653,331,24289,0.00,0,1,0.00,0.0,12,65,-979,45,982,0,0.0000000,0.0000000,0.00,0.00,99.99,0,1,20:43:32,00
141129,319,24289,0.00,0,1,0.00,0.0,12,52,-983,19,985,0,0.0000000,0.0000000,0.00,0.00,99.99,0,1,20:43:32,00
141667,332,24289,0.00,0,1,0.00,0.0,12,71,-973,41,976,0,0.0000000,0.0000000,0.00,0.00,99.99,0,1,20:43:33,00
142128,-190,24289,0.00,0,1,0.00,0.0,12,70,-981,9,984,0,0.0000000,0.0000000,0.00,0.00,99.99,0,1,20:43:33,00
142586,-191,24289,0.00,0,1,0.00,0.0,12,58,-971,29,973,0,0.0000000,0.0000000,0.00,0.00,99.99,0,1,20:43:34,00
143051,-193,24289,0.00,0,1,0.00,0.0,12,65,-979,20,981,0,0.0000000,0.0000000,0.00,0.00,99.99,0,1,20:43:34,00
143517,-199,24289,0.00,0,1,0.00,0.0,12,74,-987,10,990,0,0.0000000,0.0000000,0.00,0.00,99.99,0,1,20:43:35,00
143978,-198,24289,0.00,0,1,0.00,0.0,12,66,-981,25,983,0,0.0000000,0.0000000,0.00,0.00,99.99,0,1,20:43:35,00
144441,-195,24289,0.00,0,1,0.00,0.0,12,46,-984,25,985,0,0.0000000,0.0000000,0.00,0.00,99.99,0,1,20:43:36,00
144905,-196,24289,0.00,0,1,0.00,0.0,12,71,-984,17,987,0,0.0000000,0.0000000,0.00,0.00,99.99,0,1,20:43:36,00
145331,-193,24289,0.00,0,1,0.00,0.0,12,68,-983,27,986,0,0.0000000,0.0000000,0.00,0.00,99.99,0,1,20:43:37,00
145786,-190,24289,0.00,0,1,0.00,0.0,12,63,-984,27,986,0,0.0000000,0.0000000,0.00,0.00,99.99,0,1,20:43:37,00
146239,-171,24289,0.00,0,1,0.00,0.0,12,63,-982,18,984,0,0.0000000,0.0000000,0.00,0.00,99.99,0,1,20:43:37,00
146704,-175,24289,0.00,0,1,0.00,0.0,12,63,-982,15,984,0,0.0000000,0.0000000,0.00,0.00,99.99,0,1,20:43:38,00
147166,-184,24289,0.00,0,1,0.00,0.0,12,65,-982,18,984,0,0.0000000,0.0000000,0.00,0.00,99.99,0,1,20:43:38,00
147626,-181,24289,0.00,0,1,0.00,0.0,12,60,-983,21,985,0,0.0000000,0.0000000,0.00,0.00,99.99,0,1,20:43:39,00
148093,-185,24289,0.00,0,1,0.00,0.0,12,64,-981,16,984,0,0.0000000,0.0000000,0.00,0.00,99.99,0,1,20:43:39,00
148551,-173,24289,0.00,0,1,0.00,0.0,12,66,-982,27,984,0,0.0000000,0.0000000,0.00,0.00,99.99,0,1,20:43:40,00
149015,-170,24289,0.00,0,1,0.00,0.0,12,61,-983,20,985,0,0.0000000,0.0000000,0.00,0.00,99.99,0,1,20:43:40,00
149471,-184,24289,0.00,0,1,0.00,0.0,12,63,-982,21,985,0,0.0000000,0.0000000,0.00,0.00,99.99,0,1,20:43:41,00
149931,-176,24289,0.00,0,1,0.00,0.0,12,61,-983,13,985,0,0.0000000,0.0000000,0.00,0.00,99.99,0,1,20:43:41,00
150371,-173,24289,0.00,0,1,0.00,0.0,12,60,-983,19,985,0,0.0000000,0.0000000,0.00,0.00,99.99,0,1,20:43:42,00
150834,-174,24289,0.00,0,1,0.00,0.0,12,60,-984,23,986,0,0.0000000,0.0000000,0.00,0.00,99.99,0,1,20:43:42,00
151285,-175,24289,0.00,0,1,0.00,0.0,12,61,-982,19,984,0,0.0000000,0.0000000,0.00,0.00,99.99,0,1,20:43:42,00
151758,-178,24289,0.00,0,1,0.00,0.0,12,63,-983,22,985,0,0.0000000,0.0000000,0.00,0.00,99.99,0,1,20:43:43,00
152225,-165,24289,0.00,0,1,0.00,0.0,12,67,-982,20,984,0,0.0000000,0.0000000,0.00,0.00,99.99,0,1,20:43:43,00
152683,-184,24289,0.00,0,1,0.00,0.0,12,66,-980,18,983,0,0.0000000,0.0000000,0.00,0.00,99.99,0,1,20:43:44,00
153145,-179,24289,0.00,0,1,0.00,0.0,12,64,-983,29,986,0,0.0000000,0.0000000,0.00,0.00,99.99,0,1,20:43:44,00
153618,-165,24289,0.00,0,1,0.00,0.0,12,68,-981,22,983,0,0.0000000,0.0000000,0.00,0.00,99.99,0,1,20:43:45,00
154088,-171,24289,0.00,0,1,0.00,0.0,12,56,-984,24,986,0,0.0000000,0.0000000,0.00,0.00,99.99,0,1,20:43:45,00
154557,-185,24289,0.00,0,1,0.00,0.0,12,71,-983,24,986,0,0.0000000,0.0000000,0.00,0.00,99.99,0,1,20:43:46,00
155024,-188,24289,0.00,0,1,0.00,0.0,12,59,-983,20,985,0,0.0000000,0.0000000,0.00,0.00,99.99,0,1,20:43:46,00
155482,-185,24289,0.00,0,1,0.00,0.0,12,64,-982,17,984,0,0.0000000,0.0000000,0.00,0.00,99.99,0,1,20:43:47,00
155950,-184,24289,0.00,0,1,0.00,0.0,12,62,-982,19,984,0,0.0000000,0.0000000,0.00,0.00,99.99,0,1,20:43:47,00
156489,-188,24289,0.00,0,1,0.00,0.0,12,58,-984,22,986,0,0.0000000,0.0000000,0.00,0.00,99.99,0,1,20:43:48,00
156943,-183,24289,0.00,0,1,0.00,0.0,12,61,-983,21,985,0,0.0000000,0.0000000,0.00,0.00,99.99,0,1,20:43:48,00
157369,-185,24289,0.00,0,1,0.00,0.0,12,55,-984,26,986,0,0.0000000,0.0000000,0.00,0.00,99.99,0,1,20:43:49,00
157827,-188,24289,0.00,0,1,0.00,0.0,12,58,-984,25,986,0,0.0000000,0.0000000,0.00,0.00,99.99,0,1,20:43:49,00
158295,-157,24289,0.00,0,1,0.00,0.0,12,65,-983,23,985,0,0.0000000,0.0000000,0.00,0.00,99.99,0,1,20:43:49,00
158756,199,24289,0.00,0,1,0.00,0.0,12,57,-981,16,982,0,0.0000000,0.0000000,0.00,0.00,99.99,0,1,20:43:50,00
159212,538,24289,0.00,0,1,0.00,0.0,12,40,-984,15,985,0,0.0000000,0.0000000,0.00,0.00,99.99,0,1,20:43:50,00
159663,770,24289,0.00,0,1,0.00,0.0,12,48,-982,27,984,0,0.0000000,0.0000000,0.00,0.00,99.99,0,1,20:43:51,00
160123,1092,24289,0.00,0,1,0.00,0.0,12,69,-986,15,988,0,0.0000000,0.0000000,0.00,0.00,99.99,0,1,20:43:51,00
160591,784,24289,0.00,0,1,0.00,0.0,12,53,-975,32,977,0,0.0000000,0.0000000,0.00,0.00,99.99,0,1,20:43:52,00
161046,650,24289,0.00,0,1,0.00,0.0,12,61,-986,35,988,0,0.0000000,0.0000000,0.00,0.00,99.99,0,1,20:43:52,00
161519,541,24289,0.00,0,1,0.00,0.0,12,63,-984,20,986,0,0.0000000,0.0000000,0.00,0.00,99.99,0,1,20:43:53,00
161981,488,24289,0.00,0,1,0.00,0.0,12,50,-988,29,989,0,0.0000000,0.0000000,0.00,0.00,99.99,0,1,20:43:53,00
162432,-197,24289,0.00,0,1,0.00,0.0,12,60,-989,28,991,0,0.0000000,0.0000000,0.00,0.00,99.99,0,1,20:43:54,00
162901,-205,24289,0.00,0,1,0.00,0.0,12,48,-984,86,989,0,0.0000000,0.0000000,0.00,0.00,99.99,0,1,20:43:54,00
163359,-203,24289,0.00,0,1,0.00,0.0,12,54,-979,25,981,0,0.0000000,0.0000000,0.00,0.00,99.99,0,1,20:43:55,00
163837,-205,24289,0.00,0,1,0.00,0.0,12,64,-982,10,984,0,0.0000000,0.0000000,0.00,0.00,99.99,0,1,20:43:55,00
164296,-178,24289,0.00,0,1,0.00,0.0,12,33,-983,101,989,0,0.0000000,0.0000000,0.00,0.00,99.99,0,1,20:43:55,00
164774,-172,24289,0.00,0,1,0.00,0.0,12,57,-983,23,985,0,0.0000000,0.0000000,0.00,0.00,99.99,0,1,20:43:56,00
165254,-173,24289,0.00,0,1,0.00,0.0,12,49,-985,23,987,0,0.0000000,0.0000000,0.00,0.00,99.99,0,1,20:43:56,00
165736,-175,24289,0.00,0,1,0.00,0.0,12,61,-985,21,987,0,0.0000000,0.0000000,0.00,0.00,99.99,0,1,20:43:57,00
166212,-179,24289,0.00,0,1,0.00,0.0,12,60,-984,23,986,0,0.0000000,0.0000000,0.00,0.00,99.99,0,1,20:43:57,00
166684,-198,24289,0.00,0,1,0.00,0.0,12,58,-983,26,985,0,0.0000000,0.0000000,0.00,0.00,99.99,0,1,20:43:58,00
167162,-197,24289,0.00,0,1,0.00,0.0,12,62,-982,20,984,0,0.0000000,0.0000000,0.00,0.00,99.99,0,1,20:43:58,00
167628,-193,24289,0.00,0,1,0.00,0.0,12,62,-980,15,983,0,0.0000000,0.0000000,0.00,0.00,99.99,0,1,20:43:59,00
168091,-197,24289,0.00,0,1,0.00,0.0,12,59,-983,19,985,0,0.0000000,0.0000000,0.00,0.00,99.99,0,1,20:43:59,00
168555,-198,24289,0.00,0,1,0.00,0.0,12,62,-982,21,984,0,0.0000000,0.0000000,0.00,0.00,99.99,0,1,20:44:00,00
169026,-178,24289,0.00,0,1,0.00,0.0,12,64,-982,21,984,0,0.0000000,0.0000000,0.00,0.00,99.99,0,1,20:44:00,00
169494,-184,24289,0.00,0,1,0.00,0.0,12,63,-981,15,984,0,0.0000000,0.0000000,0.00,0.00,99.99,0,1,20:44:01,00
169976,-183,24289,0.00,0,1,0.00,0.0,12,59,-983,17,985,0,0.0000000,0.0000000,0.00,0.00,99.99,0,1,20:44:01,00
170441,-176,24289,0.00,0,1,0.00,0.0,12,62,-982,19,984,0,0.0000000,0.0000000,0.00,0.00,99.99,0,1,20:44:02,00
170919,-178,24289,0.00,0,1,0.00,0.0,12,62,-983,20,985,0,0.0000000,0.0000000,0.00,0.00,99.99,0,1,20:44:02,00
171462,-187,24289,0.00,0,1,0.00,0.0,12,61,-983,23,985,0,0.0000000,0.0000000,0.00,0.00,99.99,0,1,20:44:03,00
171934,-177,24289,0.00,0,1,0.00,0.0,12,62,-981,16,983,0,0.0000000,0.0000000,0.00,0.00,99.99,0,1,20:44:03,00
172378,-183,24289,0.00,0,1,0.00,0.0,12,62,-983,21,985,0,0.0000000,0.0000000,0.00,0.00,99.99,0,1,20:44:04,00
172842,-169,24289,0.00,0,1,0.00,0.0,12,60,-983,20,985,0,0.0000000,0.0000000,0.00,0.00,99.99,0,1,20:44:04,00
173298,-181,24289,0.00,0,1,0.00,0.0,12,60,-979,7,981,0,0.0000000,0.0000000,0.00,0.00,99.99,0,1,20:44:04,00
173769,-187,24289,0.00,0,1,0.00,0.0,12,59,-982,14,984,0,0.0000000,0.0000000,0.00,0.00,99.99,0,1,20:44:05,00
174245,-184,24289,0.00,0,1,0.00,0.0,12,57,-986,16,988,0,0.0000000,0.0000000,0.00,0.00,99.99,0,1,20:44:05,00
174727,-175,24289,0.00,0,1,0.00,0.0,12,66,-984,34,986,0,0.0000000,0.0000000,0.00,0.00,99.99,0,1,20:44:06,00
175192,-175,24289,0.00,0,1,0.00,0.0,12,61,-982,21,985,0,0.0000000,0.0000000,0.00,0.00,99.99,0,1,20:44:06,00
175665,-179,24289,0.00,0,1,0.00,0.0,12,61,-982,19,985,0,0.0000000,0.0000000,0.00,0.00,99.99,0,1,20:44:07,00
176127,-183,24289,0.00,0,1,0.00,0.0,12,63,-982,21,984,0,0.0000000,0.0000000,0.00,0.00,99.99,0,1,20:44:07,00
176605,-194,24289,0.00,0,1,0.00,0.0,12,60,-982,24,984,0,0.0000000,0.0000000,0.00,0.00,99.99,0,1,20:44:08,00
177078,-176,24289,0.00,0,1,0.00,0.0,12,63,-982,19,984,0,0.0000000,0.0000000,0.00,0.00,99.99,0,1,20:44:08,00
177542,-164,24289,0.00,0,1,0.00,0.0,12,62,-983,22,985,0,0.0000000,0.0000000,0.00,0.00,99.99,0,1,20:44:09,00
178008,-169,24289,0.00,0,1,0.00,0.0,12,61,-982,20,984,0,0.0000000,0.0000000,0.00,0.00,99.99,0,1,20:44:09,00
178480,-193,24289,0.00,0,1,0.00,0.0,12,63,-982,20,984,0,0.0000000,0.0000000,0.00,0.00,99.99,0,1,20:44:10,00
178943,-11,24289,0.00,0,1,0.00,0.0,12,61,-982,30,985,0,0.0000000,0.0000000,0.00,0.00,99.99,0,1,20:44:10,00
179397,269,24289,0.00,0,1,0.00,0.0,12,58,-985,18,986,0,0.0000000,0.0000000,0.00,0.00,99.99,0,1,20:44:11,00
179876,569,24289,0.00,0,1,0.00,0.0,12,45,-985,12,986,0,0.0000000,0.0000000,0.00,0.00,99.99,0,1,20:44:11,00
180310,937,24289,0.00,0,1,0.00,0.0,12,42,-991,6,992,0,0.0000000,0.0000000,0.00,0.00,99.99,0,1,20:44:11,00
180778,1050,24289,0.00,0,1,0.00,0.0,12,61,-985,0,987,0,0.0000000,0.0000000,0.00,0.00,99.99,0,1,20:44:12,00
181245,733,24289,0.00,0,1,0.00,0.0,12,52,-984,27,985,0,0.0000000,0.0000000,0.00,0.00,99.99,0,1,20:44:12,00
181711,619,24289,0.00,0,1,0.00,0.0,12,56,-980,32,982,0,0.0000000,0.0000000,0.00,0.00,99.99,0,1,20:44:13,00
182176,550,24289,0.00,0,1,0.00,0.0,12,73,-974,29,977,0,0.0000000,0.0000000,0.00,0.00,99.99,0,1,20:44:13,00
182636,519,24289,0.00,0,1,0.00,0.0,12,67,-983,19,985,0,0.0000000,0.0000000,0.00,0.00,99.99,0,1,20:44:14,00
183116,439,24289,0.00,0,1,0.00,0.0,12,63,-986,12,988,0,0.0000000,0.0000000,0.00,0.00,99.99,0,1,20:44:14,00
183581,446,24289,0.00,0,1,0.00,0.0,12,58,-974,19,975,0,0.0000000,0.0000000,0.00,0.00,99.99,0,1,20:44:15,00
184052,408,24289,0.00,0,1,0.00,0.0,12,65,-997,32,1000,0,0.0000000,0.0000000,0.00,0.00,99.99,0,1,20:44:15,00
184521,399,24289,0.00,0,1,0.00,0.0,12,64,-975,16,978,0,0.0000000,0.0000000,0.00,0.00,99.99,0,1,20:44:16,00
184986,374,24289,0.00,0,1,0.00,0.0,12,57,-972,27,974,0,0.0000000,0.0000000,0.00,0.00,99.99,0,1,20:44:16,00
185446,-174,24289,0.00,0,1,0.00,0.0,12,70,-980,31,983,0,0.0000000,0.0000000,0.00,0.00,99.99,0,1,20:44:17,00
185906,-186,24289,0.00,0,1,0.00,0.0,12,53,-982,68,986,0,0.0000000,0.0000000,0.00,0.00,99.99,0,1,20:44:17,00
186438,-197,24289,0.00,0,1,0.00,0.0,12,58,-980,39,982,0,0.0000000,0.0000000,0.00,0.00,99.99,0,1,20:44:18,00
186888,-196,24289,0.00,0,1,0.00,0.0,12,55,-984,12,985,0,0.0000000,0.0000000,0.00,0.00,99.99,0,1,20:44:18,00
187319,-198,24289,0.00,0,1,0.00,0.0,12,79,-982,-11,985,0,0.0000000,0.0000000,0.00,0.00,99.99,0,1,20:44:19,00
187771,-199,24289,0.00,0,1,0.00,0.0,12,60,-982,23,984,0,0.0000000,0.0000000,0.00,0.00,99.99,0,1,20:44:19,00
188234,-199,24289,0.00,0,1,0.00,0.0,12,59,-984,21,986,0,0.0000000,0.0000000,0.00,0.00,99.99,0,1,20:44:19,00
188707,-200,24289,0.00,0,1,0.00,0.0,12,64,-981,19,984,0,0.0000000,0.0000000,0.00,0.00,99.99,0,1,20:44:20,00
189166,-179,24289,0.00,0,1,0.00,0.0,12,62,-983,20,985,0,0.0000000,0.0000000,0.00,0.00,99.99,0,1,20:44:20,00
189631,-175,24289,0.00,0,1,0.00,0.0,12,61,-983,21,985,0,0.0000000,0.0000000,0.00,0.00,99.99,0,1,20:44:21,00
190103,-174,24289,0.00,0,1,0.00,0.0,12,63,-982,19,984,0,0.0000000,0.0000000,0.00,0.00,99.99,0,1,20:44:21,00
190563,-181,24289,0.00,0,1,0.00,0.0,12,62,-982,18,984,0,0.0000000,0.0000000,0.00,0.00,99.99,0,1,20:44:22,00
191031,-188,24289,0.00,0,1,0.00,0.0,12,62,-981,15,983,0,0.0000000,0.0000000,0.00,0.00,99.99,0,1,20:44:22,00
191495,-185,24289,0.00,0,1,0.00,0.0,12,60,-982,18,984,0,0.0000000,0.0000000,0.00,0.00,99.99,0,1,20:44:23,00
191958,-194,24289,0.00,0,1,0.00,0.0,12,61,-982,19,984,0,0.0000000,0.0000000,0.00,0.00,99.99,0,1,20:44:23,00
192406,-163,24289,0.00,0,1,0.00,0.0,12,62,-982,16,984,0,0.0000000,0.0000000,0.00,0.00,99.99,0,1,20:44:24,00
192868,-180,24289,0.00,0,1,0.00,0.0,12,62,-982,20,984,0,0.0000000,0.0000000,0.00,0.00,99.99,0,1,20:44:24,00
193314,-165,24289,0.00,0,1,0.00,0.0,12,60,-983,21,985,0,0.0000000,0.0000000,0.00,0.00,99.99,0,1,20:44:24,00
193773,-174,24289,0.00,0,1,0.00,0.0,12,62,-982,19,984,0,0.0000000,0.0000000,0.00,0.00,99.99,0,1,20:44:25,00
194247,-178,24289,0.00,0,1,0.00,0.0,12,61,-982,21,984,0,0.0000000,0.0000000,0.00,0.00,99.99,0,1,20:44:25,00
194722,-196,24289,0.00,0,1,0.00,0.0,12,60,-983,22,985,0,0.0000000,0.0000000,0.00,0.00,99.99,0,1,20:44:26,00
195187,-199,24289,0.00,0,1,0.00,0.0,12,61,-983,20,985,0,0.0000000,0.0000000,0.00,0.00,99.99,0,1,20:44:26,00
195662,-179,24289,0.00,0,1,0.00,0.0,12,61,-982,18,984,0,0.0000000,0.0000000,0.00,0.00,99.99,0,1,20:44:27,00
196130,-199,24289,0.00,0,1,0.00,0.0,12,61,-982,19,984,0,0.0000000,0.0000000,0.00,0.00,99.99,0,1,20:44:27,00
196602,-200,24289,0.00,0,1,0.00,0.0,12,63,-982,23,984,0,0.0000000,0.0000000,0.00,0.00,99.99,0,1,20:44:28,00
197072,-177,24289,0.00,0,1,0.00,0.0,12,61,-982,20,984,0,0.0000000,0.0000000,0.00,0.00,99.99,0,1,20:44:28,00
197533,-198,24289,0.00,0,1,0.00,0.0,12,61,-983,21,985,0,0.0000000,0.0000000,0.00,0.00,99.99,0,1,20:44:29,00
197997,-186,24289,0.00,0,1,0.00,0.0,12,61,-982,19,984,0,0.0000000,0.0000000,0.00,0.00,99.99,0,1,20:44:29,00
198459,-171,24289,0.00,0,1,0.00,0.0,12,61,-983,18,985,0,0.0000000,0.0000000,0.00,0.00,99.99,0,1,20:44:30,00
198920,-157,24289,0.00,0,1,0.00,0.0,12,61,-982,17,984,0,0.0000000,0.0000000,0.00,0.00,99.99,0,1,20:44:30,00
199355,-199,24289,0.00,0,1,0.00,0.0,12,61,-983,19,985,0,0.0000000,0.0000000,0.00,0.00,99.99,0,1,20:44:31,00
199818,-201,24289,0.00,0,1,0.00,0.0,12,61,-983,19,985,0,0.0000000,0.0000000,0.00,0.00,99.99,0,1,20:44:31,00
200289,-170,24289,0.00,0,1,0.00,0.0,12,58,-983,19,985,0,0.0000000,0.0000000,0.00,0.00,99.99,0,1,20:44:31,00
200766,-164,24289,0.00,0,1,0.00,0.0,12,62,-982,19,984,0,0.0000000,0.0000000,0.00,0.00,99.99,0,1,20:44:32,00
201306,-181,24289,0.00,0,1,0.00,0.0,12,62,-982,23,984,0,0.0000000,0.0000000,0.00,0.00,99.99,0,1,20:44:32,00
201759,-189,24289,0.00,0,1,0.00,0.0,12,61,-982,20,984,0,0.0000000,0.0000000,0.00,0.00,99.99,0,1,20:44:33,00
202226,-186,24289,0.00,0,1,0.00,0.0,12,55,-984,19,986,0,0.0000000,0.0000000,0.00,0.00,99.99,0,1,20:44:33,00
202690,-181,24289,0.00,0,1,0.00,0.0,12,63,-981,21,983,0,0.0000000,0.0000000,0.00,0.00,99.99,0,1,20:44:34,00
203169,-167,24289,0.00,0,1,0.00,0.0,12,61,-983,22,985,0,0.0000000,0.0000000,0.00,0.00,99.99,0,1,20:44:34,00
203640,-181,24289,0.00,0,1,0.00,0.0,12,59,-984,26,986,0,0.0000000,0.0000000,0.00,0.00,99.99,0,1,20:44:35,00
204115,-176,24289,0.00,0,1,0.00,0.0,12,62,-983,17,985,0,0.0000000,0.0000000,0.00,0.00,99.99,0,1,20:44:35,00
204582,-184,24289,0.00,0,1,0.00,0.0,12,62,-982,22,984,0,0.0000000,0.0000000,0.00,0.00,99.99,0,1,20:44:36,00
205055,-171,24289,0.00,0,1,0.00,0.0,12,62,-982,21,984,0,0.0000000,0.0000000,0.00,0.00,99.99,0,1,20:44:36,00
205528,-188,24289,0.00,0,1,0.00,0.0,12,61,-983,20,985,0,0.0000000,0.0000000,0.00,0.00,99.99,0,1,20:44:37,00
206011,-176,24289,0.00,0,1,0.00,0.0,12,62,-982,20,984,0,0.0000000,0.0000000,0.00,0.00,99.99,0,1,20:44:37,00
206479,-176,24289,0.00,0,1,0.00,0.0,12,62,-981,20,983,0,0.0000000,0.0000000,0.00,0.00,99.99,0,1,20:44:38,00
206964,-170,24289,0.00,0,1,0.00,0.0,12,61,-983,21,985,0,0.0000000,0.0000000,0.00,0.00,99.99,0,1,20:44:38,00
207436,-177,24289,0.00,0,1,0.00,0.0,12,61,-982,18,984,0,0.0000000,0.0000000,0.00,0.00,99.99,0,1,20:44:39,00
207913,-183,24289,0.00,0,1,0.00,0.0,12,62,-983,21,985,0,0.0000000,0.0000000,0.00,0.00,99.99,0,1,20:44:39,00
208368,-182,24289,0.00,0,1,0.00,0.0,12,64,-980,16,983,0,0.0000000,0.0000000,0.00,0.00,99.99,0,1,20:44:40,00
208849,-180,24289,0.00,0,1,0.00,0.0,12,55,-985,30,987,0,0.0000000,0.0000000,0.00,0.00,99.99,0,1,20:44:40,00
209333,-169,24289,0.00,0,1,0.00,0.0,12,62,-982,9,984,0,0.0000000,0.0000000,0.00,0.00,99.99,0,1,20:44:41,00
209810,-189,24289,0.00,0,1,0.00,0.0,12,60,-982,16,984,0,0.0000000,0.0000000,0.00,0.00,99.99,0,1,20:44:41,00
210277,-187,24289,0.00,0,1,0.00,0.0,12,61,-983,23,985,0,0.0000000,0.0000000,0.00,0.00,99.99,0,1,20:44:41,00
210756,-170,24289,0.00,0,1,0.00,0.0,12,61,-982,16,984,0,0.0000000,0.0000000,0.00,0.00,99.99,0,1,20:44:42,00
211241,-191,24289,0.00,0,1,0.00,0.0,12,61,-983,21,985,0,0.0000000,0.0000000,0.00,0.00,99.99,0,1,20:44:42,00
211729,-177,24289,0.00,0,1,0.00,0.0,12,63,-982,20,985,0,0.0000000,0.0000000,0.00,0.00,99.99,0,1,20:44:43,00
212221,-196,24289,0.00,0,1,0.00,0.0,12,61,-982,18,984,0,0.0000000,0.0000000,0.00,0.00,99.99,0,1,20:44:43,00
212707,-201,24289,0.00,0,1,0.00,0.0,12,61,-983,21,985,0,0.0000000,0.0000000,0.00,0.00,99.99,0,1,20:44:44,00
213200,-191,24289,0.00,0,1,0.00,0.0,12,60,-982,20,984,0,0.0000000,0.0000000,0.00,0.00,99.99,0,1,20:44:44,00
213690,-167,24289,0.00,0,1,0.00,0.0,12,61,-981,19,983,0,0.0000000,0.0000000,0.00,0.00,99.99,0,1,20:44:45,00
214169,-161,24289,0.00,0,1,0.00,0.0,12,61,-983,18,985,0,0.0000000,0.0000000,0.00,0.00,99.99,0,1,20:44:45,00
214669,-167,24289,0.00,0,1,0.00,0.0,12,61,-982,19,984,0,0.0000000,0.0000000,0.00,0.00,99.99,0,1,20:44:46,00
215152,-165,24289,0.00,0,1,0.00,0.0,12,61,-982,18,984,0,0.0000000,0.0000000,0.00,0.00,99.99,0,1,20:44:46,00
215628,-162,24289,0.00,0,1,0.00,0.0,12,61,-982,21,984,0,0.0000000,0.0000000,0.00,0.00,99.99,0,1,20:44:47,00
216120,-186,24289,0.00,0,1,0.00,0.0,12,62,-982,18,984,0,0.0000000,0.0000000,0.00,0.00,99.99,0,1,20:44:47,00
216680,-187,24289,0.00,0,1,0.00,0.0,12,62,-982,21,984,0,0.0000000,0.0000000,0.00,0.00,99.99,0,1,20:44:48,00
217154,-200,24289,0.00,0,1,0.00,0.0,12,61,-982,19,984,0,0.0000000,0.0000000,0.00,0.00,99.99,0,1,20:44:48,00
217627,-197,24289,0.00,0,1,0.00,0.0,12,62,-982,17,984,0,0.0000000,0.0000000,0.00,0.00,99.99,0,1,20:44:49,00
218094,-169,24289,0.00,0,1,0.00,0.0,12,61,-982,18,984,0,0.0000000,0.0000000,0.00,0.00,99.99,0,1,20:44:49,00
218558,-168,24289,0.00,0,1,0.00,0.0,12,62,-983,19,985,0,0.0000000,0.0000000,0.00,0.00,99.99,0,1,20:44:50,00
219036,-167,24289,0.00,0,1,0.00,0.0,12,62,-981,19,984,0,0.0000000,0.0000000,0.00,0.00,99.99,0,1,20:44:50,00
219487,-165,24289,0.00,0,1,0.00,0.0,12,61,-982,20,985,0,0.0000000,0.0000000,0.00,0.00,99.99,0,1,20:44:51,00
219969,-168,24289,0.00,0,1,0.00,0.0,12,61,-982,20,984,0,0.0000000,0.0000000,0.00,0.00,99.99,0,1,20:44:51,00
220446,-204,24289,0.00,0,1,0.00,0.0,12,61,-983,20,985,0,0.0000000,0.0000000,0.00,0.00,99.99,0,1,20:44:52,00
220932,-172,24289,0.00,0,1,0.00,0.0,12,61,-981,19,983,0,0.0000000,0.0000000,0.00,0.00,99.99,0,1,20:44:52,00
221377,-179,24289,0.00,0,1,0.00,0.0,12,61,-982,17,984,0,0.0000000,0.0000000,0.00,0.00,99.99,0,1,20:44:53,00
221851,-184,24289,0.00,0,1,0.00,0.0,12,61,-981,14,983,0,0.0000000,0.0000000,0.00,0.00,99.00,0,1,20:44:53,00
222313,-195,24289,0.00,0,1,0.00,0.0,12,61,-982,21,984,0,0.0000000,0.0000000,0.00,0.00,99.00,0,1,20:44:53,00
222787,-192,24289,0.00,0,1,0.00,0.0,12,64,-980,17,983,0,0.0000000,0.0000000,0.00,0.00,99.99,0,1,20:44:54,00
223271,-197,24289,0.00,0,1,0.00,0.0,12,60,-982,21,984,0,0.0000000,0.0000000,0.00,0.00,99.99,0,1,20:44:54,00
223757,-202,24289,0.00,0,1,0.00,0.0,12,64,-982,23,984,0,0.0000000,0.0000000,0.00,0.00,99.99,0,1,20:44:55,00
224228,-197,24289,0.00,0,1,0.00,0.0,12,60,-982,21,985,0,0.0000000,0.0000000,0.00,0.00,99.99,0,1,20:44:55,00
224711,-193,24289,0.00,0,1,0.00,0.0,12,61,-982,20,984,0,0.0000000,0.0000000,0.00,0.00,99.99,0,1,20:44:56,00
225179,-198,24289,0.00,0,1,0.00,0.0,12,62,-982,19,984,0,0.0000000,0.0000000,0.00,0.00,99.99,0,1,20:44:56,00
225644,-195,24289,0.00,0,1,0.00,0.0,12,61,-981,18,983,0,0.0000000,0.0000000,0.00,0.00,99.99,0,1,20:44:57,00
226130,-186,24289,0.00,0,1,0.00,0.0,12,62,-980,11,982,0,0.0000000,0.0000000,0.00,0.00,99.99,0,1,20:44:57,00
226595,-196,24289,0.00,0,1,0.00,0.0,12,62,-983,21,985,0,0.0000000,0.0000000,0.00,0.00,99.99,0,1,20:44:58,00
227072,-181,24289,0.00,0,1,0.00,0.0,12,59,-984,13,985,0,0.0000000,0.0000000,0.00,0.00,99.99,0,1,20:44:58,00
227546,-179,24289,0.00,0,1,0.00,0.0,12,60,-983,19,985,0,0.0000000,0.0000000,0.00,0.00,99.99,0,1,20:44:59,00
228019,-173,24289,0.00,0,1,0.00,0.0,12,61,-982,19,984,0,0.0000000,0.0000000,0.00,0.00,99.99,0,1,20:44:59,00
228503,-180,24289,0.00,0,1,0.00,0.0,12,62,-981,20,983,0,0.0000000,0.0000000,0.00,0.00,99.99,0,1,20:45:00,00
228973,-187,24289,0.00,0,1,0.00,0.0,12,61,-983,18,985,0,0.0000000,0.0000000,0.00,0.00,99.99,0,1,20:45:00,00
229455,-199,24289,0.00,0,1,0.00,0.0,12,62,-982,22,985,0,0.0000000,0.0000000,0.00,0.00,99.99,0,1,20:45:01,00
229934,-194,24289,0.00,0,1,0.00,0.0,12,60,-982,31,984,0,0.0000000,0.0000000,0.00,0.00,99.99,0,1,20:45:01,00
230388,-195,24289,0.00,0,1,0.00,0.0,12,61,-983,21,985,0,0.0000000,0.0000000,0.00,0.00,99.99,0,1,20:45:02,00
230878,-194,24289,0.00,0,1,0.00,0.0,12,62,-982,19,985,0,0.0000000,0.0000000,0.00,0.00,99.99,0,1,20:45:02,00
231334,-189,24289,0.00,0,1,0.00,0.0,12,62,-982,18,984,0,0.0000000,0.0000000,0.00,0.00,99.99,0,1,20:45:03,00
231883,-180,24289,0.00,0,1,0.00,0.0,12,62,-981,17,983,0,0.0000000,0.0000000,0.00,0.00,99.99,0,1,20:45:03,00
232331,-172,24289,0.00,0,1,0.00,0.0,12,64,-983,15,985,0,0.0000000,0.0000000,0.00,0.00,99.99,0,1,20:45:03,00
232791,-182,24289,0.00,0,1,0.00,0.0,12,62,-983,17,985,0,0.0000000,0.0000000,0.00,0.00,99.99,0,1,20:45:04,00
233262,-180,24289,0.00,0,1,0.00,0.0,12,62,-982,14,984,0,0.0000000,0.0000000,0.00,0.00,99.99,0,1,20:45:04,00
233724,-168,24289,0.00,0,1,0.00,0.0,12,63,-982,23,984,0,0.0000000,0.0000000,0.00,0.00,99.99,0,1,20:45:05,00
234200,-169,24289,0.00,0,1,0.00,0.0,12,59,-983,19,985,0,0.0000000,0.0000000,0.00,0.00,99.99,0,1,20:45:05,00
234662,-161,24289,0.00,0,1,0.00,0.0,12,63,-981,29,984,0,0.0000000,0.0000000,0.00,0.00,99.99,0,1,20:45:06,00
235135,-158,24289,0.00,0,1,0.00,0.0,12,64,-982,19,984,0,0.0000000,0.0000000,0.00,0.00,99.99,0,1,20:45:06,00
235605,-171,24289,0.00,0,1,0.00,0.0,12,62,-981,15,983,0,0.0000000,0.0000000,0.00,0.00,99.99,0,1,20:45:07,00
236069,-180,24289,0.00,0,1,0.00,0.0,12,61,-982,21,984,0,0.0000000,0.0000000,0.00,0.00,99.99,0,1,20:45:07,00
236533,-170,24289,0.00,0,1,0.00,0.0,12,62,-981,21,983,0,0.0000000,0.0000000,0.00,0.00,99.99,0,1,20:45:08,00
237003,-197,24289,0.00,0,1,0.00,0.0,12,63,-981,19,984,0,0.0000000,0.0000000,0.00,0.00,99.99,0,1,20:45:08,00
237470,-196,24289,0.00,0,1,0.00,0.0,12,64,-982,14,984,0,0.0000000,0.0000000,0.00,0.00,99.99,0,1,20:45:09,00
237949,-199,24289,0.00,0,1,0.00,0.0,12,59,-983,20,985,0,0.0000000,0.0000000,0.00,0.00,99.99,0,1,20:45:09,00
238399,-182,24289,0.00,0,1,0.00,0.0,12,60,-984,23,986,0,0.0000000,0.0000000,0.00,0.00,99.99,0,1,20:45:10,00
238867,-173,24289,0.00,0,1,0.00,0.0,12,63,-980,16,982,0,0.0000000,0.0000000,0.00,0.00,99.99,0,1,20:45:10,00
239318,-179,24289,0.00,0,1,0.00,0.0,12,60,-984,24,986,0,0.0000000,0.0000000,0.00,0.00,99.99,0,1,20:45:10,00
239799,-201,24289,0.00,0,1,0.00,0.0,12,62,-983,20,985,0,0.0000000,0.0000000,0.00,0.00,99.99,0,1,20:45:11,00
240268,-201,24289,0.00,0,1,0.00,0.0,12,61,-982,20,984,0,0.0000000,0.0000000,0.00,0.00,99.99,0,1,20:45:11,00
240738,-172,24289,0.00,0,1,0.00,0.0,12,61,-982,18,984,0,0.0000000,0.0000000,0.00,0.00,99.99,0,1,20:45:12,00
241214,-168,24289,0.00,0,1,0.00,0.0,12,61,-982,19,984,0,0.0000000,0.0000000,0.00,0.00,99.99,0,1,20:45:12,00
241693,-196,24289,0.00,0,1,0.00,0.0,12,62,-982,21,984,0,0.0000000,0.0000000,0.00,0.00,99.99,0,1,20:45:13,00
242169,-189,24289,0.00,0,1,0.00,0.0,12,61,-983,19,985,0,0.0000000,0.0000000,0.00,0.00,99.99,0,1,20:45:13,00
242649,-168,24289,0.00,0,1,0.00,0.0,12,62,-982,19,984,0,0.0000000,0.0000000,0.00,0.00,99.99,0,1,20:45:14,00
243125,-172,24289,0.00,0,1,0.00,0.0,12,62,-983,20,985,0,0.0000000,0.0000000,0.00,0.00,99.99,0,1,20:45:14,00
243595,-171,24289,0.00,0,1,0.00,0.0,12,61,-983,21,985,0,0.0000000,0.0000000,0.00,0.00,99.99,0,1,20:45:15,00
244063,-181,24289,0.00,0,1,0.00,0.0,12,61,-982,17,984,0,0.0000000,0.0000000,0.00,0.00,99.99,0,1,20:45:15,00
244527,-189,24289,0.00,0,1,0.00,0.0,12,60,-982,20,984,0,0.0000000,0.0000000,0.00,0.00,99.99,0,1,20:45:16,00
244997,-174,24289,0.00,0,1,0.00,0.0,12,61,-982,20,984,0,0.0000000,0.0000000,0.00,0.00,99.99,0,1,20:45:16,00
245464,-173,24289,0.00,0,1,0.00,0.0,12,62,-982,17,984,0,0.0000000,0.0000000,0.00,0.00,99.99,0,1,20:45:17,00
245931,-179,24289,0.00,0,1,0.00,0.0,12,61,-982,22,984,0,0.0000000,0.0000000,0.00,0.00,99.99,0,1,20:45:17,00
246379,-180,24289,0.00,0,1,0.00,0.0,12,61,-983,19,985,0,0.0000000,0.0000000,0.00,0.00,99.99,0,1,20:45:18,00
246933,-185,24289,0.00,0,1,0.00,0.0,12,61,-983,22,985,0,0.0000000,0.0000000,0.00,0.00,99.99,0,1,20:45:18,00
247353,-163,24289,0.00,0,1,0.00,0.0,12,61,-983,19,985,0,0.0000000,0.0000000,0.00,0.00,99.99,0,1,20:45:19,00
247809,-166,24289,0.00,0,1,0.00,0.0,12,65,-981,16,983,0,0.0000000,0.0000000,0.00,0.00,99.99,0,1,20:45:19,00
248282,-176,24289,0.00,0,1,0.00,0.0,12,59,-983,19,985,0,0.0000000,0.0000000,0.00,0.00,99.99,0,1,20:45:19,00
248748,-180,24289,0.00,0,1,0.00,0.0,12,61,-982,21,984,0,0.0000000,0.0000000,0.00,0.00,99.99,0,1,20:45:20,00
249221,-179,24289,0.00,0,1,0.00,0.0,12,62,-982,18,984,0,0.0000000,0.0000000,0.00,0.00,99.99,0,1,20:45:20,00
249685,-161,24289,0.00,0,1,0.00,0.0,12,63,-982,19,984,0,0.0000000,0.0000000,0.00,0.00,99.99,0,1,20:45:21,00
250145,-153,24289,0.00,0,1,0.00,0.0,12,64,-981,19,984,0,0.0000000,0.0000000,0.00,0.00,99.99,0,1,20:45:21,00
250612,-157,24289,0.00,0,1,0.00,0.0,12,61,-983,21,985,0,0.0000000,0.0000000,0.00,0.00,99.99,0,1,20:45:22,00
251088,-162,24289,0.00,0,1,0.00,0.0,12,60,-982,19,984,0,0.0000000,0.0000000,0.00,0.00,99.99,0,1,20:45:22,00
251563,-159,24289,0.00,0,1,0.00,0.0,12,61,-982,19,984,0,0.0000000,0.0000000,0.00,0.00,99.99,0,1,20:45:23,00
252030,-159,24289,0.00,0,1,0.00,0.0,12,61,-982,18,984,0,0.0000000,0.0000000,0.00,0.00,99.99,0,1,20:45:23,00
252489,-173,24289,0.00,0,1,0.00,0.0,12,60,-983,25,985,0,0.0000000,0.0000000,0.00,0.00,99.99,0,1,20:45:24,00
252964,-173,24289,0.00,0,1,0.00,0.0,12,61,-983,18,985,0,0.0000000,0.0000000,0.00,0.00,99.99,0,1,20:45:24,00
253422,-183,24289,0.00,0,1,0.00,0.0,12,63,-982,19,985,0,0.0000000,0.0000000,0.00,0.00,99.99,0,1,20:45:25,00
253900,-202,24289,0.00,0,1,0.00,0.0,12,63,-982,19,984,0,0.0000000,0.0000000,0.00,0.00,99.99,0,1,20:45:25,00
254349,-200,24289,0.00,0,1,0.00,0.0,12,61,-981,22,984,0,0.0000000,0.0000000,0.00,0.00,99.99,0,1,20:45:26,00
254820,-208,24289,0.00,0,1,0.00,0.0,12,61,-983,20,985,0,0.0000000,0.0000000,0.00,0.00,99.99,0,1,20:45:26,00
255278,-202,24289,0.00,0,1,0.00,0.0,12,60,-982,16,984,0,0.0000000,0.0000000,0.00,0.00,99.99,0,1,20:45:26,00
255741,-176,24289,0.00,0,1,0.00,0.0,12,59,-982,17,984,0,0.0000000,0.0000000,0.00,0.00,99.99,0,1,20:45:27,00
256210,-165,24289,0.00,0,1,0.00,0.0,12,59,-983,19,985,0,0.0000000,0.0000000,0.00,0.00,99.99,0,1,20:45:27,00
256688,74,24289,0.00,0,1,0.00,0.0,12,64,-983,20,986,0,0.0000000,0.0000000,0.00,0.00,99.99,0,1,20:45:28,00
257168,354,24289,0.00,0,1,0.00,0.0,12,64,-979,41,982,0,0.0000000,0.0000000,0.00,0.00,99.99,0,1,20:45:28,00
257638,695,24289,0.00,0,1,0.00,0.0,12,66,-980,31,983,0,0.0000000,0.0000000,0.00,0.00,99.99,0,1,20:45:29,00
258115,978,24289,0.00,0,1,0.00,0.0,12,50,-977,30,979,0,0.0000000,0.0000000,0.00,0.00,99.99,0,1,20:45:29,00
258582,807,24289,0.00,0,1,0.00,0.0,12,62,-975,16,978,0,0.0000000,0.0000000,0.00,0.00,99.99,0,1,20:45:30,00
259058,631,24289,0.00,0,1,0.00,0.0,12,57,-983,32,985,0,0.0000000,0.0000000,0.00,0.00,99.99,0,1,20:45:30,00
259527,568,24289,0.00,0,1,0.00,0.0,12,58,-983,41,986,0,0.0000000,0.0000000,0.00,0.00,99.99,0,1,20:45:31,00
259994,547,24289,0.00,0,1,0.00,0.0,12,52,-985,27,987,0,0.0000000,0.0000000,0.00,0.00,99.99,0,1,20:45:31,00
260453,491,24289,0.00,0,1,0.00,0.0,12,63,-978,26,980,0,0.0000000,0.0000000,0.00,0.00,99.99,0,1,20:45:32,00
260918,456,24289,0.00,0,1,0.00,0.0,12,58,-985,21,987,0,0.0000000,0.0000000,0.00,0.00,99.99,0,1,20:45:32,00
261367,449,24289,0.00,0,1,0.00,0.0,12,68,-977,24,980,0,0.0000000,0.0000000,0.00,0.00,99.99,0,1,20:45:33,00
261899,423,24289,0.00,0,1,0.00,0.0,12,69,-978,22,981,0,0.0000000,0.0000000,0.00,0.00,99.99,0,1,20:45:33,00
262334,408,24289,0.00,0,1,0.00,0.0,12,56,-979,19,981,0,0.0000000,0.0000000,0.00,0.00,99.99,0,1,20:45:34,00
262791,415,24289,0.00,0,1,0.00,0.0,12,62,-979,6,981,0,0.0000000,0.0000000,0.00,0.00,99.99,0,1,20:45:34,00
263250,386,24289,0.00,0,1,0.00,0.0,12,56,-982,25,984,0,0.0000000,0.0000000,0.00,0.00,99.99,0,1,20:45:34,00
263726,378,24289,0.00,0,1,0.00,0.0,12,67,-985,10,987,0,0.0000000,0.0000000,0.00,0.00,99.99,0,1,20:45:35,00
264194,359,24289,0.00,0,1,0.00,0.0,12,68,-970,14,972,0,0.0000000,0.0000000,0.00,0.00,99.99,0,1,20:45:35,00
264668,381,24289,0.00,0,1,0.00,0.0,12,59,-977,22,979,0,0.0000000,0.0000000,0.00,0.00,99.99,0,1,20:45:36,00
265142,378,24289,0.00,0,1,0.00,0.0,12,63,-984,13,986,0,0.0000000,0.0000000,0.00,0.00,99.99,0,1,20:45:36,00
265603,371,24289,0.00,0,1,0.00,0.0,12,75,-980,30,984,0,0.0000000,0.0000000,0.00,0.00,99.99,0,1,20:45:37,00
266072,375,24289,0.00,0,1,0.00,0.0,12,65,-971,20,973,0,0.0000000,0.0000000,0.00,0.00,99.99,0,1,20:45:37,00
266528,367,24289,0.00,0,1,0.00,0.0,12,50,-985,27,987,0,0.0000000,0.0000000,0.00,0.00,99.99,0,1,20:45:38,00
267002,-201,24289,0.00,0,1,0.00,0.0,12,54,-979,15,980,0,0.0000000,0.0000000,0.00,0.00,99.99,0,1,20:45:38,00
267456,-174,24289,0.00,0,1,0.00,0.0,12,58,-984,8,985,0,0.0000000,0.0000000,0.00,0.00,99.99,0,1,20:45:39,00
267917,-177,24289,0.00,0,1,0.00,0.0,12,67,-981,16,984,0,0.0000000,0.0000000,0.00,0.00,99.99,0,1,20:45:39,00
268356,-193,24289,0.00,0,1,0.00,0.0,12,61,-983,20,985,0,0.0000000,0.0000000,0.00,0.00,99.99,0,1,20:45:40,00
268820,-194,24289,0.00,0,1,0.00,0.0,12,76,-977,6,980,0,0.0000000,0.0000000,0.00,0.00,99.99,0,1,20:45:40,00
269281,-194,24289,0.00,0,1,0.00,0.0,12,57,-984,16,986,0,0.0000000,0.0000000,0.00,0.00,99.99,0,1,20:45:40,00
269748,-184,24289,0.00,0,1,0.00,0.0,12,63,-982,20,984,0,0.0000000,0.0000000,0.00,0.00,99.99,0,1,20:45:41,00
270227,-177,24289,0.00,0,1,0.00,0.0,12,61,-983,17,985,0,0.0000000,0.0000000,0.00,0.00,99.99,0,1,20:45:41,00
270698,-168,24289,0.00,0,1,0.00,0.0,12,87,-972,30,976,0,0.0000000,0.0000000,0.00,0.00,99.99,0,1,20:45:42,00
271172,-172,24289,0.00,0,1,0.00,0.0,12,59,-983,20,985,0,0.0000000,0.0000000,0.00,0.00,99.99,0,1,20:45:42,00
271635,-170,24289,0.00,0,1,0.00,0.0,12,49,-983,17,985,0,0.0000000,0.0000000,0.00,0.00,99.99,0,1,20:45:43,00
272104,-171,24289,0.00,0,1,0.00,0.0,12,58,-983,20,985,0,0.0000000,0.0000000,0.00,0.00,99.99,0,1,20:45:43,00
272572,-169,24289,0.00,0,1,0.00,0.0,12,61,-982,20,984,0,0.0000000,0.0000000,0.00,0.00,99.99,0,1,20:45:44,00
273045,-170,24289,0.00,0,1,0.00,0.0,12,61,-983,19,985,0,0.0000000,0.0000000,0.00,0.00,99.99,0,1,20:45:44,00
273508,-174,24289,0.00,0,1,0.00,0.0,12,61,-984,17,986,0,0.0000000,0.0000000,0.00,0.00,99.99,0,1,20:45:45,00
273980,-193,24289,0.00,0,1,0.00,0.0,12,60,-982,20,984,0,0.0000000,0.0000000,0.00,0.00,99.99,0,1,20:45:45,00
274439,-189,24289,0.00,0,1,0.00,0.0,12,55,-984,22,986,0,0.0000000,0.0000000,0.00,0.00,99.99,0,1,20:45:46,00
274922,-180,24289,0.00,0,1,0.00,0.0,12,60,-981,15,983,0,0.0000000,0.0000000,0.00,0.00,99.99,0,1,20:45:46,00
275353,-186,24289,0.00,0,1,0.00,0.0,12,60,-982,21,984,0,0.0000000,0.0000000,0.00,0.00,99.99,0,1,20:45:47,00
275816,-169,24289,0.00,0,1,0.00,0.0,12,59,-982,19,983,0,0.0000000,0.0000000,0.00,0.00,99.99,0,1,20:45:47,00
276278,-174,24289,0.00,0,1,0.00,0.0,12,59,-984,20,986,0,0.0000000,0.0000000,0.00,0.00,99.99,0,1,20:45:47,00
276812,-178,24289,0.00,0,1,0.00,0.0,12,60,-982,21,984,0,0.0000000,0.0000000,0.00,0.00,99.99,0,1,20:45:48,00
277281,-183,24289,0.00,0,1,0.00,0.0,12,61,-983,17,985,0,0.0000000,0.0000000,0.00,0.00,99.99,0,1,20:45:48,00
277741,-181,24289,0.00,0,1,0.00,0.0,12,60,-983,21,985,0,0.0000000,0.0000000,0.00,0.00,99.99,0,1,20:45:49,00
278196,-186,24289,0.00,0,1,0.00,0.0,12,61,-982,18,984,0,0.0000000,0.0000000,0.00,0.00,99.99,0,1,20:45:49,00
278666,-181,24289,0.00,0,1,0.00,0.0,12,61,-982,22,984,0,0.0000000,0.0000000,0.00,0.00,99.99,0,1,20:45:50,00
279135,-176,24289,0.00,0,1,0.00,0.0,12,60,-982,23,985,0,0.0000000,0.0000000,0.00,0.00,99.99,0,1,20:45:50,00
279610,-182,24289,0.00,0,1,0.00,0.0,12,61,-982,20,984,0,0.0000000,0.0000000,0.00,0.00,99.99,0,1,20:45:51,00
280082,-179,24289,0.00,0,1,0.00,0.0,12,60,-981,21,983,0,0.0000000,0.0000000,0.00,0.00,99.99,0,1,20:45:51,00
280537,-180,24289,0.00,0,1,0.00,0.0,12,61,-981,15,983,0,0.0000000,0.0000000,0.00,0.00,99.99,0,1,20:45:52,00
280997,-178,24289,0.00,0,1,0.00,0.0,12,58,-983,27,985,0,0.0000000,0.0000000,0.00,0.00,99.99,0,1,20:45:52,00
281470,-184,24289,0.00,0,1,0.00,0.0,12,62,-982,20,984,0,0.0000000,0.0000000,0.00,0.00,99.99,0,1,20:45:53,00
281948,-194,24289,0.00,0,1,0.00,0.0,12,59,-981,26,983,0,0.0000000,0.0000000,0.00,0.00,99.99,0,1,20:45:53,00
282409,-175,24289,0.00,0,1,0.00,0.0,12,59,-983,24,985,0,0.0000000,0.0000000,0.00,0.00,99.99,0,1,20:45:54,00
282887,-190,24289,0.00,0,1,0.00,0.0,12,64,-982,23,984,0,0.0000000,0.0000000,0.00,0.00,99.99,0,1,20:45:54,00
283331,-181,24289,0.00,0,1,0.00,0.0,12,60,-983,23,985,0,0.0000000,0.0000000,0.00,0.00,99.99,0,1,20:45:54,00
283793,-180,24289,0.00,0,1,0.00,0.0,12,60,-983,21,985,0,0.0000000,0.0000000,0.00,0.00,99.99,0,1,20:45:55,00
284262,-179,24289,0.00,0,1,0.00,0.0,12,66,-981,20,983,0,0.0000000,0.0000000,0.00,0.00,99.99,0,1,20:45:55,00
284734,-179,24289,0.00,0,1,0.00,0.0,12,59,-983,20,985,0,0.0000000,0.0000000,0.00,0.00,99.99,0,1,20:45:56,00
285208,-178,24289,0.00,0,1,0.00,0.0,12,67,-981,23,984,0,0.0000000,0.0000000,0.00,0.00,99.99,0,1,20:45:56,00
285678,-195,24289,0.00,0,1,0.00,0.0,12,59,-982,18,984,0,0.0000000,0.0000000,0.00,0.00,99.99,0,1,20:45:57,00
286152,-194,24289,0.00,0,1,0.00,0.0,12,57,-982,16,984,0,0.0000000,0.0000000,0.00,0.00,99.99,0,1,20:45:57,00
286632,-196,24289,0.00,0,1,0.00,0.0,12,63,-981,19,983,0,0.0000000,0.0000000,0.00,0.00,99.99,0,1,20:45:58,00
287107,-182,24289,0.00,0,1,0.00,0.0,12,62,-981,19,983,0,0.0000000,0.0000000,0.00,0.00,99.99,0,1,20:45:58,00
287573,-175,24289,0.00,0,1,0.00,0.0,12,60,-982,19,984,0,0.0000000,0.0000000,0.00,0.00,99.99,0,1,20:45:59,00
288040,-175,24289,0.00,0,1,0.00,0.0,12,61,-982,23,985,0,0.0000000,0.0000000,0.00,0.00,99.99,0,1,20:45:59,00
288518,-163,24289,0.00,0,1,0.00,0.0,12,55,-984,21,986,0,0.0000000,0.0000000,0.00,0.00,99.99,0,1,20:46:00,00
288994,-177,24289,0.00,0,1,0.00,0.0,12,68,-981,17,983,0,0.0000000,0.0000000,0.00,0.00,99.99,0,1,20:46:00,00
289476,-198,24289,0.00,0,1,0.00,0.0,12,60,-983,33,986,0,0.0000000,0.0000000,0.00,0.00,99.99,0,1,20:46:01,00
289945,-194,24289,0.00,0,1,0.00,0.0,12,63,-981,18,983,0,0.0000000,0.0000000,0.00,0.00,99.99,0,1,20:46:01,00
290390,-163,24289,0.00,0,1,0.00,0.0,12,65,-981,18,983,0,0.0000000,0.0000000,0.00,0.00,99.99,0,1,20:46:02,00
290858,-170,24289,0.00,0,1,0.00,0.0,12,72,-981,22,983,0,0.0000000,0.0000000,0.00,0.00,99.99,0,1,20:46:02,00
291315,-165,24289,0.00,0,1,0.00,0.0,12,54,-985,25,987,0,0.0000000,0.0000000,0.00,0.00,99.99,0,1,20:46:02,00
291864,-198,24289,0.00,0,1,0.00,0.0,12,60,-983,25,985,0,0.0000000,0.0000000,0.00,0.00,99.99,0,1,20:46:03,00
292314,-194,24289,0.00,0,1,0.00,0.0,12,59,-983,26,985,0,0.0000000,0.0000000,0.00,0.00,99.99,0,1,20:46:03,00
292792,-198,24289,0.00,0,1,0.00,0.0,12,59,-983,19,985,0,0.0000000,0.0000000,0.00,0.00,99.99,0,1,20:46:04,00
293264,-169,24289,0.00,0,1,0.00,0.0,12,65,-979,20,981,0,0.0000000,0.0000000,0.00,0.00,99.99,0,1,20:46:04,00
293728,-174,24289,0.00,0,1,0.00,0.0,12,60,-982,15,984,0,0.0000000,0.0000000,0.00,0.00,99.99,0,1,20:46:05,00
294213,-182,24289,0.00,0,1,0.00,0.0,12,62,-981,22,983,0,0.0000000,0.0000000,0.00,0.00,99.99,0,1,20:46:05,00
294677,-182,24289,0.00,0,1,0.00,0.0,12,63,-982,22,984,0,0.0000000,0.0000000,0.00,0.00,99.99,0,1,20:46:06,00
295141,-187,24289,0.00,0,1,0.00,0.0,12,61,-980,16,982,0,0.0000000,0.0000000,0.00,0.00,99.99,0,1,20:46:06,00
295625,-177,24289,0.00,0,1,0.00,0.0,12,53,-983,13,984,0,0.0000000,0.0000000,0.00,0.00,99.99,0,1,20:46:07,00
296094,-190,24289,0.00,0,1,0.00,0.0,12,67,-981,22,984,0,0.0000000,0.0000000,0.00,0.00,99.99,0,1,20:46:07,00
296578,-190,24289,0.00,0,1,0.00,0.0,12,61,-982,15,984,0,0.0000000,0.0000000,0.00,0.00,99.99,0,1,20:46:08,00
297063,-206,24289,0.00,0,1,0.00,0.0,12,60,-981,16,983,0,0.0000000,0.0000000,0.00,0.00,99.99,0,1,20:46:08,00
297534,-208,24289,0.00,0,1,0.00,0.0,12,62,-982,19,984,0,0.0000000,0.0000000,0.00,0.00,99.99,0,1,20:46:09,00
297999,-170,24289,0.00,0,1,0.00,0.0,12,60,-983,20,985,0,0.0000000,0.0000000,0.00,0.00,99.99,0,1,20:46:09,00
298459,-171,24289,0.00,0,1,0.00,0.0,12,64,-982,18,984,0,0.0000000,0.0000000,0.00,0.00,99.99,0,1,20:46:10,00
298939,-172,24289,0.00,0,1,0.00,0.0,12,57,-982,14,984,0,0.0000000,0.0000000,0.00,0.00,99.99,0,1,20:46:10,00
299374,-168,24289,0.00,0,1,0.00,0.0,12,57,-982,18,984,0,0.0000000,0.0000000,0.00,0.00,99.99,0,1,20:46:11,00
299841,-176,24289,0.00,0,1,0.00,0.0,12,99,-980,21,986,0,0.0000000,0.0000000,0.00,0.00,99.99,0,1,20:46:11,00
300312,-189,24289,0.00,0,1,0.00,0.0,12,64,-980,17,982,0,0.0000000,0.0000000,0.00,0.00,99.99,0,1,20:46:11,00
300786,-181,24289,0.00,0,1,0.00,0.0,12,66,-981,22,984,0,0.0000000,0.0000000,0.00,0.00,99.99,0,1,20:46:12,00
301268,-177,24289,0.00,0,1,0.00,0.0,12,52,-984,4,985,0,0.0000000,0.0000000,0.00,0.00,99.99,0,1,20:46:12,00
301736,-184,24289,0.00,0,1,0.00,0.0,12,60,-982,15,984,0,0.0000000,0.0000000,0.00,0.00,99.99,0,1,20:46:13,00
302204,-175,24289,0.00,0,1,0.00,0.0,12,56,-983,21,985,0,0.0000000,0.0000000,0.00,0.00,99.99,0,1,20:46:13,00
302670,-173,24289,0.00,0,1,0.00,0.0,12,66,-981,17,983,0,0.0000000,0.0000000,0.00,0.00,99.99,0,1,20:46:14,00
303147,-185,24289,0.00,0,1,0.00,0.0,12,60,-982,17,984,0,0.0000000,0.0000000,0.00,0.00,99.99,0,1,20:46:14,00
303618,-176,24289,0.00,0,1,0.00,0.0,12,61,-981,16,983,0,0.0000000,0.0000000,0.00,0.00,99.99,0,1,20:46:15,00
304088,-185,24289,0.00,0,1,0.00,0.0,12,58,-984,20,986,0,0.0000000,0.0000000,0.00,0.00,99.99,0,1,20:46:15,00
304563,-182,24289,0.00,0,1,0.00,0.0,12,65,-980,19,982,0,0.0000000,0.0000000,0.00,0.00,99.99,0,1,20:46:16,00
305033,-176,24289,0.00,0,1,0.00,0.0,12,59,-982,17,984,0,0.0000000,0.0000000,0.00,0.00,99.99,0,1,20:46:16,00
305499,-189,24289,0.00,0,1,0.00,0.0,12,61,-982,18,984,0,0.0000000,0.0000000,0.00,0.00,99.99,0,1,20:46:17,00
305992,-176,24289,0.00,0,1,0.00,0.0,12,60,-982,21,984,0,0.0000000,0.0000000,0.00,0.00,99.99,0,1,20:46:17,00
306420,-155,24289,0.00,0,1,0.00,0.0,12,60,-983,17,985,0,0.0000000,0.0000000,0.00,0.00,99.99,0,1,20:46:17,00
306964,-156,24289,0.00,0,1,0.00,0.0,12,61,-981,18,983,0,0.0000000,0.0000000,0.00,0.00,99.99,0,1,20:46:18,00
307414,-155,24289,0.00,0,1,0.00,0.0,12,61,-981,19,984,0,0.0000000,0.0000000,0.00,0.00,99.99,0,1,20:46:18,00
307879,-161,24289,0.00,0,1,0.00,0.0,12,59,-982,19,984,0,0.0000000,0.0000000,0.00,0.00,99.99,0,1,20:46:19,00
308353,-155,24289,0.00,0,1,0.00,0.0,12,62,-981,18,983,0,0.0000000,0.0000000,0.00,0.00,99.99,0,1,20:46:19,00
308824,-165,24289,0.00,0,1,0.00,0.0,12,60,-982,18,983,0,0.0000000,0.0000000,0.00,0.00,99.99,0,1,20:46:20,00
309301,-178,24289,0.00,0,1,0.00,0.0,12,60,-982,21,984,0,0.0000000,0.0000000,0.00,0.00,99.99,0,1,20:46:20,00
309776,-187,24289,0.00,0,1,0.00,0.0,12,60,-983,17,985,0,0.0000000,0.0000000,0.00,0.00,99.99,0,1,20:46:21,00
310249,-167,24289,0.00,0,1,0.00,0.0,12,61,-982,17,984,0,0.0000000,0.0000000,0.00,0.00,99.99,0,1,20:46:21,00
310721,-166,24289,0.00,0,1,0.00,0.0,12,60,-983,18,985,0,0.0000000,0.0000000,0.00,0.00,99.99,0,1,20:46:22,00
311206,-173,24289,0.00,0,1,0.00,0.0,12,60,-982,19,984,0,0.0000000,0.0000000,0.00,0.00,99.99,0,1,20:46:22,00
311679,-165,24289,0.00,0,1,0.00,0.0,12,60,-982,17,983,0,0.0000000,0.0000000,0.00,0.00,99.99,0,1,20:46:23,00
312153,-165,24289,0.00,0,1,0.00,0.0,12,60,-982,19,984,0,0.0000000,0.0000000,0.00,0.00,99.99,0,1,20:46:23,00
312621,-183,24289,0.00,0,1,0.00,0.0,12,60,-981,17,983,0,0.0000000,0.0000000,0.00,0.00,99.99,0,1,20:46:24,00
313125,-202,24289,0.00,0,1,0.00,0.0,12,61,-982,23,984,0,0.0000000,0.0000000,0.00,0.00,99.99,0,1,20:46:24,00
313596,-177,24289,0.00,0,1,0.00,0.0,12,61,-983,17,985,0,0.0000000,0.0000000,0.00,0.00,99.99,0,1,20:46:25,00
314072,-174,24289,0.00,0,1,0.00,0.0,12,59,-983,19,985,0,0.0000000,0.0000000,0.00,0.00,99.99,0,1,20:46:25,00
314563,-192,24289,0.00,0,1,0.00,0.0,12,63,-981,18,983,0,0.0000000,0.0000000,0.00,0.00,99.99,0,1,20:46:26,00
315033,-196,24289,0.00,0,1,0.00,0.0,12,60,-982,20,984,0,0.0000000,0.0000000,0.00,0.00,99.99,0,1,20:46:26,00
315509,-179,24289,0.00,0,1,0.00,0.0,12,57,-982,20,984,0,0.0000000,0.0000000,0.00,0.00,99.99,0,1,20:46:27,00
315994,-198,24289,0.00,0,1,0.00,0.0,12,61,-982,19,984,0,0.0000000,0.0000000,0.00,0.00,99.99,0,1,20:46:27,00
316474,-197,24289,0.00,0,1,0.00,0.0,12,57,-983,22,985,0,0.0000000,0.0000000,0.00,0.00,99.99,0,1,20:46:28,00
316956,-202,24289,0.00,0,1,0.00,0.0,12,66,-979,21,982,0,0.0000000,0.0000000,0.00,0.00,99.99,0,1,20:46:28,00
317399,-191,24289,0.00,0,1,0.00,0.0,12,53,-984,24,986,0,0.0000000,0.0000000,0.00,0.00,99.99,0,1,20:46:29,00
317891,-181,24289,0.00,0,1,0.00,0.0,12,60,-982,19,984,0,0.0000000,0.0000000,0.00,0.00,99.99,0,1,20:46:29,00
318345,-166,24289,0.00,0,1,0.00,0.0,12,60,-982,24,984,0,0.0000000,0.0000000,0.00,0.00,99.99,0,1,20:46:30,00
318817,-184,24289,0.00,0,1,0.00,0.0,12,64,-980,21,983,0,0.0000000,0.0000000,0.00,0.00,99.99,0,1,20:46:30,00
319281,-176,24289,0.00,0,1,0.00,0.0,12,59,-983,25,985,0,0.0000000,0.0000000,0.00,0.00,99.99,0,1,20:46:30,00
319752,-179,24289,0.00,0,1,0.00,0.0,12,59,-981,20,983,0,0.0000000,0.0000000,0.00,0.00,99.99,0,1,20:46:31,00
320235,-179,24289,0.00,0,1,0.00,0.0,12,60,-982,21,984,0,0.0000000,0.0000000,0.00,0.00,99.99,0,1,20:46:31,00
320721,-168,24289,0.00,0,1,0.00,0.0,12,60,-982,19,984,0,0.0000000,0.0000000,0.00,0.00,99.99,0,1,20:46:32,00
321188,-174,24289,0.00,0,1,0.00,0.0,12,57,-982,19,984,0,0.0000000,0.0000000,0.00,0.00,99.99,0,1,20:46:32,00
321669,-172,24289,0.00,0,1,0.00,0.0,12,62,-981,21,984,0,0.0000000,0.0000000,0.00,0.00,99.99,0,1,20:46:33,00
322218,-176,24289,0.00,0,1,0.00,0.0,12,59,-983,24,985,0,0.0000000,0.0000000,0.00,0.00,99.99,0,1,20:46:33,00
322700,-185,24289,0.00,0,1,0.00,0.0,12,64,-981,21,984,0,0.0000000,0.0000000,0.00,0.00,99.99,0,1,20:46:34,00
323182,-174,24289,0.00,0,1,0.00,0.0,12,60,-982,20,984,0,0.0000000,0.0000000,0.00,0.00,99.99,0,1,20:46:34,00
323666,-178,24289,0.00,0,1,0.00,0.0,12,60,-982,19,984,0,0.0000000,0.0000000,0.00,0.00,99.99,0,1,20:46:35,00
324142,-188,24289,0.00,0,1,0.00,0.0,12,61,-982,14,984,0,0.0000000,0.0000000,0.00,0.00,99.99,0,1,20:46:35,00
324620,-192,24289,0.00,0,1,0.00,0.0,12,59,-982,21,984,0,0.0000000,0.0000000,0.00,0.00,99.99,0,1,20:46:36,00
325100,-188,24289,0.00,0,1,0.00,0.0,12,63,-982,20,984,0,0.0000000,0.0000000,0.00,0.00,99.99,0,1,20:46:36,00
325569,-170,24289,0.00,0,1,0.00,0.0,12,63,-981,19,983,0,0.0000000,0.0000000,0.00,0.00,99.99,0,1,20:46:37,00
326045,-164,24289,0.00,0,1,0.00,0.0,12,58,-980,21,982,0,0.0000000,0.0000000,0.00,0.00,99.99,0,1,20:46:37,00
326519,-169,24289,0.00,0,1,0.00,0.0,12,63,-982,16,984,0,0.0000000,0.0000000,0.00,0.00,99.99,0,1,20:46:38,00
326992,-195,24289,0.00,0,1,0.00,0.0,12,58,-983,14,985,0,0.0000000,0.0000000,0.00,0.00,99.99,0,1,20:46:38,00
327472,-197,24289,0.00,0,1,0.00,0.0,12,58,-983,24,985,0,0.0000000,0.0000000,0.00,0.00,99.99,0,1,20:46:39,00
327943,-199,24289,0.00,0,1,0.00,0.0,12,63,-981,19,983,0,0.0000000,0.0000000,0.00,0.00,99.99,0,1,20:46:39,00
328398,-168,24289,0.00,0,1,0.00,0.0,12,61,-982,22,984,0,0.0000000,0.0000000,0.00,0.00,99.99,0,1,20:46:40,00
328858,-175,24289,0.00,0,1,0.00,0.0,12,60,-982,18,984,0,0.0000000,0.0000000,0.00,0.00,99.99,0,1,20:46:40,00
329311,-176,24289,0.00,0,1,0.00,0.0,12,60,-982,20,984,0,0.0000000,0.0000000,0.00,0.00,99.99,0,1,20:46:41,00
329793,-189,24289,0.00,0,1,0.00,0.0,12,62,-982,21,984,0,0.0000000,0.0000000,0.00,0.00,99.99,0,1,20:46:41,00
330266,-190,24289,0.00,0,1,0.00,0.0,12,60,-981,20,983,0,0.0000000,0.0000000,0.00,0.00,99.99,0,1,20:46:41,00
330749,-184,24289,0.00,0,1,0.00,0.0,12,55,-983,20,985,0,0.0000000,0.0000000,0.00,0.00,99.99,0,1,20:46:42,00
331229,-172,24289,0.00,0,1,0.00,0.0,12,62,-982,21,984,0,0.0000000,0.0000000,0.00,0.00,99.99,0,1,20:46:42,00
331706,-176,24289,0.00,0,1,0.00,0.0,12,62,-982,21,984,0,0.0000000,0.0000000,0.00,0.00,99.99,0,1,20:46:43,00
332185,-182,24289,0.00,0,1,0.00,0.0,12,65,-980,19,982,0,0.0000000,0.0000000,0.00,0.00,99.99,0,1,20:46:43,00
332662,-193,24289,0.00,0,1,0.00,0.0,12,62,-982,18,984,0,0.0000000,0.0000000,0.00,0.00,99.99,0,1,20:46:44,00
333136,-174,24289,0.00,0,1,0.00,0.0,12,62,-981,21,984,0,0.0000000,0.0000000,0.00,0.00,99.99,0,1,20:46:44,00
333620,-185,24289,0.00,0,1,0.00,0.0,12,62,-982,21,984,0,0.0000000,0.0000000,0.00,0.00,99.99,0,1,20:46:45,00
334096,-170,24289,0.00,0,1,0.00,0.0,12,59,-982,20,984,0,0.0000000,0.0000000,0.00,0.00,99.99,0,1,20:46:45,00
334579,-181,24289,0.00,0,1,0.00,0.0,12,62,-981,24,983,0,0.0000000,0.0000000,0.00,0.00,99.99,0,1,20:46:46,00
335049,-177,24289,0.00,0,1,0.00,0.0,12,57,-982,16,983,0,0.0000000,0.0000000,0.00,0.00,99.99,0,1,20:46:46,00
335540,-179,24289,0.00,0,1,0.00,0.0,12,63,-981,19,984,0,0.0000000,0.0000000,0.00,0.00,99.99,0,1,20:46:47,00
336012,-179,24289,0.00,0,1,0.00,0.0,12,59,-981,20,983,0,0.0000000,0.0000000,0.00,0.00,99.99,0,1,20:46:47,00
336491,-170,24289,0.00,0,1,0.00,0.0,12,62,-981,18,983,0,0.0000000,0.0000000,0.00,0.00,99.99,0,1,20:46:48,00
336963,-183,24289,0.00,0,1,0.00,0.0,12,60,-981,16,983,0,0.0000000,0.0000000,0.00,0.00,99.99,0,1,20:46:48,00
337511,-180,24289,0.00,0,1,0.00,0.0,12,60,-980,6,982,0,0.0000000,0.0000000,0.00,0.00,99.99,0,1,20:46:49,00
337976,-179,24289,0.00,0,1,0.00,0.0,12,61,-981,23,983,0,0.0000000,0.0000000,0.00,0.00,99.99,0,1,20:46:49,00
338409,-181,24289,0.00,0,1,0.00,0.0,12,65,-980,27,983,0,0.0000000,0.0000000,0.00,0.00,99.99,0,1,20:46:50,00
338865,-167,24289,0.00,0,1,0.00,0.0,12,73,-980,21,983,0,0.0000000,0.0000000,0.00,0.00,99.99,0,1,20:46:50,00
339316,-165,24289,0.00,0,1,0.00,0.0,12,59,-983,23,985,0,0.0000000,0.0000000,0.00,0.00,99.99,0,1,20:46:50,00
339774,-160,24289,0.00,0,1,0.00,0.0,12,58,-983,25,985,0,0.0000000,0.0000000,0.00,0.00,99.99,0,1,20:46:51,00
340237,-163,24289,0.00,0,1,0.00,0.0,12,60,-982,21,984,0,0.0000000,0.0000000,0.00,0.00,99.99,0,1,20:46:51,00
340698,-158,24289,0.00,0,1,0.00,0.0,12,65,-982,24,984,0,0.0000000,0.0000000,0.00,0.00,99.99,0,1,20:46:52,00
341164,-164,24289,0.00,0,1,0.00,0.0,12,62,-982,20,984,0,0.0000000,0.0000000,0.00,0.00,99.99,0,1,20:46:52,00
341635,-169,24289,0.00,0,1,0.00,0.0,12,60,-984,25,986,0,0.0000000,0.0000000,0.00,0.00,99.99,0,1,20:46:53,00
342108,-177,24289,0.00,0,1,0.00,0.0,12,69,-980,18,982,0,0.0000000,0.0000000,0.00,0.00,99.99,0,1,20:46:53,00
342581,-201,24289,0.00,0,1,0.00,0.0,12,66,-982,18,985,0,0.0000000,0.0000000,0.00,0.00,99.99,0,1,20:46:54,00
343052,-199,24289,0.00,0,1,0.00,0.0,12,63,-982,20,984,0,0.0000000,0.0000000,0.00,0.00,99.99,0,1,20:46:54,00
343518,-189,24289,0.00,0,1,0.00,0.0,12,68,-981,19,983,0,0.0000000,0.0000000,0.00,0.00,99.99,0,1,20:46:55,00
343989,-179,24289,0.00,0,1,0.00,0.0,12,56,-982,21,984,0,0.0000000,0.0000000,0.00,0.00,99.99,0,1,20:46:55,00
344462,-188,24289,0.00,0,1,0.00,0.0,12,67,-982,21,985,0,0.0000000,0.0000000,0.00,0.00,99.99,0,1,20:46:56,00
344936,-181,24289,0.00,0,1,0.00,0.0,12,62,-982,21,984,0,0.0000000,0.0000000,0.00,0.00,99.99,0,1,20:46:56,00
345382,-174,24289,0.00,0,1,0.00,0.0,12,59,-982,19,984,0,0.0000000,0.0000000,0.00,0.00,99.99,0,1,20:46:57,00
345859,-180,24289,0.00,0,1,0.00,0.0,12,63,-981,16,984,0,0.0000000,0.0000000,0.00,0.00,99.99,0,1,20:46:57,00
346312,-192,24289,0.00,0,1,0.00,0.0,12,59,-982,20,984,0,0.0000000,0.0000000,0.00,0.00,99.99,0,1,20:46:57,00
346794,-201,24289,0.00,0,1,0.00,0.0,12,58,-982,18,983,0,0.0000000,0.0000000,0.00,0.00,99.99,0,1,20:46:58,00
347266,-204,24289,0.00,0,1,0.00,0.0,12,60,-982,21,984,0,0.0000000,0.0000000,0.00,0.00,99.99,0,1,20:46:58,00
347743,-196,24289,0.00,0,1,0.00,0.0,12,61,-983,18,985,0,0.0000000,0.0000000,0.00,0.00,99.99,0,1,20:46:59,00
348216,-196,24289,0.00,0,1,0.00,0.0,12,59,-983,19,985,0,0.0000000,0.0000000,0.00,0.00,99.99,0,1,20:46:59,00
348694,-199,24289,0.00,0,1,0.00,0.0,12,61,-982,21,984,0,0.0000000,0.0000000,0.00,0.00,99.99,0,1,20:47:00,00
349175,-186,24289,0.00,0,1,0.00,0.0,12,61,-982,19,984,0,0.0000000,0.0000000,0.00,0.00,99.99,0,1,20:47:00,00
349648,-183,24289,0.00,0,1,0.00,0.0,12,61,-983,21,985,0,0.0000000,0.0000000,0.00,0.00,99.99,0,1,20:47:01,00
350122,-178,24289,0.00,0,1,0.00,0.0,12,50,-983,18,985,0,0.0000000,0.0000000,0.00,0.00,99.99,0,1,20:47:01,00
350594,-182,24289,0.00,0,1,0.00,0.0,12,61,-982,19,984,0,0.0000000,0.0000000,0.00,0.00,99.99,0,1,20:47:02,00
351073,-184,24289,0.00,0,1,0.00,0.0,12,60,-982,19,984,0,0.0000000,0.0000000,0.00,0.00,99.99,0,1,20:47:02,00
351545,-175,24289,0.00,0,1,0.00,0.0,12,61,-982,20,984,0,0.0000000,0.0000000,0.00,0.00,99.99,0,1,20:47:03,00
352017,-172,24289,0.00,0,1,0.00,0.0,12,59,-982,18,984,0,0.0000000,0.0000000,0.00,0.00,99.99,0,1,20:47:03,00
352566,-174,24289,0.00,0,1,0.00,0.0,12,60,-981,18,983,0,0.0000000,0.0000000,0.00,0.00,99.99,0,1,20:47:04,00
353030,-177,24289,0.00,0,1,0.00,0.0,12,63,-980,16,982,0,0.0000000,0.0000000,0.00,0.00,99.99,0,1,20:47:04,00
353500,-178,24289,0.00,0,1,0.00,0.0,13,62,-982,19,984,0,0.0000000,0.0000000,0.00,0.00,99.99,0,1,20:47:05,00
353969,-193,24289,0.00,0,1,0.00,0.0,13,61,-983,17,985,0,0.0000000,0.0000000,0.00,0.00,99.99,0,1,20:47:05,00
354406,-174,24289,0.00,0,1,0.00,0.0,13,62,-982,19,984,0,0.0000000,0.0000000,0.00,0.00,99.99,0,1,20:47:06,00
354874,-180,24289,0.00,0,1,0.43,4.5,14,60,-981,16,983,0,0.0000000,0.0000000,0.00,0.00,99.99,0,1,20:47:06,00
355329,-187,24289,0.00,0,1,0.43,4.5,14,61,-982,17,984,0,0.0000000,0.0000000,0.00,0.00,99.99,0,1,20:47:06,00
355808,-181,24289,0.00,0,1,0.43,4.5,14,62,-981,19,984,0,0.0000000,0.0000000,0.00,0.00,99.99,0,1,20:47:07,00
356274,-182,24289,0.00,0,1,0.43,4.5,14,63,-982,24,985,0,0.0000000,0.0000000,0.00,0.00,99.99,0,1,20:47:07,00
356738,-169,24289,0.00,0,1,0.00,0.0,14,60,-982,19,984,0,0.0000000,0.0000000,0.00,0.00,99.99,0,1,20:47:08,00
357205,-165,24289,0.00,0,1,0.00,0.0,14,62,-982,19,984,0,0.0000000,0.0000000,0.00,0.00,99.99,0,1,20:47:08,00
357683,-198,24289,0.00,0,1,0.00,0.0,14,57,-983,16,985,0,0.0000000,0.0000000,0.00,0.00,99.99,0,1,20:47:09,00
358174,-196,24289,0.00,0,1,0.00,0.0,14,59,-982,19,984,0,0.0000000,0.0000000,0.00,0.00,99.99,0,1,20:47:09,00
358645,-199,24289,0.00,0,1,0.00,0.0,14,63,-982,20,984,0,0.0000000,0.0000000,0.00,0.00,99.99,0,1,20:47:10,00
359115,-162,24289,0.00,0,1,0.00,0.0,14,54,-983,19,985,0,0.0000000,0.0000000,0.00,0.00,99.99,0,1,20:47:10,00
359576,-165,24289,0.00,0,1,2.52,26.3,16,61,-982,16,984,0,0.0000000,0.0000000,0.00,0.00,99.99,0,1,20:47:11,00
360057,-167,24289,0.00,0,1,3.46,36.1,18,59,-982,20,984,0,0.0000000,0.0000000,0.00,0.00,99.99,0,1,20:47:11,00
360536,-164,24289,0.00,0,1,3.46,36.1,18,58,-982,20,984,0,0.0000000,0.0000000,0.00,0.00,99.99,0,1,20:47:12,00
361001,-164,24289,0.00,0,1,3.46,36.1,18,57,-983,19,985,0,0.0000000,0.0000000,0.00,0.00,99.99,0,1,20:47:12,00
361477,-169,24289,0.00,0,1,3.46,36.1,18,57,-984,16,985,0,0.0000000,0.0000000,0.00,0.00,99.99,0,1,20:47:13,00
361947,-183,24289,0.00,0,1,0.00,0.0,18,67,-980,20,983,0,0.0000000,0.0000000,0.00,0.00,99.99,0,1,20:47:13,00
362386,-177,24289,0.00,0,1,0.00,0.0,18,58,-983,19,984,0,0.0000000,0.0000000,0.00,0.00,99.99,0,1,20:47:14,00
362865,-176,24289,0.00,0,1,0.00,0.0,18,63,-983,15,985,0,0.0000000,0.0000000,0.00,0.00,99.99,0,1,20:47:14,00
363321,-172,24289,0.00,0,1,0.00,0.0,18,67,-981,24,984,0,0.0000000,0.0000000,0.00,0.00,99.99,0,1,20:47:14,00
363787,-183,24289,0.00,0,1,0.00,0.0,18,62,-982,24,985,0,0.0000000,0.0000000,0.00,0.00,99.99,0,1,20:47:15,00
364256,-193,24289,0.00,0,1,0.00,0.0,18,54,-983,17,984,0,0.0000000,0.0000000,0.00,0.00,99.99,0,1,20:47:15,00
364715,-188,24289,0.00,0,1,0.00,0.0,18,57,-981,25,983,0,0.0000000,0.0000000,0.00,0.00,99.99,0,1,20:47:16,00
365181,-198,24289,0.00,0,1,0.00,0.0,18,66,-981,30,983,0,0.0000000,0.0000000,0.00,0.00,99.99,0,1,20:47:16,00
365648,-181,24289,0.00,0,1,0.00,0.0,18,53,-984,24,986,0,0.0000000,0.0000000,0.00,0.00,99.99,0,1,20:47:17,00
366108,-163,24289,0.00,0,1,0.00,0.0,18,60,-982,22,984,0,0.0000000,0.0000000,0.00,0.00,99.99,0,1,20:47:17,00
366578,-175,24289,0.00,0,1,0.00,0.0,18,61,-981,16,983,0,0.0000000,0.0000000,0.00,0.00,99.99,0,1,20:47:18,00
367054,-186,24289,0.00,0,1,0.00,0.0,18,55,-984,28,986,0,0.0000000,0.0000000,0.00,0.00,99.99,0,1,20:47:18,00
367610,-187,24289,0.00,0,1,0.00,0.0,18,61,-982,23,985,0,0.0000000,0.0000000,0.00,0.00,99.99,0,1,20:47:19,00
368072,-180,24289,0.00,0,1,0.00,0.0,18,48,-985,25,987,0,0.0000000,0.0000000,0.00,0.00,99.99,0,1,20:47:19,00
368534,-183,24289,0.00,0,1,0.00,0.0,18,59,-975,17,977,0,0.0000000,0.0000000,0.00,0.00,99.99,0,1,20:47:20,00
368996,-170,24289,0.00,0,1,0.00,0.0,18,61,-983,23,985,0,0.0000000,0.0000000,0.00,0.00,99.99,0,1,20:47:20,00
369446,-181,24289,0.00,0,1,0.00,0.0,18,62,-981,25,984,0,0.0000000,0.0000000,0.00,0.00,99.99,0,1,20:47:21,00
369920,-192,24289,0.00,0,1,0.00,0.0,18,62,-982,24,984,0,0.0000000,0.0000000,0.00,0.00,99.99,0,1,20:47:21,00
370373,-175,24289,0.00,0,1,0.00,0.0,18,69,-980,12,983,0,0.0000000,0.0000000,0.00,0.00,99.99,0,1,20:47:22,00
370842,-185,24289,0.00,0,1,0.00,0.0,18,56,-983,24,985,0,0.0000000,0.0000000,0.00,0.00,99.00,0,1,20:47:22,00
371314,-177,24289,0.00,0,1,0.00,0.0,18,55,-984,23,986,0,0.0000000,0.0000000,0.00,0.00,99.00,0,1,20:47:22,00
371782,-185,24289,0.00,0,1,0.00,0.0,18,153,-966,7,978,0,0.0000000,0.0000000,0.00,0.00,99.99,0,1,20:47:23,00
372249,-194,24289,0.00,0,1,0.00,0.0,18,48,-982,31,984,0,0.0000000,0.0000000,0.00,0.00,99.99,0,1,20:47:23,00
372715,-182,24289,0.00,0,1,0.00,0.0,18,57,-980,17,982,0,0.0000000,0.0000000,0.00,0.00,99.99,0,1,20:47:24,00
373196,-196,24289,0.00,0,1,0.00,0.0,18,49,-982,26,984,0,0.0000000,0.0000000,0.00,0.00,99.99,0,1,20:47:24,00
373665,-198,24289,0.00,0,1,0.00,0.0,18,64,-983,19,985,0,0.0000000,0.0000000,0.00,0.00,99.99,0,1,20:47:25,00
374134,-202,24289,0.00,0,1,0.00,0.0,18,56,-983,17,984,0,0.0000000,0.0000000,0.00,0.00,99.99,0,1,20:47:25,00
374599,-208,24289,0.00,0,1,0.00,0.0,18,39,-990,48,992,0,0.0000000,0.0000000,0.00,0.00,99.99,0,1,20:47:26,00
375069,-207,24289,0.00,0,1,0.00,0.0,18,58,-980,9,981,0,0.0000000,0.0000000,0.00,0.00,99.99,0,1,20:47:26,00
375551,-209,24289,0.00,0,1,0.00,0.0,18,58,-982,16,983,0,0.0000000,0.0000000,0.00,0.00,99.99,0,1,20:47:27,00
376028,-213,24289,0.00,0,1,0.00,0.0,18,48,-983,26,985,0,0.0000000,0.0000000,0.00,0.00,99.99,0,1,20:47:27,00
376503,-208,24289,0.00,0,1,0.00,0.0,18,56,-982,7,983,0,0.0000000,0.0000000,0.00,0.00,99.99,0,1,20:47:28,00
376987,-207,24289,0.00,0,1,0.00,0.0,18,58,-982,12,983,0,0.0000000,0.0000000,0.00,0.00,99.99,0,1,20:47:28,00
377444,-208,24289,0.00,0,1,0.00,0.0,18,59,-979,19,981,0,0.0000000,0.0000000,0.00,0.00,99.99,0,1,20:47:29,00
377917,-180,24289,0.00,0,1,0.00,0.0,18,66,-980,16,983,0,0.0000000,0.0000000,0.00,0.00,99.99,0,1,20:47:29,00
378361,-199,24289,0.00,0,1,0.00,0.0,18,1,-988,8,988,0,0.0000000,0.0000000,0.00,0.00,99.99,0,1,20:47:30,00
378822,-192,24289,0.00,0,1,0.00,0.0,18,61,-980,13,982,0,0.0000000,0.0000000,0.00,0.00,99.99,0,1,20:47:30,00
379306,-198,24289,0.00,0,1,0.00,0.0,18,50,-983,18,984,0,0.0000000,0.0000000,0.00,0.00,99.99,0,1,20:47:30,00
379792,-197,24289,0.00,0,1,0.00,0.0,18,59,-981,14,983,0,0.0000000,0.0000000,0.00,0.00,99.99,0,1,20:47:31,00
380273,-193,24289,0.00,0,1,0.00,0.0,18,51,-983,17,984,0,0.0000000,0.0000000,0.00,0.00,99.99,0,1,20:47:31,00
380752,-177,24289,0.00,0,1,0.00,0.0,18,82,-976,1,980,0,0.0000000,0.0000000,0.00,0.00,99.99,0,1,20:47:32,00
381215,-177,24289,0.00,0,1,0.00,0.0,18,24,-986,17,986,0,0.0000000,0.0000000,0.00,0.00,99.99,0,1,20:47:32,00
381682,-193,24289,0.00,0,1,0.00,0.0,18,67,-979,19,982,0,0.0000000,0.0000000,0.00,0.00,99.99,0,1,20:47:33,00
382151,-185,24289,0.00,0,1,0.00,0.0,18,51,-981,16,982,0,0.0000000,0.0000000,0.00,0.00,99.99,0,1,20:47:33,00
382699,-211,24289,0.00,0,1,0.00,0.0,18,55,-982,26,983,0,0.0000000,0.0000000,0.00,0.00,99.99,0,1,20:47:34,00
383166,-194,24289,0.00,0,1,0.00,0.0,18,62,-981,17,983,0,0.0000000,0.0000000,0.00,0.00,99.99,0,1,20:47:34,00
383639,-182,24289,0.00,0,1,0.00,0.0,18,49,-985,19,986,0,0.0000000,0.0000000,0.00,0.00,99.99,0,1,20:47:35,00
384113,-207,24289,0.00,0,1,0.00,0.0,18,56,-982,19,984,0,0.0000000,0.0000000,0.00,0.00,99.99,0,1,20:47:35,00
384575,-193,24289,0.00,0,1,0.00,0.0,18,59,-982,18,984,0,0.0000000,0.0000000,0.00,0.00,99.99,0,1,20:47:36,00
385033,-183,24289,0.00,0,1,0.00,0.0,18,53,-983,19,984,0,0.0000000,0.0000000,0.00,0.00,99.99,0,1,20:47:36,00
385491,-180,24289,0.00,0,1,0.00,0.0,18,51,-982,19,984,0,0.0000000,0.0000000,0.00,0.00,99.99,0,1,20:47:37,00
385965,-178,24289,0.00,0,1,0.00,0.0,18,58,-981,18,983,0,0.0000000,0.0000000,0.00,0.00,99.99,0,1,20:47:37,00
386432,-179,24289,0.00,0,1,0.00,0.0,18,49,-983,19,985,0,0.0000000,0.0000000,0.00,0.00,99.99,0,1,20:47:38,00
386895,-212,24289,0.00,0,1,0.00,0.0,18,54,-982,17,983,0,0.0000000,0.0000000,0.00,0.00,99.99,0,1,20:47:38,00
387342,-206,24289,0.00,0,1,0.00,0.0,18,54,-982,18,984,0,0.0000000,0.0000000,0.00,0.00,99.99,0,1,20:47:39,00
387813,-206,24289,0.00,0,1,0.00,0.0,18,53,-983,21,985,0,0.0000000,0.0000000,0.00,0.00,99.99,0,1,20:47:39,00
388292,-178,24289,0.00,0,1,0.00,0.0,18,55,-982,19,983,0,0.0000000,0.0000000,0.00,0.00,99.99,0,1,20:47:39,00
388772,-178,24289,0.00,0,1,0.00,0.0,18,54,-982,20,983,0,0.0000000,0.0000000,0.00,0.00,99.99,0,1,20:47:40,00
389253,-179,24289,0.00,0,1,0.00,0.0,18,52,-983,19,984,0,0.0000000,0.0000000,0.00,0.00,99.99,0,1,20:47:40,00
389732,-182,24289,0.00,0,1,0.00,0.0,18,58,-982,20,983,0,0.0000000,0.0000000,0.00,0.00,99.99,0,1,20:47:41,00
390214,-188,24289,0.00,0,1,0.00,0.0,18,54,-982,20,984,0,0.0000000,0.0000000,0.00,0.00,99.99,0,1,20:47:41,00
390692,-196,24289,0.00,0,1,0.00,0.0,18,53,-984,14,985,0,0.0000000,0.0000000,0.00,0.00,99.99,0,1,20:47:42,00
391164,-194,24289,0.00,0,1,0.00,0.0,18,57,-982,25,984,0,0.0000000,0.0000000,0.00,0.00,99.99,0,1,20:47:42,00
391625,-194,24289,0.00,0,1,0.00,0.0,18,50,-982,13,983,0,0.0000000,0.0000000,0.00,0.00,99.99,0,1,20:47:43,00
392108,-183,24289,0.00,0,1,0.00,0.0,18,55,-982,18,984,0,0.0000000,0.0000000,0.00,0.00,99.99,0,1,20:47:43,00
392586,-199,24289,0.00,0,1,0.00,0.0,18,52,-983,20,985,0,0.0000000,0.0000000,0.00,0.00,99.99,0,1,20:47:44,00
393066,-185,24289,0.00,0,1,0.00,0.0,18,55,-981,21,983,0,0.0000000,0.0000000,0.00,0.00,99.99,0,1,20:47:44,00
393536,-207,24289,0.00,0,1,0.00,0.0,18,51,-983,17,984,0,0.0000000,0.0000000,0.00,0.00,99.99,0,1,20:47:45,00
394003,-195,24289,0.00,0,1,0.00,0.0,18,51,-983,19,984,0,0.0000000,0.0000000,0.00,0.00,99.99,0,1,20:47:45,00
394471,-181,24289,0.00,0,1,0.00,0.0,18,60,-982,10,984,0,0.0000000,0.0000000,0.00,0.00,99.99,0,1,20:47:46,00
394955,-194,24289,0.00,0,1,0.00,0.0,18,53,-984,23,985,0,0.0000000,0.0000000,0.00,0.00,99.99,0,1,20:47:46,00
395418,-177,24289,0.00,0,1,0.00,0.0,18,57,-984,23,986,0,0.0000000,0.0000000,0.00,0.00,99.99,0,1,20:47:47,00
395910,-196,24289,0.00,0,1,0.00,0.0,18,50,-981,18,983,0,0.0000000,0.0000000,0.00,0.00,99.99,0,1,20:47:47,00
396364,-187,24289,0.00,0,1,0.00,0.0,18,51,-984,13,985,0,0.0000000,0.0000000,0.00,0.00,99.99,0,1,20:47:48,00
396838,-189,24289,0.00,0,1,0.00,0.0,18,51,-985,13,986,0,0.0000000,0.0000000,0.00,0.00,99.99,0,1,20:47:48,00
397313,-195,24289,0.00,0,1,0.00,0.0,18,59,-981,18,982,0,0.0000000,0.0000000,0.00,0.00,99.99,0,1,20:47:48,00
397879,-200,24289,0.00,0,1,0.00,0.0,18,59,-982,14,984,0,0.0000000,0.0000000,0.00,0.00,99.99,0,1,20:47:49,00
398354,-190,24289,0.00,0,1,0.00,0.0,18,55,-984,19,986,0,0.0000000,0.0000000,0.00,0.00,99.99,0,1,20:47:50,00
398821,-174,24289,0.00,0,1,0.00,0.0,18,52,-984,22,986,0,0.0000000,0.0000000,0.00,0.00,99.99,0,1,20:47:50,00
399303,-175,24289,0.00,0,1,0.00,0.0,18,50,-983,18,985,0,0.0000000,0.0000000,0.00,0.00,99.99,0,1,20:47:50,00
399762,-174,24289,0.00,0,1,0.00,0.0,18,51,-982,20,984,0,0.0000000,0.0000000,0.00,0.00,99.99,0,1,20:47:51,00
400237,-191,24289,0.00,0,1,0.00,0.0,18,46,-984,19,985,0,0.0000000,0.0000000,0.00,0.00,99.99,0,1,20:47:51,00
400717,-180,24289,0.00,0,1,0.00,0.0,18,51,-983,25,984,0,0.0000000,0.0000000,0.00,0.00,99.99,0,1,20:47:52,00
401202,-172,24289,0.00,0,1,0.00,0.0,18,52,-982,20,983,0,0.0000000,0.0000000,0.00,0.00,99.99,0,1,20:47:52,00
401680,-191,24289,0.00,0,1,0.00,0.0,18,54,-983,20,984,0,0.0000000,0.0000000,0.00,0.00,99.99,0,1,20:47:53,00
402145,-202,24289,0.00,0,1,0.00,0.0,18,55,-982,19,984,0,0.0000000,0.0000000,0.00,0.00,99.99,0,1,20:47:53,00
402620,-203,24289,0.00,0,1,0.00,0.0,18,54,-982,19,984,0,0.0000000,0.0000000,0.00,0.00,99.99,0,1,20:47:54,00
403098,-195,24289,0.00,0,1,0.00,0.0,18,55,-982,17,984,0,0.0000000,0.0000000,0.00,0.00,99.99,0,1,20:47:54,00
403582,-203,24289,0.00,0,1,0.00,0.0,18,54,-983,18,985,0,0.0000000,0.0000000,0.00,0.00,99.99,0,1,20:47:55,00
404051,-184,24289,0.00,0,1,0.00,0.0,18,54,-982,17,984,0,0.0000000,0.0000000,0.00,0.00,99.99,0,1,20:47:55,00
404518,-203,24289,0.00,0,1,0.00,0.0,18,55,-982,18,984,0,0.0000000,0.0000000,0.00,0.00,99.99,0,1,20:47:56,00
405003,-212,24289,0.00,0,1,0.00,0.0,18,53,-982,20,984,0,0.0000000,0.0000000,0.00,0.00,99.99,0,1,20:47:56,00
405494,-217,24289,0.00,0,1,0.00,0.0,18,55,-982,19,983,0,0.0000000,0.0000000,0.00,0.00,99.99,0,1,20:47:57,00
405981,-198,24289,0.00,0,1,0.00,0.0,18,55,-983,18,985,0,0.0000000,0.0000000,0.00,0.00,99.99,0,1,20:47:57,00
406459,-199,24289,0.00,0,1,0.00,0.0,18,51,-983,20,984,0,0.0000000,0.0000000,0.00,0.00,99.99,0,1,20:47:58,00
406923,-196,24289,0.00,0,1,0.00,0.0,18,56,-983,20,984,0,0.0000000,0.0000000,0.00,0.00,99.99,0,1,20:47:58,00
407404,-204,24289,0.00,0,1,0.00,0.0,18,53,-981,18,983,0,0.0000000,0.0000000,0.00,0.00,99.99,0,1,20:47:59,00
407901,-206,24289,0.00,0,1,0.00,0.0,18,55,-983,20,984,0,0.0000000,0.0000000,0.00,0.00,99.99,0,1,20:47:59,00
408351,-209,24289,0.00,0,1,0.00,0.0,18,53,-983,19,985,0,0.0000000,0.0000000,0.00,0.00,99.99,0,1,20:48:00,00
408827,-214,24289,0.00,0,1,0.00,0.0,18,59,-980,18,982,0,0.0000000,0.0000000,0.00,0.00,99.99,0,1,20:48:00,00
409296,-211,24289,0.00,0,1,0.00,0.0,18,52,-981,20,983,0,0.0000000,0.0000000,0.00,0.00,99.99,0,1,20:48:00,00
409787,-207,24289,0.00,0,1,0.00,0.0,18,50,-983,21,984,0,0.0000000,0.0000000,0.00,0.00,99.99,0,1,20:48:01,00
410277,-203,24289,0.00,0,1,0.00,0.0,18,55,-982,18,984,0,0.0000000,0.0000000,0.00,0.00,99.99,0,1,20:48:01,00
410765,-211,24289,0.00,0,1,0.00,0.0,18,54,-985,13,987,0,0.0000000,0.0000000,0.00,0.00,99.99,0,1,20:48:02,00
411264,-201,24289,0.00,0,1,0.00,0.0,18,51,-982,12,983,0,0.0000000,0.0000000,0.00,0.00,99.99,0,1,20:48:02,00
411750,-211,24289,0.00,0,1,0.00,0.0,18,58,-981,19,983,0,0.0000000,0.0000000,0.00,0.00,99.99,0,1,20:48:03,00
412222,-210,24289,0.00,0,1,0.00,0.0,18,56,-983,15,985,0,0.0000000,0.0000000,0.00,0.00,99.99,0,1,20:48:03,00
412709,-211,24289,0.00,0,1,0.00,0.0,18,49,-985,28,987,0,0.0000000,0.0000000,0.00,0.00,99.99,0,1,20:48:04,00
413262,-209,24289,0.00,0,1,0.00,0.0,18,54,-984,24,986,0,0.0000000,0.0000000,0.00,0.00,99.99,0,1,20:48:04,00
413722,-211,24289,0.00,0,1,0.00,0.0,18,53,-981,40,984,0,0.0000000,0.0000000,0.00,0.00,99.99,0,1,20:48:05,00
414212,-211,24289,0.00,0,1,0.00,0.0,18,53,-983,22,985,0,0.0000000,0.0000000,0.00,0.00,99.99,0,1,20:48:05,00
414684,-184,24289,0.00,0,1,0.00,0.0,18,54,-982,16,984,0,0.0000000,0.0000000,0.00,0.00,99.99,0,1,20:48:06,00
415173,-205,24289,0.00,0,1,0.00,0.0,18,53,-982,18,984,0,0.0000000,0.0000000,0.00,0.00,99.99,0,1,20:48:06,00
415635,-183,24289,0.00,0,1,0.00,0.0,18,53,-983,18,985,0,0.0000000,0.0000000,0.00,0.00,99.99,0,1,20:48:07,00
416114,-205,24289,0.00,0,1,0.00,0.0,18,53,-983,18,984,0,0.0000000,0.0000000,0.00,0.00,99.99,0,1,20:48:07,00
416593,-187,24289,0.00,0,1,0.00,0.0,18,53,-983,17,984,0,0.0000000,0.0000000,0.00,0.00,99.99,0,1,20:48:08,00
417076,-180,24289,0.00,0,1,0.00,0.0,18,53,-982,16,984,0,0.0000000,0.0000000,0.00,0.00,99.99,0,1,20:48:08,00
417564,-182,24289,0.00,0,1,0.00,0.0,18,54,-982,20,984,0,0.0000000,0.0000000,0.00,0.00,99.99,0,1,20:48:09,00
418043,-180,24289,0.00,0,1,0.00,0.0,18,54,-982,17,984,0,0.0000000,0.0000000,0.00,0.00,99.99,0,1,20:48:09,00
418515,-183,24289,0.00,0,1,0.00,0.0,18,55,-983,18,984,0,0.0000000,0.0000000,0.00,0.00,99.99,0,1,20:48:10,00
418999,-194,24289,0.00,0,1,0.00,0.0,18,54,-982,15,984,0,0.0000000,0.0000000,0.00,0.00,99.99,0,1,20:48:10,00
419470,-208,24289,0.00,0,1,0.00,0.0,18,54,-982,17,983,0,0.0000000,0.0000000,0.00,0.00,99.99,0,1,20:48:11,00
419947,-205,24289,0.00,0,1,0.00,0.0,18,53,-983,21,984,0,0.0000000,0.0000000,0.00,0.00,99.99,0,1,20:48:11,00
420377,-203,24289,0.00,0,1,0.00,0.0,18,51,-983,18,985,0,0.0000000,0.0000000,0.00,0.00,99.99,0,1,20:48:12,00
420846,-182,24289,0.00,0,1,0.00,0.0,18,53,-982,16,984,0,0.0000000,0.0000000,0.00,0.00,99.99,0,1,20:48:12,00
421311,-173,24289,0.00,0,1,0.00,0.0,18,54,-982,16,984,0,0.0000000,0.0000000,0.00,0.00,99.99,0,1,20:48:12,00
421789,-175,24289,0.00,0,1,0.00,0.0,18,54,-982,17,984,0,0.0000000,0.0000000,0.00,0.00,99.99,0,1,20:48:13,00
422260,-213,24289,0.00,0,1,0.00,0.0,18,55,-983,18,984,0,0.0000000,0.0000000,0.00,0.00,99.99,0,1,20:48:13,00
422730,-210,24289,0.00,0,1,0.00,0.0,18,55,-982,23,984,0,0.0000000,0.0000000,0.00,0.00,99.99,0,1,20:48:14,00
423211,-187,24289,0.00,0,1,0.00,0.0,18,54,-982,17,984,0,0.0000000,0.0000000,0.00,0.00,99.99,0,1,20:48:14,00
423678,-198,24289,0.00,0,1,0.00,0.0,18,49,-986,26,987,0,0.0000000,0.0000000,0.00,0.00,99.99,0,1,20:48:15,00
424147,-201,24289,0.00,0,1,0.00,0.0,18,53,-982,23,984,0,0.0000000,0.0000000,0.00,0.00,99.99,0,1,20:48:15,00
424631,-202,24289,0.00,0,1,0.00,0.0,18,51,-983,14,984,0,0.0000000,0.0000000,0.00,0.00,99.99,0,1,20:48:16,00
425106,-194,24289,0.00,0,1,0.00,0.0,18,56,-982,20,983,0,0.0000000,0.0000000,0.00,0.00,99.99,0,1,20:48:16,00
425590,-180,24289,0.00,0,1,0.00,0.0,18,51,-982,16,984,0,0.0000000,0.0000000,0.00,0.00,99.99,0,1,20:48:17,00
426081,-184,24289,0.00,0,1,0.00,0.0,18,55,-982,19,983,0,0.0000000,0.0000000,0.00,0.00,99.99,0,1,20:48:17,00
426561,-180,24289,0.00,0,1,0.00,0.0,18,53,-981,16,982,0,0.0000000,0.0000000,0.00,0.00,99.99,0,1,20:48:18,00
427045,-189,24289,0.00,0,1,0.00,0.0,18,52,-983,21,985,0,0.0000000,0.0000000,0.00,0.00,99.99,0,1,20:48:18,00
427540,-185,24289,0.00,0,1,0.00,0.0,18,53,-983,19,984,0,0.0000000,0.0000000,0.00,0.00,99.99,0,1,20:48:19,00
428030,-198,24289,0.00,0,1,0.00,0.0,18,63,-984,15,986,0,0.0000000,0.0000000,0.00,0.00,99.99,0,1,20:48:19,00
428591,-200,24289,0.00,0,1,0.00,0.0,18,50,-982,20,984,0,0.0000000,0.0000000,0.00,0.00,99.99,0,1,20:48:20,00
429072,-205,24289,0.00,0,1,0.00,0.0,18,51,-982,15,984,0,0.0000000,0.0000000,0.00,0.00,99.99,0,1,20:48:20,00
429536,-181,24289,0.00,0,1,0.00,0.0,18,54,-983,18,985,0,0.0000000,0.0000000,0.00,0.00,99.99,0,1,20:48:21,00
430012,-188,24289,0.00,0,1,0.00,0.0,18,54,-983,18,984,0,0.0000000,0.0000000,0.00,0.00,99.99,0,1,20:48:21,00
430481,-191,24289,0.00,0,1,0.00,0.0,18,53,-983,18,984,0,0.0000000,0.0000000,0.00,0.00,99.99,0,1,20:48:22,00
430955,-193,24289,0.00,0,1,0.00,0.0,18,53,-982,19,983,0,0.0000000,0.0000000,0.00,0.00,99.99,0,1,20:48:22,00
431385,-195,24289,0.00,0,1,0.00,0.0,18,54,-982,17,983,0,0.0000000,0.0000000,0.00,0.00,99.99,0,1,20:48:23,00
431852,-196,24289,0.00,0,1,0.00,0.0,18,56,-982,19,984,0,0.0000000,0.0000000,0.00,0.00,99.99,0,1,20:48:23,00
432321,-194,24289,0.00,0,1,0.00,0.0,18,53,-982,22,984,0,0.0000000,0.0000000,0.00,0.00,99.99,0,1,20:48:23,00
432790,-192,24289,0.00,0,1,0.00,0.0,18,55,-982,18,984,0,0.0000000,0.0000000,0.00,0.00,99.99,0,1,20:48:24,00
433251,-179,24289,0.00,0,1,0.00,0.0,18,55,-983,20,985,0,0.0000000,0.0000000,0.00,0.00,99.99,0,1,20:48:24,00
433721,-191,24289,0.00,0,1,0.00,0.0,18,54,-981,19,983,0,0.0000000,0.0000000,0.00,0.00,99.99,0,1,20:48:25,00
434198,-194,24289,0.00,0,1,0.00,0.0,18,55,-983,23,984,0,0.0000000,0.0000000,0.00,0.00,99.99,0,1,20:48:25,00
434673,-179,24289,0.00,0,1,0.00,0.0,18,53,-983,17,984,0,0.0000000,0.0000000,0.00,0.00,99.99,0,1,20:48:26,00
435143,-205,24289,0.00,0,1,0.00,0.0,18,55,-983,21,985,0,0.0000000,0.0000000,0.00,0.00,99.99,0,1,20:48:26,00
435609,-184,24289,0.00,0,1,0.00,0.0,18,55,-982,19,984,0,0.0000000,0.0000000,0.00,0.00,99.99,0,1,20:48:27,00
436084,-178,24289,0.00,0,1,0.00,0.0,18,55,-982,19,984,0,0.0000000,0.0000000,0.00,0.00,99.99,0,1,20:48:27,00
436557,-190,24289,0.00,0,1,0.00,0.0,18,54,-983,18,984,0,0.0000000,0.0000000,0.00,0.00,99.99,0,1,20:48:28,00
437034,-197,24289,0.00,0,1,0.00,0.0,18,57,-983,13,984,0,0.0000000,0.0000000,0.00,0.00,99.99,0,1,20:48:28,00
437498,-180,24289,0.00,0,1,0.00,0.0,18,54,-982,20,984,0,0.0000000,0.0000000,0.00,0.00,99.99,0,1,20:48:29,00
437964,-204,24289,0.00,0,1,0.00,0.0,18,56,-982,19,983,0,0.0000000,0.0000000,0.00,0.00,99.99,0,1,20:48:29,00
438422,-201,24289,0.00,0,1,0.00,0.0,18,54,-983,20,985,0,0.0000000,0.0000000,0.00,0.00,99.99,0,1,20:48:30,00
438892,-202,24289,0.00,0,1,0.00,0.0,18,54,-983,19,984,0,0.0000000,0.0000000,0.00,0.00,99.99,0,1,20:48:30,00
439352,-204,24289,0.00,0,1,0.00,0.0,18,54,-982,20,984,0,0.0000000,0.0000000,0.00,0.00,99.99,0,1,20:48:30,00
439823,-208,24289,0.00,0,1,0.00,0.0,18,53,-982,18,984,0,0.0000000,0.0000000,0.00,0.00,99.99,0,1,20:48:31,00
440301,-206,24289,0.00,0,1,0.00,0.0,18,48,-980,20,982,0,0.0000000,0.0000000,0.00,0.00,99.99,0,1,20:48:31,00
440781,-177,24289,0.00,0,1,0.00,0.0,18,53,-982,19,984,0,0.0000000,0.0000000,0.00,0.00,99.99,0,1,20:48:32,00
441252,-187,24289,0.00,0,1,0.00,0.0,18,54,-983,16,984,0,0.0000000,0.0000000,0.00,0.00,99.99,0,1,20:48:32,00
441719,-185,24289,0.00,0,1,0.00,0.0,18,55,-981,16,983,0,0.0000000,0.0000000,0.00,0.00,99.99,0,1,20:48:33,00
442188,-178,24289,0.00,0,1,0.00,0.0,18,55,-982,16,984,0,0.0000000,0.0000000,0.00,0.00,99.99,0,1,20:48:33,00
442662,-187,24289,0.00,0,1,0.00,0.0,18,54,-983,17,984,0,0.0000000,0.0000000,0.00,0.00,99.99,0,1,20:48:34,00
443140,-183,24289,0.00,0,1,0.00,0.0,18,54,-982,17,984,0,0.0000000,0.0000000,0.00,0.00,99.99,0,1,20:48:34,00
443698,-192,24289,0.00,0,1,0.00,0.0,18,54,-982,19,984,0,0.0000000,0.0000000,0.00,0.00,99.99,0,1,20:48:35,00
444160,-180,24289,0.00,0,1,0.00,0.0,18,55,-982,21,984,0,0.0000000,0.0000000,0.00,0.00,99.99,0,1,20:48:35,00
444623,-184,24289,0.00,0,1,0.00,0.0,18,50,-983,22,984,0,0.0000000,0.0000000,0.00,0.00,99.99,0,1,20:48:36,00
445094,-191,24289,0.00,0,1,0.00,0.0,18,53,-983,18,985,0,0.0000000,0.0000000,0.00,0.00,99.99,0,1,20:48:36,00
445567,-196,24289,0.00,0,1,0.00,0.0,18,51,-983,17,984,0,0.0000000,0.0000000,0.00,0.00,99.99,0,1,20:48:37,00
446026,-181,24289,0.00,0,1,0.00,0.0,18,59,-981,25,983,0,0.0000000,0.0000000,0.00,0.00,99.99,0,1,20:48:37,00
446476,-173,24289,0.00,0,1,0.00,0.0,18,41,-985,26,986,0,0.0000000,0.0000000,0.00,0.00,99.99,0,1,20:48:38,00
446942,-178,24289,0.00,0,1,0.00,0.0,18,38,-984,13,985,0,0.0000000,0.0000000,0.00,0.00,99.99,0,1,20:48:38,00
447383,-201,24289,0.00,0,1,0.00,0.0,18,51,-983,14,984,0,0.0000000,0.0000000,0.00,0.00,99.99,0,1,20:48:39,00
447858,-207,24289,0.00,0,1,0.00,0.0,18,38,-983,8,984,0,0.0000000,0.0000000,0.00,0.00,99.99,0,1,20:48:39,00
448320,-208,24289,0.00,0,1,0.00,0.0,18,56,-982,17,984,0,0.0000000,0.0000000,0.00,0.00,99.99,0,1,20:48:39,00
448785,-182,24289,0.00,0,1,0.00,0.0,18,64,-981,12,983,0,0.0000000,0.0000000,0.00,0.00,99.99,0,1,20:48:40,00
449253,-173,24289,0.00,0,1,0.00,0.0,18,70,-978,11,981,0,0.0000000,0.0000000,0.00,0.00,99.99,0,1,20:48:40,00
449722,-171,24289,0.00,0,1,0.00,0.0,18,66,-980,7,982,0,0.0000000,0.0000000,0.00,0.00,99.99,0,1,20:48:41,00
450196,-195,24289,0.00,0,1,0.00,0.0,18,61,-979,13,981,0,0.0000000,0.0000000,0.00,0.00,99.99,0,1,20:48:41,00
450661,-198,24289,0.00,0,1,0.00,0.0,18,37,-987,28,988,0,0.0000000,0.0000000,0.00,0.00,99.99,0,1,20:48:42,00
451129,-194,24289,0.00,0,1,0.00,0.0,18,34,-985,33,986,0,0.0000000,0.0000000,0.00,0.00,99.99,0,1,20:48:42,00
451597,-197,24289,0.00,0,1,0.00,0.0,18,38,-984,17,985,0,0.0000000,0.0000000,0.00,0.00,99.99,0,1,20:48:43,00
452069,-201,24289,0.00,0,1,0.00,0.0,18,52,-985,53,987,0,0.0000000,0.0000000,0.00,0.00,99.99,0,1,20:48:43,00
452542,-200,24289,0.00,0,1,0.00,0.0,18,25,-986,48,988,0,0.0000000,0.0000000,0.00,0.00,99.99,0,1,20:48:44,00
453009,-200,24289,0.00,0,1,0.00,0.0,18,31,-979,38,980,0,0.0000000,0.0000000,0.00,0.00,99.99,0,1,20:48:44,00
453476,-187,24289,0.00,0,1,0.00,0.0,18,62,-978,7,980,0,0.0000000,0.0000000,0.00,0.00,99.99,0,1,20:48:45,00
453939,-193,24289,0.00,0,1,0.00,0.0,18,58,-981,26,983,0,0.0000000,0.0000000,0.00,0.00,99.99,0,1,20:48:45,00
454416,-192,24289,0.00,0,1,0.00,0.0,18,46,-982,9,983,0,0.0000000,0.0000000,0.00,0.00,99.99,0,1,20:48:46,00
454894,-187,24289,0.00,0,1,0.00,0.0,18,44,-984,1,985,0,0.0000000,0.0000000,0.00,0.00,99.99,0,1,20:48:46,00
455353,-202,24289,0.00,0,1,0.00,0.0,18,53,-983,18,984,0,0.0000000,0.0000000,0.00,0.00,99.99,0,1,20:48:46,00
455840,-207,24289,0.00,0,1,0.00,0.0,18,50,-978,31,980,0,0.0000000,0.0000000,0.00,0.00,99.99,0,1,20:48:47,00
456329,-194,24289,0.00,0,1,0.00,0.0,18,44,-984,27,986,0,0.0000000,0.0000000,0.00,0.00,99.99,0,1,20:48:47,00
456828,-195,24289,0.00,0,1,0.00,0.0,18,57,-981,9,982,0,0.0000000,0.0000000,0.00,0.00,99.99,0,1,20:48:48,00
457320,-185,24289,0.00,0,1,0.00,0.0,18,55,-984,18,986,0,0.0000000,0.0000000,0.00,0.00,99.99,0,1,20:48:48,00
457814,-203,24289,0.00,0,1,0.00,0.0,18,51,-982,23,984,0,0.0000000,0.0000000,0.00,0.00,99.99,0,1,20:48:49,00
458321,-192,24289,0.00,0,1,0.00,0.0,18,52,-982,16,984,0,0.0000000,0.0000000,0.00,0.00,99.99,0,1,20:48:49,00
458900,-197,24289,0.00,0,1,0.00,0.0,18,54,-982,17,983,0,0.0000000,0.0000000,0.00,0.00,99.99,0,1,20:48:50,00
459373,-178,24289,0.00,0,1,0.00,0.0,18,48,-982,16,983,0,0.0000000,0.0000000,0.00,0.00,99.99,0,1,20:48:50,00
459846,-179,24289,0.00,0,1,0.00,0.0,18,57,-981,14,983,0,0.0000000,0.0000000,0.00,0.00,99.99,0,1,20:48:51,00
460313,-175,24289,0.00,0,1,0.00,0.0,18,49,-984,17,985,0,0.0000000,0.0000000,0.00,0.00,99.99,0,1,20:48:51,00
460781,-176,24289,0.00,0,1,0.00,0.0,18,43,-989,29,991,0,0.0000000,0.0000000,0.00,0.00,99.99,0,1,20:48:52,00
461242,-179,24289,0.00,0,1,0.00,0.0,18,70,-980,19,983,0,0.0000000,0.0000000,0.00,0.00,99.99,0,1,20:48:52,00
461711,-171,24289,0.00,0,1,0.00,0.0,18,57,-981,18,983,0,0.0000000,0.0000000,0.00,0.00,99.99,0,1,20:48:53,00
462174,-191,24289,0.00,0,1,0.00,0.0,18,54,-982,21,984,0,0.0000000,0.0000000,0.00,0.00,99.99,0,1,20:48:53,00
462645,-202,24289,0.00,0,1,0.00,0.0,18,53,-984,24,985,0,0.0000000,0.0000000,0.00,0.00,99.99,0,1,20:48:54,00
463122,-197,24289,0.00,0,1,0.00,0.0,18,52,-983,18,984,0,0.0000000,0.0000000,0.00,0.00,99.99,0,1,20:48:54,00
463585,-179,24289,0.00,0,1,0.00,0.0,18,53,-981,12,982,0,0.0000000,0.0000000,0.00,0.00,99.99,0,1,20:48:55,00
464052,-207,24289,0.00,0,1,0.00,0.0,18,57,-983,19,985,0,0.0000000,0.0000000,0.00,0.00,99.99,0,1,20:48:55,00
464513,-192,24289,0.00,0,1,0.00,0.0,18,59,-981,17,983,0,0.0000000,0.0000000,0.00,0.00,99.99,0,1,20:48:56,00
464983,-190,24289,0.00,0,1,0.00,0.0,18,53,-982,21,984,0,0.0000000,0.0000000,0.00,0.00,99.99,0,1,20:48:56,00
465435,-185,24289,0.00,0,1,0.00,0.0,18,54,-981,18,983,0,0.0000000,0.0000000,0.00,0.00,99.99,0,1,20:48:57,00
465899,-191,24289,0.00,0,1,0.00,0.0,18,52,-982,34,984,0,0.0000000,0.0000000,0.00,0.00,99.99,0,1,20:48:57,00
466351,-190,24289,0.00,0,1,0.00,0.0,18,61,-980,23,982,0,0.0000000,0.0000000,0.00,0.00,99.99,0,1,20:48:57,00
466823,-196,24289,0.00,0,1,0.00,0.0,18,48,-982,15,984,0,0.0000000,0.0000000,0.00,0.00,99.99,0,1,20:48:58,00
467295,-193,24289,0.00,0,1,0.00,0.0,18,39,-985,29,987,0,0.0000000,0.0000000,0.00,0.00,99.99,0,1,20:48:58,00
467769,-191,24289,0.00,0,1,0.00,0.0,18,57,-982,2,984,0,0.0000000,0.0000000,0.00,0.00,99.99,0,1,20:48:59,00
468248,-178,24289,0.00,0,1,0.00,0.0,18,51,-982,18,984,0,0.0000000,0.0000000,0.00,0.00,99.99,0,1,20:48:59,00
468735,-190,24289,0.00,0,1,0.00,0.0,18,49,-983,21,985,0,0.0000000,0.0000000,0.00,0.00,99.99,0,1,20:49:00,00
469214,-189,24289,0.00,0,1,0.00,0.0,18,60,-981,19,983,0,0.0000000,0.0000000,0.00,0.00,99.99,0,1,20:49:00,00
469683,-183,24289,0.00,0,1,0.00,0.0,18,54,-982,18,984,0,0.0000000,0.0000000,0.00,0.00,99.99,0,1,20:49:01,00
470151,-181,24289,0.00,0,1,0.00,0.0,18,53,-982,20,984,0,0.0000000,0.0000000,0.00,0.00,99.99,0,1,20:49:01,00
470621,-186,24289,0.00,0,1,0.00,0.0,18,53,-983,17,984,0,0.0000000,0.0000000,0.00,0.00,99.99,0,1,20:49:02,00
471096,-203,24289,0.00,0,1,0.00,0.0,18,59,-982,24,984,0,0.0000000,0.0000000,0.00,0.00,99.99,0,1,20:49:02,00
471561,-210,24289,0.00,0,1,0.00,0.0,18,59,-981,15,983,0,0.0000000,0.0000000,0.00,0.00,99.99,0,1,20:49:03,00
472042,-213,24289,0.00,0,1,0.00,0.0,18,56,-982,25,984,0,0.0000000,0.0000000,0.00,0.00,99.99,0,1,20:49:03,00
472514,-211,24289,0.00,0,1,0.00,0.0,18,56,-982,15,984,0,0.0000000,0.0000000,0.00,0.00,99.99,0,1,20:49:04,00
472981,-210,24289,0.00,0,1,0.00,0.0,18,56,-983,14,984,0,0.0000000,0.0000000,0.00,0.00,99.99,0,1,20:49:04,00
473449,-211,24289,0.00,0,1,0.00,0.0,18,45,-983,14,984,0,0.0000000,0.0000000,0.00,0.00,99.99,0,1,20:49:05,00
473989,-197,24289,0.00,0,1,0.00,0.0,18,47,-983,8,984,0,0.0000000,0.0000000,0.00,0.00,99.99,0,1,20:49:05,00
474424,-189,24289,0.00,0,1,0.00,0.0,18,62,-981,18,983,0,0.0000000,0.0000000,0.00,0.00,99.99,0,1,20:49:06,00
474896,-199,24289,0.00,0,1,0.00,0.0,18,58,-980,15,982,0,0.0000000,0.0000000,0.00,0.00,99.99,0,1,20:49:06,00
475360,-196,24289,0.00,0,1,0.00,0.0,18,70,-980,31,983,0,0.0000000,0.0000000,0.00,0.00,99.99,0,1,20:49:07,00
475836,-202,24289,0.00,0,1,0.00,0.0,18,48,-984,20,985,0,0.0000000,0.0000000,0.00,0.00,99.99,0,1,20:49:07,00
476291,-187,24289,0.00,0,1,0.00,0.0,18,56,-982,25,984,0,0.0000000,0.0000000,0.00,0.00,99.99,0,1,20:49:07,00
476749,-176,24289,0.00,0,1,0.00,0.0,18,54,-984,21,985,0,0.0000000,0.0000000,0.00,0.00,99.99,0,1,20:49:08,00
477223,-175,24289,0.00,0,1,0.00,0.0,18,48,-985,18,987,0,0.0000000,0.0000000,0.00,0.00,99.99,0,1,20:49:08,00
477680,-166,24289,0.00,0,1,0.00,0.0,18,51,-982,18,983,0,0.0000000,0.0000000,0.00,0.00,99.99,0,1,20:49:09,00
478153,-210,24289,0.00,0,1,0.00,0.0,18,51,-983,6,984,0,0.0000000,0.0000000,0.00,0.00,99.99,0,1,20:49:09,00
478612,-210,24289,0.00,0,1,0.00,0.0,18,56,-981,15,983,0,0.0000000,0.0000000,0.00,0.00,99.99,0,1,20:49:10,00
479072,-185,24289,0.00,0,1,0.00,0.0,18,54,-984,21,985,0,0.0000000,0.0000000,0.00,0.00,99.99,0,1,20:49:10,00
479546,-187,24289,0.00,0,1,0.00,0.0,18,55,-986,21,988,0,0.0000000,0.0000000,0.00,0.00,99.99,0,1,20:49:11,00
480023,-187,24289,0.00,0,1,0.00,0.0,18,45,-984,18,985,0,0.0000000,0.0000000,0.00,0.00,99.99,0,1,20:49:11,00
480481,-187,24289,0.00,0,1,0.00,0.0,18,53,-981,15,982,0,0.0000000,0.0000000,0.00,0.00,99.99,0,1,20:49:12,00
480947,-186,24289,0.00,0,1,0.00,0.0,18,52,-982,16,983,0,0.0000000,0.0000000,0.00,0.00,99.99,0,1,20:49:12,00
481405,-178,24289,0.00,0,1,0.00,0.0,18,51,-982,19,983,0,0.0000000,0.0000000,0.00,0.00,99.99,0,1,20:49:13,00
481867,-199,24289,0.00,0,1,0.00,0.0,18,53,-982,17,984,0,0.0000000,0.0000000,0.00,0.00,99.99,0,1,20:49:13,00
482331,-203,24289,0.00,0,1,0.00,0.0,18,51,-982,16,983,0,0.0000000,0.0000000,0.00,0.00,99.99,0,1,20:49:13,00
482794,-204,24289,0.00,0,1,0.00,0.0,18,50,-984,20,985,0,0.0000000,0.0000000,0.00,0.00,99.99,0,1,20:49:14,00
483254,-202,24289,0.00,0,1,0.00,0.0,18,59,-982,18,984,0,0.0000000,0.0000000,0.00,0.00,99.99,0,1,20:49:14,00
483728,-187,24289,0.00,0,1,0.00,0.0,18,47,-983,10,984,0,0.0000000,0.0000000,0.00,0.00,99.99,0,1,20:49:15,00
484190,-187,24289,0.00,0,1,0.00,0.0,18,51,-983,16,984,0,0.0000000,0.0000000,0.00,0.00,99.99,0,1,20:49:15,00
484665,-200,24289,0.00,0,1,0.00,0.0,18,44,-984,18,985,0,0.0000000,0.0000000,0.00,0.00,99.99,0,1,20:49:16,00
485149,-194,24289,0.00,0,1,0.00,0.0,18,40,-985,19,986,0,0.0000000,0.0000000,0.00,0.00,99.99,0,1,20:49:16,00
485613,-182,24289,0.00,0,1,0.00,0.0,18,59,-981,13,982,0,0.0000000,0.0000000,0.00,0.00,99.99,0,1,20:49:17,00
486090,-192,24289,0.00,0,1,0.00,0.0,18,46,-983,20,984,0,0.0000000,0.0000000,0.00,0.00,99.99,0,1,20:49:17,00
486563,-187,24289,0.00,0,1,0.00,0.0,18,51,-983,12,985,0,0.0000000,0.0000000,0.00,0.00,99.99,0,1,20:49:18,00
487051,-205,24289,0.00,0,1,0.00,0.0,18,55,-981,19,983,0,0.0000000,0.0000000,0.00,0.00,99.99,0,1,20:49:18,00
487520,-193,24289,0.00,0,1,0.00,0.0,18,46,-984,17,985,0,0.0000000,0.0000000,0.00,0.00,99.99,0,1,20:49:19,00
487997,-199,24289,0.00,0,1,0.00,0.0,18,56,-981,11,982,0,0.0000000,0.0000000,0.00,0.00,99.99,0,1,20:49:19,00
488473,-201,24289,0.00,0,1,0.00,0.0,18,44,-985,37,986,0,0.0000000,0.0000000,0.00,0.00,99.99,0,1,20:49:20,00
489021,-190,24289,0.00,0,1,0.00,0.0,18,49,-984,21,985,0,0.0000000,0.0000000,0.00,0.00,99.99,0,1,20:49:20,00
489477,-193,24289,0.00,0,1,0.00,0.0,18,52,-983,24,985,0,0.0000000,0.0000000,0.00,0.00,99.99,0,1,20:49:21,00
489951,-196,24289,0.00,0,1,0.00,0.0,18,53,-983,18,984,0,0.0000000,0.0000000,0.00,0.00,99.99,0,1,20:49:21,00
490395,-184,24289,0.00,0,1,0.00,0.0,18,56,-980,18,982,0,0.0000000,0.0000000,0.00,0.00,99.99,0,1,20:49:21,00
490867,-200,24289,0.00,0,1,0.00,0.0,18,55,-985,31,987,0,0.0000000,0.0000000,0.00,0.00,99.99,0,1,20:49:22,00
491341,-191,24289,0.00,0,1,0.00,0.0,18,48,-982,1,983,0,0.0000000,0.0000000,0.00,0.00,99.99,0,1,20:49:22,00
491802,-207,24289,0.00,0,1,0.00,0.0,18,58,-981,13,983,0,0.0000000,0.0000000,0.00,0.00,99.99,0,1,20:49:23,00
492263,-200,24289,0.00,0,1,0.00,0.0,18,64,-979,6,982,0,0.0000000,0.0000000,0.00,0.00,99.99,0,1,20:49:23,00
492726,-186,24289,0.00,0,1,0.00,0.0,18,32,-987,23,988,0,0.0000000,0.0000000,0.00,0.00,99.99,0,1,20:49:24,00
493189,-182,24289,0.00,0,1,0.00,0.0,18,50,-988,16,989,0,0.0000000,0.0000000,0.00,0.00,99.99,0,1,20:49:24,00
493647,-180,24289,0.00,0,1,0.00,0.0,18,69,-981,31,984,0,0.0000000,0.0000000,0.00,0.00,99.99,0,1,20:49:25,00
494103,-202,24289,0.00,0,1,0.00,0.0,18,46,-982,23,983,0,0.0000000,0.0000000,0.00,0.00,99.99,0,1,20:49:25,00
494566,-206,24289,0.00,0,1,0.00,0.0,18,42,-985,22,986,0,0.0000000,0.0000000,0.00,0.00,99.99,0,1,20:49:26,00
495045,-201,24289,0.00,0,1,0.00,0.0,18,39,-984,24,985,0,0.0000000,0.0000000,0.00,0.00,99.99,0,1,20:49:26,00
495498,-190,24289,0.00,0,1,0.00,0.0,18,49,-983,26,985,0,0.0000000,0.0000000,0.00,0.00,99.99,0,1,20:49:27,00
495954,-191,24289,0.00,0,1,0.00,0.0,18,37,-984,22,985,0,0.0000000,0.0000000,0.00,0.00,99.99,0,1,20:49:27,00
496406,-192,24289,0.00,0,1,0.00,0.0,18,42,-987,23,988,0,0.0000000,0.0000000,0.00,0.00,99.99,0,1,20:49:28,00
496877,-191,24289,0.00,0,1,0.00,0.0,18,63,-983,9,985,0,0.0000000,0.0000000,0.00,0.00,99.99,0,1,20:49:28,00
497347,-189,24289,0.00,0,1,0.00,0.0,18,62,-982,15,984,0,0.0000000,0.0000000,0.00,0.00,99.99,0,1,20:49:28,00
497822,-185,24289,0.00,0,1,0.00,0.0,18,43,-982,26,984,0,0.0000000,0.0000000,0.00,0.00,99.99,0,1,20:49:29,00
498286,-186,24289,0.00,0,1,0.00,0.0,18,45,-988,40,990,0,0.0000000,0.0000000,0.00,0.00,99.99,0,1,20:49:29,00
498749,-184,24289,0.00,0,1,0.00,0.0,18,49,-982,19,983,0,0.0000000,0.0000000,0.00,0.00,99.99,0,1,20:49:30,00
499223,-188,24289,0.00,0,1,0.00,0.0,18,53,-981,26,983,0,0.0000000,0.0000000,0.00,0.00,99.99,0,1,20:49:30,00
499690,-182,24289,0.00,0,1,0.00,0.0,18,59,-984,29,986,0,0.0000000,0.0000000,0.00,0.00,99.99,0,1,20:49:31,00
500159,-203,24289,0.00,0,1,0.00,0.0,18,40,-987,22,988,0,0.0000000,0.0000000,0.00,0.00,99.99,0,1,20:49:31,00
500633,-207,24289,0.00,0,1,0.00,0.0,18,54,-983,23,984,0,0.0000000,0.0000000,0.00,0.00,99.99,0,1,20:49:32,00
501102,-210,24289,0.00,0,1,0.00,0.0,18,53,-982,27,984,0,0.0000000,0.0000000,0.00,0.00,99.99,0,1,20:49:32,00
501578,-211,24289,0.00,0,1,0.00,0.0,18,48,-983,24,984,0,0.0000000,0.0000000,0.00,0.00,99.99,0,1,20:49:33,00
502054,-208,24289,0.00,0,1,0.00,0.0,18,60,-978,31,980,0,0.0000000,0.0000000,0.00,0.00,99.99,0,1,20:49:33,00
502522,-205,24289,0.00,0,1,0.00,0.0,18,54,-984,36,986,0,0.0000000,0.0000000,0.00,0.00,99.99,0,1,20:49:34,00
502992,-207,24289,0.00,0,1,0.00,0.0,18,61,-981,26,983,0,0.0000000,0.0000000,0.00,0.00,99.99,0,1,20:49:34,00
503436,-185,24289,0.00,0,1,0.00,0.0,18,62,-981,13,983,0,0.0000000,0.0000000,0.00,0.00,99.99,0,1,20:49:35,00
503985,-194,24289,0.00,0,1,0.00,0.0,18,46,-984,27,985,0,0.0000000,0.0000000,0.00,0.00,99.99,0,1,20:49:35,00
504419,-192,24289,0.00,0,1,0.00,0.0,18,54,-982,22,984,0,0.0000000,0.0000000,0.00,0.00,99.99,0,1,20:49:36,00
504881,-184,24289,0.00,0,1,0.00,0.0,18,56,-981,21,982,0,0.0000000,0.0000000,0.00,0.00,99.99,0,1,20:49:36,00
505340,-203,24289,0.00,0,1,0.00,0.0,18,59,-983,22,985,0,0.0000000,0.0000000,0.00,0.00,99.99,0,1,20:49:36,00
505804,-185,24289,0.00,0,1,0.00,0.0,18,56,-982,19,984,0,0.0000000,0.0000000,0.00,0.00,99.99,0,1,20:49:37,00
506273,-177,24289,0.00,0,1,0.00,0.0,18,50,-983,21,985,0,0.0000000,0.0000000,0.00,0.00,99.99,0,1,20:49:37,00
506728,-172,24289,0.00,0,1,0.00,0.0,18,49,-982,24,984,0,0.0000000,0.0000000,0.00,0.00,99.99,0,1,20:49:38,00
507189,-212,24289,0.00,0,1,0.00,0.0,18,51,-983,21,985,0,0.0000000,0.0000000,0.00,0.00,99.99,0,1,20:49:38,00
507644,-208,24289,0.00,0,1,0.00,0.0,18,47,-985,23,986,0,0.0000000,0.0000000,0.00,0.00,99.99,0,1,20:49:39,00
508106,-213,24289,0.00,0,1,0.00,0.0,18,53,-981,17,983,0,0.0000000,0.0000000,0.00,0.00,99.99,0,1,20:49:39,00
508572,-184,24289,0.00,0,1,0.00,0.0,18,49,-983,23,984,0,0.0000000,0.0000000,0.00,0.00,99.99,0,1,20:49:40,00
509033,-180,24289,0.00,0,1,0.00,0.0,18,55,-983,18,984,0,0.0000000,0.0000000,0.00,0.00,99.99,0,1,20:49:40,00
509492,-178,24289,0.00,0,1,0.00,0.0,18,52,-982,18,984,0,0.0000000,0.0000000,0.00,0.00,99.99,0,1,20:49:41,00
509954,-187,24289,0.00,0,1,0.00,0.0,18,53,-982,15,984,0,0.0000000,0.0000000,0.00,0.00,99.99,0,1,20:49:41,00
510379,-182,24289,0.00,0,1,0.00,0.0,18,43,-986,31,987,0,0.0000000,0.0000000,0.00,0.00,99.99,0,1,20:49:41,00
510846,-196,24289,0.00,0,1,0.00,0.0,18,35,-985,12,986,0,0.0000000,0.0000000,0.00,0.00,99.99,0,1,20:49:42,00
511309,-190,24289,0.00,0,1,0.00,0.0,18,55,-983,16,985,0,0.0000000,0.0000000,0.00,0.00,99.99,0,1,20:49:42,00
511776,-204,24289,0.00,0,1,0.00,0.0,18,58,-981,18,983,0,0.0000000,0.0000000,0.00,0.00,99.99,0,1,20:49:43,00
512237,-205,24289,0.00,0,1,0.00,0.0,18,64,-981,18,983,0,0.0000000,0.0000000,0.00,0.00,99.99,0,1,20:49:43,00
512701,-204,24289,0.00,0,1,0.00,0.0,18,54,-980,16,982,0,0.0000000,0.0000000,0.00,0.00,99.99,0,1,20:49:44,00
513173,-198,24289,0.00,0,1,0.00,0.0,18,53,-982,13,984,0,0.0000000,0.0000000,0.00,0.00,99.99,0,1,20:49:44,00
513640,-191,24289,0.00,0,1,0.00,0.0,18,57,-982,25,984,0,0.0000000,0.0000000,0.00,0.00,99.99,0,1,20:49:45,00
514110,-191,24289,0.00,0,1,0.00,0.0,18,39,-983,22,984,0,0.0000000,0.0000000,0.00,0.00,99.99,0,1,20:49:45,00
514578,-204,24289,0.00,0,1,0.00,0.0,18,51,-980,26,982,0,0.0000000,0.0000000,0.00,0.00,99.99,0,1,20:49:46,00
515048,-193,24289,0.00,0,1,0.00,0.0,18,28,-992,21,992,0,0.0000000,0.0000000,0.00,0.00,99.99,0,1,20:49:46,00
515521,-208,24289,0.00,0,1,0.00,0.0,18,54,-982,13,983,0,0.0000000,0.0000000,0.00,0.00,99.99,0,1,20:49:47,00
515989,-198,24289,0.00,0,1,0.00,0.0,18,51,-983,14,984,0,0.0000000,0.0000000,0.00,0.00,99.99,0,1,20:49:47,00
516434,-194,24289,0.00,0,1,0.00,0.0,18,42,-985,13,986,0,0.0000000,0.0000000,0.00,0.00,99.99,0,1,20:49:48,00
516907,-208,24289,0.00,0,1,0.00,0.0,18,50,-982,16,983,0,0.0000000,0.0000000,0.00,0.00,99.99,0,1,20:49:48,00
517361,-198,24289,0.00,0,1,0.00,0.0,18,39,-983,6,984,0,0.0000000,0.0000000,0.00,0.00,99.99,0,1,20:49:48,00
517833,-206,24289,0.00,0,1,0.00,0.0,18,55,-980,18,982,0,0.0000000,0.0000000,0.00,0.00,99.99,0,1,20:49:49,00
518300,-197,24289,0.00,0,1,0.00,0.0,18,52,-982,21,984,0,0.0000000,0.0000000,0.00,0.00,99.99,0,1,20:49:49,00
518836,-174,24289,0.00,0,1,0.00,0.0,18,61,-980,10,982,0,0.0000000,0.0000000,0.00,0.00,99.99,0,1,20:49:50,00
519292,-170,24289,0.00,0,1,0.00,0.0,18,56,-979,16,981,0,0.0000000,0.0000000,0.00,0.00,99.99,0,1,20:49:50,00
519752,-171,24289,0.00,0,1,0.00,0.0,18,48,-985,31,987,0,0.0000000,0.0000000,0.00,0.00,99.99,0,1,20:49:51,00
520210,-177,24289,0.00,0,1,0.00,0.0,18,55,-982,24,984,0,0.0000000,0.0000000,0.00,0.00,99.99,0,1,20:49:51,00
520673,-175,24289,0.00,0,1,0.00,0.0,18,59,-981,20,983,0,0.0000000,0.0000000,0.00,0.00,99.99,0,1,20:49:52,00
521125,-192,24289,0.00,0,1,0.00,0.0,18,56,-983,28,985,0,0.0000000,0.0000000,0.00,0.00,99.99,0,1,20:49:52,00
521590,-194,24289,0.00,0,1,0.00,0.0,18,52,-986,16,987,0,0.0000000,0.0000000,0.00,0.00,99.99,0,1,20:49:53,00
522051,-201,24289,0.00,0,1,0.00,0.0,18,58,-980,18,982,0,0.0000000,0.0000000,0.00,0.00,99.99,0,1,20:49:53,00
522502,-173,24289,0.00,0,1,0.00,0.0,18,50,-983,21,985,0,0.0000000,0.0000000,0.00,0.00,99.99,0,1,20:49:54,00
522962,-174,24289,0.00,0,1,0.00,0.0,18,53,-982,21,984,0,0.0000000,0.0000000,0.00,0.00,99.99,0,1,20:49:54,00
523415,-170,24289,0.00,0,1,0.00,0.0,18,50,-985,18,987,0,0.0000000,0.0000000,0.00,0.00,99.99,0,1,20:49:54,00
523883,-173,24289,0.00,0,1,0.00,0.0,18,51,-981,5,983,0,0.0000000,0.0000000,0.00,0.00,99.99,0,1,20:49:55,00
524346,-177,24289,0.00,0,1,0.00,0.0,18,52,-983,24,984,0,0.0000000,0.0000000,0.00,0.00,99.99,0,1,20:49:55,00
524828,-207,24289,0.00,0,1,0.00,0.0,18,53,-982,22,984,0,0.0000000,0.0000000,0.00,0.00,99.99,0,1,20:49:56,00
525287,-204,24289,0.00,0,1,0.00,0.0,18,55,-983,23,985,0,0.0000000,0.0000000,0.00,0.00,99.99,0,1,20:49:56,00
525759,-208,24289,0.00,0,1,0.00,0.0,18,46,-983,10,984,0,0.0000000,0.0000000,0.00,0.00,99.99,0,1,20:49:57,00
526242,-196,24289,0.00,0,1,0.00,0.0,18,60,-981,20,983,0,0.0000000,0.0000000,0.00,0.00,99.99,0,1,20:49:57,00
526719,-176,24289,0.00,0,1,0.00,0.0,18,66,-977,7,979,0,0.0000000,0.0000000,0.00,0.00,99.99,0,1,20:49:58,00
527202,-191,24289,0.00,0,1,0.00,0.0,18,53,-983,15,985,0,0.0000000,0.0000000,0.00,0.00,99.99,0,1,20:49:58,00
527670,-193,24289,0.00,0,1,0.00,0.0,18,50,-984,23,986,0,0.0000000,0.0000000,0.00,0.00,99.99,0,1,20:49:59,00
528145,-206,24289,0.00,0,1,0.00,0.0,18,51,-981,18,983,0,0.0000000,0.0000000,0.00,0.00,99.99,0,1,20:49:59,00
528614,-209,24289,0.00,0,1,0.00,0.0,18,58,-981,16,983,0,0.0000000,0.0000000,0.00,0.00,99.99,0,1,20:50:00,00
529075,-207,24289,0.00,0,1,0.00,0.0,18,64,-978,6,980,0,0.0000000,0.0000000,0.00,0.00,99.99,0,1,20:50:00,00
529554,-209,24289,0.00,0,1,0.00,0.0,18,45,-985,10,986,0,0.0000000,0.0000000,0.00,0.00,99.99,0,1,20:50:01,00
530020,-208,24289,0.00,0,1,0.00,0.0,18,43,-987,58,990,0,0.0000000,0.0000000,0.00,0.00,99.99,0,1,20:50:01,00
530487,-195,24289,0.00,0,1,0.00,0.0,18,55,-984,34,986,0,0.0000000,0.0000000,0.00,0.00,99.99,0,1,20:50:02,00
530956,-191,24289,0.00,0,1,0.00,0.0,18,64,-980,6,982,0,0.0000000,0.0000000,0.00,0.00,99.99,0,1,20:50:02,00
531384,-197,24289,0.00,0,1,0.00,0.0,18,55,-983,27,985,0,0.0000000,0.0000000,0.00,0.00,99.99,0,1,20:50:03,00
531860,-190,24289,0.00,0,1,0.00,0.0,18,73,-980,19,983,0,0.0000000,0.0000000,0.00,0.00,99.99,0,1,20:50:03,00
532326,-190,24289,0.00,0,1,0.00,0.0,18,51,-984,29,986,0,0.0000000,0.0000000,0.00,0.00,99.99,0,1,20:50:03,00
532805,-193,24289,0.00,0,1,0.00,0.0,18,31,-985,15,986,0,0.0000000,0.0000000,0.00,0.00,99.99,0,1,20:50:04,00
533284,-191,24289,0.00,0,1,0.00,0.0,18,55,-981,4,982,0,0.0000000,0.0000000,0.00,0.00,99.99,0,1,20:50:04,00
533818,-191,24289,0.00,0,1,0.00,0.0,18,58,-981,19,982,0,0.0000000,0.0000000,0.00,0.00,99.99,0,1,20:50:05,00
534283,-179,24289,0.00,0,1,0.00,0.0,18,50,-983,18,984,0,0.0000000,0.0000000,0.00,0.00,99.99,0,1,20:50:05,00
534746,-190,24289,0.00,0,1,0.00,0.0,18,60,-978,-1,980,0,0.0000000,0.0000000,0.00,0.00,99.99,0,1,20:50:06,00
535204,-209,24289,0.00,0,1,0.00,0.0,18,53,-985,37,987,0,0.0000000,0.0000000,0.00,0.00,99.99,0,1,20:50:06,00
535662,-188,24289,0.00,0,1,0.00,0.0,18,51,-980,-3,982,0,0.0000000,0.0000000,0.00,0.00,99.99,0,1,20:50:07,00
536127,-204,24289,0.00,0,1,0.00,0.0,18,55,-984,19,986,0,0.0000000,0.0000000,0.00,0.00,99.99,0,1,20:50:07,00
536604,-197,24289,0.00,0,1,0.00,0.0,18,58,-983,25,985,0,0.0000000,0.0000000,0.00,0.00,99.99,0,1,20:50:08,00
537072,-201,24289,0.00,0,1,0.00,0.0,18,42,-985,23,986,0,0.0000000,0.0000000,0.00,0.00,99.99,0,1,20:50:08,00
537531,-208,24289,0.00,0,1,0.00,0.0,18,46,-983,9,984,0,0.0000000,0.0000000,0.00,0.00,99.99,0,1,20:50:09,00
537996,-200,24289,0.00,0,1,0.00,0.0,18,42,-988,27,989,0,0.0000000,0.0000000,0.00,0.00,99.99,0,1,20:50:09,00
538432,-196,24289,0.00,0,1,0.00,0.0,18,69,-980,17,982,0,0.0000000,0.0000000,0.00,0.00,99.99,0,1,20:50:10,00
538906,-180,24289,0.00,0,1,0.00,0.0,18,57,-983,25,985,0,0.0000000,0.0000000,0.00,0.00,99.99,0,1,20:50:10,00
539373,-173,24289,0.00,0,1,0.00,0.0,18,54,-982,19,984,0,0.0000000,0.0000000,0.00,0.00,99.99,0,1,20:50:10,00
539842,-182,24289,0.00,0,1,0.00,0.0,18,57,-982,36,984,0,0.0000000,0.0000000,0.00,0.00,99.99,0,1,20:50:11,00
540319,-212,24289,0.00,0,1,0.00,0.0,18,51,-982,28,983,0,0.0000000,0.0000000,0.00,0.00,99.99,0,1,20:50:11,00
540783,-207,24289,0.00,0,1,0.00,0.0,18,50,-982,17,984,0,0.0000000,0.0000000,0.00,0.00,99.99,0,1,20:50:12,00
541265,-213,24289,0.00,0,1,0.00,0.0,18,41,-986,21,987,0,0.0000000,0.0000000,0.00,0.00,99.99,0,1,20:50:12,00
541734,-208,24289,0.00,0,1,0.00,0.0,18,56,-983,31,985,0,0.0000000,0.0000000,0.00,0.00,99.99,0,1,20:50:13,00
542200,-188,24289,0.00,0,1,0.00,0.0,18,75,-979,18,982,0,0.0000000,0.0000000,0.00,0.00,99.99,0,1,20:50:13,00
542665,-192,24289,0.00,0,1,0.00,0.0,18,57,-979,21,981,0,0.0000000,0.0000000,0.00,0.00,99.99,0,1,20:50:14,00
543139,-195,24289,0.00,0,1,0.00,0.0,18,59,-983,33,986,0,0.0000000,0.0000000,0.00,0.00,99.99,0,1,20:50:14,00
543608,-201,24289,0.00,0,1,0.00,0.0,18,64,-980,24,982,0,0.0000000,0.0000000,0.00,0.00,99.99,0,1,20:50:15,00
544072,-196,24289,0.00,0,1,0.00,0.0,18,47,-985,20,986,0,0.0000000,0.0000000,0.00,0.00,99.99,0,1,20:50:15,00
544536,-206,24289,0.00,0,1,0.00,0.0,18,52,-982,22,983,0,0.0000000,0.0000000,0.00,0.00,99.99,0,1,20:50:16,00
545010,-211,24289,0.00,0,1,0.00,0.0,18,54,-981,22,982,0,0.0000000,0.0000000,0.00,0.00,99.99,0,1,20:50:16,00
545469,-204,24289,0.00,0,1,0.00,0.0,18,61,-981,9,983,0,0.0000000,0.0000000,0.00,0.00,99.99,0,1,20:50:17,00
545955,-207,24289,0.00,0,1,0.00,0.0,18,57,-976,19,978,0,0.0000000,0.0000000,0.00,0.00,99.99,0,1,20:50:17,00
546408,-197,24289,0.00,0,1,0.00,0.0,18,39,-984,29,985,0,0.0000000,0.0000000,0.00,0.00,99.99,0,1,20:50:18,00
546895,-209,24289,0.00,0,1,0.00,0.0,18,44,-983,14,984,0,0.0000000,0.0000000,0.00,0.00,99.99,0,1,20:50:18,00
547362,-196,24289,0.00,0,1,0.00,0.0,18,56,-981,15,983,0,0.0000000,0.0000000,0.00,0.00,99.99,0,1,20:50:19,00
547833,-203,24289,0.00,0,1,0.00,0.0,18,47,-981,22,982,0,0.0000000,0.0000000,0.00,0.00,99.99,0,1,20:50:19,00
548312,-202,24289,0.00,0,1,0.00,0.0,18,52,-979,20,980,0,0.0000000,0.0000000,0.00,0.00,99.99,0,1,20:50:19,00
548860,-211,24289,0.00,0,1,0.00,0.0,18,57,-982,28,984,0,0.0000000,0.0000000,0.00,0.00,99.99,0,1,20:50:20,00
549323,-198,24289,0.00,0,1,0.00,0.0,18,6,-991,62,993,0,0.0000000,0.0000000,0.00,0.00,99.99,0,1,20:50:20,00
549789,-198,24289,0.00,0,1,0.00,0.0,18,39,-983,11,984,0,0.0000000,0.0000000,0.00,0.00,99.99,0,1,20:50:21,00
550245,-196,24289,0.00,0,1,0.00,0.0,18,59,-979,11,981,0,0.0000000,0.0000000,0.00,0.00,99.99,0,1,20:50:21,00
550709,-205,24289,0.00,0,1,0.00,0.0,18,47,-982,23,983,0,0.0000000,0.0000000,0.00,0.00,99.99,0,1,20:50:22,00
551177,-203,24289,0.00,0,1,0.00,0.0,18,60,-983,23,985,0,0.0000000,0.0000000,0.00,0.00,99.99,0,1,20:50:22,00
551644,-199,24289,0.00,0,1,0.00,0.0,18,49,-982,6,983,0,0.0000000,0.0000000,0.00,0.00,99.99,0,1,20:50:23,00
552100,-211,24289,0.00,0,1,0.00,0.0,18,52,-985,24,986,0,0.0000000,0.0000000,0.00,0.00,99.99,0,1,20:50:23,00
552563,-197,24289,0.00,0,1,0.00,0.0,18,54,-981,19,983,0,0.0000000,0.0000000,0.00,0.00,99.99,0,1,20:50:24,00
553028,-199,24289,0.00,0,1,0.00,0.0,18,49,-983,20,984,0,0.0000000,0.0000000,0.00,0.00,99.99,0,1,20:50:24,00
553466,-192,24289,0.00,0,1,0.00,0.0,18,54,-981,17,982,0,0.0000000,0.0000000,0.00,0.00,99.99,0,1,20:50:25,00
553927,-205,24289,0.00,0,1,0.00,0.0,18,46,-984,21,986,0,0.0000000,0.0000000,0.00,0.00,99.99,0,1,20:50:25,00
554381,-203,24289,0.00,0,1,0.00,0.0,18,50,-983,20,984,0,0.0000000,0.0000000,0.00,0.00,99.99,0,1,20:50:25,00
554842,-207,24289,0.00,0,1,0.00,0.0,18,54,-983,15,984,0,0.0000000,0.0000000,0.00,0.00,99.99,0,1,20:50:26,00
555313,-202,24289,0.00,0,1,0.00,0.0,18,50,-981,19,983,0,0.0000000,0.0000000,0.00,0.00,99.99,0,1,20:50:26,00
555782,-203,24289,0.00,0,1,0.00,0.0,18,51,-985,27,986,0,0.0000000,0.0000000,0.00,0.00,99.99,0,1,20:50:27,00
556247,-199,24289,0.00,0,1,0.00,0.0,18,51,-983,21,985,0,0.0000000,0.0000000,0.00,0.00,99.99,0,1,20:50:27,00
556707,-203,24289,0.00,0,1,0.00,0.0,18,51,-983,26,985,0,0.0000000,0.0000000,0.00,0.00,99.99,0,1,20:50:28,00
557179,-198,24289,0.00,0,1,0.00,0.0,18,52,-982,19,984,0,0.0000000,0.0000000,0.00,0.00,99.99,0,1,20:50:28,00
557643,-206,24289,0.00,0,1,0.00,0.0,18,55,-982,21,984,0,0.0000000,0.0000000,0.00,0.00,99.99,0,1,20:50:29,00
558102,-210,24289,0.00,0,1,0.00,0.0,18,47,-984,20,985,0,0.0000000,0.0000000,0.00,0.00,99.99,0,1,20:50:29,00
558569,-198,24289,0.00,0,1,0.00,0.0,18,49,-984,21,985,0,0.0000000,0.0000000,0.00,0.00,99.99,0,1,20:50:30,00
559034,-204,24289,0.00,0,1,0.00,0.0,18,60,-976,18,978,0,0.0000000,0.0000000,0.00,0.00,99.99,0,1,20:50:30,00
559494,-205,24289,0.00,0,1,0.00,0.0,18,73,-978,14,981,0,0.0000000,0.0000000,0.00,0.00,99.99,0,1,20:50:31,00
559963,-202,24289,0.00,0,1,0.00,0.0,18,53,-982,20,984,0,0.0000000,0.0000000,0.00,0.00,99.99,0,1,20:50:31,00
560394,-197,24289,0.00,0,1,0.00,0.0,18,55,-981,16,982,0,0.0000000,0.0000000,0.00,0.00,99.99,0,1,20:50:32,00
560855,-207,24289,0.00,0,1,0.00,0.0,18,59,-975,-25,977,0,0.0000000,0.0000000,0.00,0.00,99.99,0,1,20:50:32,00
561321,-205,24289,0.00,0,1,0.00,0.0,18,63,-979,7,981,0,0.0000000,0.0000000,0.00,0.00,99.99,0,1,20:50:32,00
561788,-207,24289,0.00,0,1,0.00,0.0,18,49,-985,14,986,0,0.0000000,0.0000000,0.00,0.00,99.99,0,1,20:50:33,00
562258,-206,24289,0.00,0,1,0.00,0.0,18,39,-982,19,983,0,0.0000000,0.0000000,0.00,0.00,99.99,0,1,20:50:33,00
562724,-209,24289,0.00,0,1,0.00,0.0,18,53,-982,16,983,0,0.0000000,0.0000000,0.00,0.00,99.99,0,1,20:50:34,00
563189,-203,24289,0.00,0,1,0.00,0.0,18,51,-983,21,984,0,0.0000000,0.0000000,0.00,0.00,99.99,0,1,20:50:34,00
563721,-205,24289,0.00,0,1,0.00,0.0,18,53,-988,45,991,0,0.0000000,0.0000000,0.00,0.00,99.99,0,1,20:50:35,00
564179,-201,24289,0.00,0,1,0.00,0.0,18,51,-985,24,986,0,0.0000000,0.0000000,0.00,0.00,99.99,0,1,20:50:35,00
564640,-208,24289,0.00,0,1,0.00,0.0,18,40,-980,-3,981,0,0.0000000,0.0000000,0.00,0.00,99.99,0,1,20:50:36,00
565099,-206,24289,0.00,0,1,0.00,0.0,18,44,-983,33,985,0,0.0000000,0.0000000,0.00,0.00,99.99,0,1,20:50:36,00
565555,-212,24289,0.00,0,1,0.00,0.0,18,28,-986,30,987,0,0.0000000,0.0000000,0.00,0.00,99.99,0,1,20:50:37,00
566022,-207,24289,0.00,0,1,0.00,0.0,18,55,-984,31,986,0,0.0000000,0.0000000,0.00,0.00,99.99,0,1,20:50:37,00
566484,-196,24289,0.00,0,1,0.00,0.0,18,50,-983,20,984,0,0.0000000,0.0000000,0.00,0.00,99.99,0,1,20:50:38,00
566947,-208,24289,0.00,0,1,0.00,0.0,18,36,-984,18,985,0,0.0000000,0.0000000,0.00,0.00,99.99,0,1,20:50:38,00
567378,-201,24289,0.00,0,1,0.00,0.0,18,43,-982,15,983,0,0.0000000,0.0000000,0.00,0.00,99.99,0,1,20:50:39,00
567843,-209,24289,0.00,0,1,0.00,0.0,18,53,-982,15,984,0,0.0000000,0.0000000,0.00,0.00,99.99,0,1,20:50:39,00
568301,-212,24289,0.00,0,1,0.00,0.0,18,57,-980,19,982,0,0.0000000,0.0000000,0.00,0.00,99.99,0,1,20:50:39,00
568760,-209,24289,0.00,0,1,0.00,0.0,18,39,-985,27,986,0,0.0000000,0.0000000,0.00,0.00,99.99,0,1,20:50:40,00
569229,-198,24289,0.00,0,1,0.00,0.0,18,42,-984,22,985,0,0.0000000,0.0000000,0.00,0.00,99.99,0,1,20:50:40,00
569697,-193,24289,0.00,0,1,0.00,0.0,18,74,-980,25,983,0,0.0000000,0.0000000,0.00,0.00,99.99,0,1,20:50:41,00
570167,-202,24289,0.00,0,1,0.00,0.0,18,51,-984,25,985,0,0.0000000,0.0000000,0.00,0.00,99.99,0,1,20:50:41,00
570629,-199,24289,0.00,0,1,0.00,0.0,18,57,-981,18,983,0,0.0000000,0.0000000,0.00,0.00,99.99,0,1,20:50:42,00
571096,-204,24289,0.00,0,1,0.00,0.0,18,79,-979,11,983,0,0.0000000,0.0000000,0.00,0.00,99.99,0,1,20:50:42,00
571566,-204,24289,0.00,0,1,0.00,0.0,18,57,-982,22,984,0,0.0000000,0.0000000,0.00,0.00,99.99,0,1,20:50:43,00
572030,-207,24289,0.00,0,1,0.00,0.0,18,44,-984,11,985,0,0.0000000,0.0000000,0.00,0.00,99.99,0,1,20:50:43,00
572495,-207,24289,0.00,0,1,0.00,0.0,18,54,-981,19,983,0,0.0000000,0.0000000,0.00,0.00,99.99,0,1,20:50:44,00
572963,-206,24289,0.00,0,1,0.00,0.0,18,48,-984,21,985,0,0.0000000,0.0000000,0.00,0.00,99.99,0,1,20:50:44,00
573396,-198,24289,0.00,0,1,0.00,0.0,18,54,-984,31,986,0,0.0000000,0.0000000,0.00,0.00,99.99,0,1,20:50:45,00
573868,-206,24289,0.00,0,1,0.00,0.0,18,49,-982,5,983,0,0.0000000,0.0000000,0.00,0.00,99.99,0,1,20:50:45,00
574328,-206,24289,0.00,0,1,0.00,0.0,18,62,-986,10,988,0,0.0000000,0.0000000,0.00,0.00,99.99,0,1,20:50:45,00
574797,-206,24289,0.00,0,1,0.00,0.0,18,33,-982,17,983,0,0.0000000,0.0000000,0.00,0.00,99.99,0,1,20:50:46,00
575261,-206,24289,0.00,0,1,0.00,0.0,18,47,-982,18,984,0,0.0000000,0.0000000,0.00,0.00,99.99,0,1,20:50:46,00
575727,-200,24289,0.00,0,1,0.00,0.0,18,39,-980,13,981,0,0.0000000,0.0000000,0.00,0.00,99.99,0,1,20:50:47,00
576200,-205,24289,0.00,0,1,0.00,0.0,18,48,-987,9,988,0,0.0000000,0.0000000,0.00,0.00,99.99,0,1,20:50:47,00
576671,-203,24289,0.00,0,1,0.00,0.0,18,31,-982,-15,982,0,0.0000000,0.0000000,0.00,0.00,99.99,0,1,20:50:48,00
577141,-202,24289,0.00,0,1,0.00,0.0,18,49,-989,39,991,0,0.0000000,0.0000000,0.00,0.00,99.99,0,1,20:50:48,00
577606,-211,24289,0.00,0,1,0.00,0.0,18,-2,-985,-32,985,0,0.0000000,0.0000000,0.00,0.00,99.99,0,1,20:50:49,00
578072,-195,24289,0.00,0,1,0.00,0.0,18,70,-989,-164,1005,0,0.0000000,0.0000000,0.00,0.00,99.99,0,1,20:50:49,00
578617,-198,24289,0.00,0,1,0.00,0.0,18,49,-951,-20,953,0,0.0000000,0.0000000,0.00,0.00,99.99,0,1,20:50:50,00
579078,-200,24289,0.00,0,1,0.00,0.0,18,90,-995,-39,1000,0,0.0000000,0.0000000,0.00,0.00,99.99,0,1,20:50:50,00
579537,-197,24289,0.00,0,1,0.00,0.0,18,82,-963,15,967,0,0.0000000,0.0000000,0.00,0.00,99.99,0,1,20:50:51,00
579993,-190,24289,0.00,0,1,0.00,0.0,18,50,-956,36,958,0,0.0000000,0.0000000,0.00,0.00,99.99,0,1,20:50:51,00
580409,-188,24289,0.00,0,1,0.00,0.0,18,56,-978,23,980,0,0.0000000,0.0000000,0.00,0.00,99.99,0,1,20:50:52,00
580875,-195,24289,0.00,0,1,0.00,0.0,18,52,-984,33,986,0,0.0000000,0.0000000,0.00,0.00,99.99,0,1,20:50:52,00
581340,-197,24289,0.00,0,1,0.00,0.0,18,39,-992,34,993,0,0.0000000,0.0000000,0.00,0.00,99.99,0,1,20:50:52,00
581797,-200,24289,0.00,0,1,0.00,0.0,18,27,-989,5,989,0,0.0000000,0.0000000,0.00,0.00,99.99,0,1,20:50:53,00
582255,-201,24289,0.00,0,1,0.00,0.0,18,13,-999,36,999,0,0.0000000,0.0000000,0.00,0.00,99.99,0,1,20:50:53,00
582717,-205,24289,0.00,0,1,0.00,0.0,18,2,-991,42,992,0,0.0000000,0.0000000,0.00,0.00,99.99,0,1,20:50:54,00
583186,-202,24289,0.00,0,1,0.00,0.0,18,9,-933,18,934,0,0.0000000,0.0000000,0.00,0.00,99.99,0,1,20:50:54,00
583650,-206,24289,0.00,0,1,0.00,0.0,18,-16,-981,36,981,0,0.0000000,0.0000000,0.00,0.00,99.99,0,1,20:50:55,00
584116,-205,24289,0.00,0,1,0.00,0.0,18,-24,-983,59,985,0,0.0000000,0.0000000,0.00,0.00,99.99,0,1,20:50:55,00
584581,-212,24289,0.00,0,1,0.00,0.0,18,-13,-978,49,980,0,0.0000000,0.0000000,0.00,0.00,99.99,0,1,20:50:56,00
585046,-205,24289,0.00,0,1,0.00,0.0,18,-24,-982,45,984,0,0.0000000,0.0000000,0.00,0.00,99.99,0,1,20:50:56,00
585513,-199,24289,0.00,0,1,0.00,0.0,18,-24,-982,63,984,0,0.0000000,0.0000000,0.00,0.00,99.99,0,1,20:50:57,00
585976,-197,24289,0.00,0,1,0.00,0.0,18,-21,-981,63,983,0,0.0000000,0.0000000,0.00,0.00,99.99,0,1,20:50:57,00
586399,-198,24289,0.00,0,1,0.00,0.0,18,-26,-980,63,982,0,0.0000000,0.0000000,0.00,0.00,99.99,0,1,20:50:58,00
586863,-212,24289,0.00,0,1,0.00,0.0,18,-19,-980,78,983,0,0.0000000,0.0000000,0.00,0.00,99.99,0,1,20:50:58,00
587326,-209,24289,0.00,0,1,0.00,0.0,18,-28,-982,74,985,0,0.0000000,0.0000000,0.00,0.00,99.99,0,1,20:50:58,00
587794,-203,24289,0.00,0,1,0.00,0.0,18,-27,-980,93,985,0,0.0000000,0.0000000,0.00,0.00,99.99,0,1,20:50:59,00
588260,-212,24289,0.00,0,1,0.00,0.0,18,-23,-980,88,984,0,0.0000000,0.0000000,0.00,0.00,99.99,0,1,20:50:59,00
588721,-199,24289,0.00,0,1,0.00,0.0,18,-22,-980,83,984,0,0.0000000,0.0000000,0.00,0.00,99.99,0,1,20:51:00,00
589186,-206,24289,0.00,0,1,0.00,0.0,18,-21,-979,90,984,0,0.0000000,0.0000000,0.00,0.00,99.99,0,1,20:51:00,00
589649,-201,24289,0.00,0,1,0.00,0.0,18,-23,-981,83,985,0,0.0000000,0.0000000,0.00,0.00,99.99,0,1,20:51:01,00
590121,-212,24289,0.00,0,1,0.00,0.0,18,-23,-982,76,986,0,0.0000000,0.0000000,0.00,0.00,99.99,0,1,20:51:01,00
590587,-207,24289,0.00,0,1,0.00,0.0,18,-23,-984,78,987,0,0.0000000,0.0000000,0.00,0.00,99.99,0,1,20:51:02,00
591055,-206,24289,0.00,0,1,0.00,0.0,18,-24,-981,65,983,0,0.0000000,0.0000000,0.00,0.00,99.99,0,1,20:51:02,00
591523,-208,24289,0.00,0,1,0.00,0.0,18,-20,-982,67,984,0,0.0000000,0.0000000,0.00,0.00,99.99,0,1,20:51:03,00
591993,-209,24289,0.00,0,1,0.00,0.0,18,-22,-981,79,984,0,0.0000000,0.0000000,0.00,0.00,99.99,0,1,20:51:03,00
592436,-205,24289,0.00,0,1,0.00,0.0,18,-25,-981,77,985,0,0.0000000,0.0000000,0.00,0.00,99.99,0,1,20:51:04,00
592900,-207,24289,0.00,0,1,0.00,0.0,18,-22,-981,74,984,0,0.0000000,0.0000000,0.00,0.00,99.99,0,1,20:51:04,00
593397,-200,24289,0.00,0,1,0.00,0.0,18,-25,-982,67,984,0,0.0000000,0.0000000,0.00,0.00,99.99,0,1,20:51:05,00
593851,-204,24289,0.00,0,1,0.00,0.0,18,-27,-982,70,984,0,0.0000000,0.0000000,0.00,0.00,99.99,0,1,20:51:05,00
594308,-195,24289,0.00,0,1,0.00,0.0,18,-22,-982,71,985,0,0.0000000,0.0000000,0.00,0.00,99.99,0,1,20:51:05,00
594763,-195,24289,0.00,0,1,0.00,0.0,18,-26,-982,69,985,0,0.0000000,0.0000000,0.00,0.00,99.99,0,1,20:51:06,00
595216,-213,24289,0.00,0,1,0.00,0.0,18,-35,-980,55,982,0,0.0000000,0.0000000,0.00,0.00,99.99,0,1,20:51:06,00
595671,-200,24289,0.00,0,1,0.00,0.0,18,-29,-982,64,985,0,0.0000000,0.0000000,0.00,0.00,99.99,0,1,20:51:07,00
596128,-209,24289,0.00,0,1,0.00,0.0,18,-25,-982,64,985,0,0.0000000,0.0000000,0.00,0.00,99.99,0,1,20:51:07,00
596587,-207,24289,0.00,0,1,0.00,0.0,18,-22,-980,82,983,0,0.0000000,0.0000000,0.00,0.00,99.99,0,1,20:51:08,00
597055,-212,24289,0.00,0,1,0.00,0.0,18,-5,-982,83,985,0,0.0000000,0.0000000,0.00,0.00,99.99,0,1,20:51:08,00
597514,-217,24289,0.00,0,1,0.00,0.0,18,10,-984,85,987,0,0.0000000,0.0000000,0.00,0.00,99.99,0,1,20:51:09,00
597978,-209,24289,0.00,0,1,0.00,0.0,18,15,-985,52,986,0,0.0000000,0.0000000,0.00,0.00,99.99,0,1,20:51:09,00
598402,-205,24289,0.00,0,1,0.00,0.0,18,17,-981,37,981,0,0.0000000,0.0000000,0.00,0.00,99.99,0,1,20:51:10,00
598877,-210,24289,0.00,0,1,0.00,0.0,18,75,-1005,102,1013,0,0.0000000,0.0000000,0.00,0.00,99.99,0,1,20:51:10,00
599339,-205,24289,0.00,0,1,0.00,0.0,18,46,-984,50,986,0,0.0000000,0.0000000,0.00,0.00,99.99,0,1,20:51:10,00
599798,-211,24289,0.00,0,1,0.00,0.0,18,54,-982,33,984,0,0.0000000,0.0000000,0.00,0.00,99.99,0,1,20:51:11,00
600258,-204,24289,0.00,0,1,0.00,0.0,18,55,-981,32,983,0,0.0000000,0.0000000,0.00,0.00,99.99,0,1,20:51:11,00
600722,-210,24289,0.00,0,1,0.00,0.0,18,53,-980,30,981,0,0.0000000,0.0000000,0.00,0.00,99.99,0,1,20:51:12,00
601186,-203,24289,0.00,0,1,0.00,0.0,18,54,-982,34,985,0,0.0000000,0.0000000,0.00,0.00,99.99,0,1,20:51:12,00
601653,-204,24289,0.00,0,1,0.00,0.0,18,55,-982,34,984,0,0.0000000,0.0000000,0.00,0.00,99.99,0,1,20:51:13,00
602117,-208,24289,0.00,0,1,0.00,0.0,18,54,-982,34,984,0,0.0000000,0.0000000,0.00,0.00,99.99,0,1,20:51:13,00
602592,-211,24289,0.00,0,1,0.00,0.0,18,53,-981,32,983,0,0.0000000,0.0000000,0.00,0.00,99.99,0,1,20:51:14,00
603057,-207,24289,0.00,0,1,0.00,0.0,18,58,-982,35,984,0,0.0000000,0.0000000,0.00,0.00,99.99,0,1,20:51:14,00
603523,-206,24289,0.00,0,1,0.00,0.0,18,47,-984,34,986,0,0.0000000,0.0000000,0.00,0.00,99.99,0,1,20:51:15,00
603987,-208,24289,0.00,0,1,0.00,0.0,18,53,-982,37,984,0,0.0000000,0.0000000,0.00,0.00,99.99,0,1,20:51:15,00
604423,-201,24289,0.00,0,1,0.00,0.0,18,53,-983,35,985,0,0.0000000,0.0000000,0.00,0.00,99.99,0,1,20:51:16,00
604889,-209,24289,0.00,0,1,0.00,0.0,18,47,-983,29,984,0,0.0000000,0.0000000,0.00,0.00,99.99,0,1,20:51:16,00
605349,-211,24289,0.00,0,1,0.00,0.0,18,53,-982,33,984,0,0.0000000,0.0000000,0.00,0.00,99.99,0,1,20:51:16,00
605815,-207,24289,0.00,0,1,0.00,0.0,18,56,-981,35,983,0,0.0000000,0.0000000,0.00,0.00,99.99,0,1,20:51:17,00
606284,-181,24289,0.00,0,1,0.00,0.0,18,54,-982,32,984,0,0.0000000,0.0000000,0.00,0.00,99.99,0,1,20:51:17,00
606748,-177,24289,0.00,0,1,0.00,0.0,18,56,-981,27,983,0,0.0000000,0.0000000,0.00,0.00,99.99,0,1,20:51:18,00
607216,-189,24289,0.00,0,1,0.00,0.0,18,54,-982,31,984,0,0.0000000,0.0000000,0.00,0.00,99.99,0,1,20:51:18,00
607682,-189,24289,0.00,0,1,0.00,0.0,18,65,-980,36,983,0,0.0000000,0.0000000,0.00,0.00,99.99,0,1,20:51:19,00
608233,-188,24289,0.00,0,1,0.00,0.0,18,63,-981,29,984,0,0.0000000,0.0000000,0.00,0.00,99.99,0,1,20:51:19,00
608691,-208,24289,0.00,0,1,0.00,0.0,18,54,-980,45,983,0,0.0000000,0.0000000,0.00,0.00,99.99,0,1,20:51:20,00
609153,-191,24289,0.00,0,1,0.00,0.0,18,70,-979,21,981,0,0.0000000,0.0000000,0.00,0.00,99.99,0,1,20:51:20,00
609613,-204,24289,0.00,0,1,0.00,0.0,18,68,-978,37,981,0,0.0000000,0.0000000,0.00,0.00,99.99,0,1,20:51:21,00
610070,-191,24289,0.00,0,1,0.00,0.0,18,56,-981,33,983,0,0.0000000,0.0000000,0.00,0.00,99.99,0,1,20:51:21,00
610525,-191,24289,0.00,0,1,0.00,0.0,18,56,-983,35,985,0,0.0000000,0.0000000,0.00,0.00,99.99,0,1,20:51:22,00
610992,-196,24289,0.00,0,1,0.00,0.0,18,42,-984,34,985,0,0.0000000,0.0000000,0.00,0.00,99.99,0,1,20:51:22,00
611437,-194,24289,0.00,0,1,0.00,0.0,18,49,-982,36,984,0,0.0000000,0.0000000,0.00,0.00,99.99,0,1,20:51:23,00
611903,-183,24289,0.00,0,1,0.00,0.0,18,54,-980,26,982,0,0.0000000,0.0000000,0.00,0.00,99.99,0,1,20:51:23,00
612341,-204,24289,0.00,0,1,0.00,0.0,18,49,-982,38,984,0,0.0000000,0.0000000,0.00,0.00,99.99,0,1,20:51:23,00
612798,-188,24289,0.00,0,1,0.00,0.0,18,52,-982,33,984,0,0.0000000,0.0000000,0.00,0.00,99.99,0,1,20:51:24,00
613263,-191,24289,0.00,0,1,0.00,0.0,18,54,-983,34,985,0,0.0000000,0.0000000,0.00,0.00,99.99,0,1,20:51:24,00
613729,-199,24289,0.00,0,1,0.00,0.0,18,55,-981,31,983,0,0.0000000,0.0000000,0.00,0.00,99.99,0,1,20:51:25,00
614195,-174,24289,0.00,0,1,0.00,0.0,18,56,-982,36,984,0,0.0000000,0.0000000,0.00,0.00,99.99,0,1,20:51:25,00
614656,-200,24289,0.00,0,1,0.00,0.0,18,53,-984,33,985,0,0.0000000,0.0000000,0.00,0.00,99.99,0,1,20:51:26,00
615122,-211,24289,0.00,0,1,0.00,0.0,18,52,-983,32,985,0,0.0000000,0.0000000,0.00,0.00,99.99,0,1,20:51:26,00
615591,-202,24289,0.00,0,1,0.00,0.0,18,49,-981,31,983,0,0.0000000,0.0000000,0.00,0.00,99.99,0,1,20:51:27,00
616061,-213,24289,0.00,0,1,0.00,0.0,18,58,-982,37,984,0,0.0000000,0.0000000,0.00,0.00,99.99,0,1,20:51:27,00
616526,-191,24289,0.00,0,1,0.00,0.0,18,58,-982,59,985,0,0.0000000,0.0000000,0.00,0.00,99.99,0,1,20:51:28,00
616993,-174,24289,0.00,0,1,0.00,0.0,18,65,-983,69,988,0,0.0000000,0.0000000,0.00,0.00,99.99,0,1,20:51:28,00
617444,-192,24289,0.00,0,1,0.00,0.0,18,32,-984,12,985,0,0.0000000,0.0000000,0.00,0.00,99.99,0,1,20:51:29,00
617919,-214,24289,0.00,0,1,0.00,0.0,18,45,-983,27,984,0,0.0000000,0.0000000,0.00,0.00,99.99,0,1,20:51:29,00
618380,-207,24289,0.00,0,1,0.00,0.0,18,43,-986,32,988,0,0.0000000,0.0000000,0.00,0.00,99.99,0,1,20:51:30,00
618847,-191,24289,0.00,0,1,0.00,0.0,18,75,-980,31,983,0,0.0000000,0.0000000,0.00,0.00,99.99,0,1,20:51:30,00
619316,-189,24289,0.00,0,1,0.00,0.0,18,71,-977,24,980,0,0.0000000,0.0000000,0.00,0.00,99.99,0,1,20:51:30,00
619789,-177,24289,0.00,0,1,0.00,0.0,18,47,-982,33,984,0,0.0000000,0.0000000,0.00,0.00,99.99,0,1,20:51:31,00
620267,-180,24289,0.00,0,1,0.00,0.0,18,36,-987,38,988,0,0.0000000,0.0000000,0.00,0.00,99.99,0,1,20:51:31,00
620740,-201,24289,0.00,0,1,0.00,0.0,18,52,-983,29,985,0,0.0000000,0.0000000,0.00,0.00,99.99,0,1,20:51:32,00
621214,-189,24289,0.00,0,1,0.00,0.0,18,56,-981,28,983,0,0.0000000,0.0000000,0.00,0.00,99.99,0,1,20:51:32,00
621691,-189,24289,0.00,0,1,0.00,0.0,18,58,-981,23,983,0,0.0000000,0.0000000,0.00,0.00,99.99,0,1,20:51:33,00
622165,-187,24289,0.00,0,1,0.00,0.0,18,72,-978,27,981,0,0.0000000,0.0000000,0.00,0.00,99.99,0,1,20:51:33,00
622641,-183,24289,0.00,0,1,0.00,0.0,18,72,-978,29,981,0,0.0000000,0.0000000,0.00,0.00,99.99,0,1,20:51:34,00
623176,-185,24289,0.00,0,1,0.00,0.0,18,-18,-990,39,991,0,0.0000000,0.0000000,0.00,0.00,99.99,0,1,20:51:34,00
623627,-196,24289,0.00,0,1,0.00,0.0,18,47,-984,31,985,0,0.0000000,0.0000000,0.00,0.00,99.99,0,1,20:51:35,00
624078,-185,24289,0.00,0,1,0.00,0.0,18,64,-981,28,983,0,0.0000000,0.0000000,0.00,0.00,99.99,0,1,20:51:35,00
624536,-186,24289,0.00,0,1,0.00,0.0,18,46,-983,33,985,0,0.0000000,0.0000000,0.00,0.00,99.99,0,1,20:51:36,00
624998,-187,24289,0.00,0,1,0.00,0.0,18,60,-981,30,983,0,0.0000000,0.0000000,0.00,0.00,99.99,0,1,20:51:36,00
625411,-180,24289,0.00,0,1,0.00,0.0,18,50,-984,29,986,0,0.0000000,0.0000000,0.00,0.00,99.99,0,1,20:51:37,00
625866,-191,24289,0.00,0,1,0.00,0.0,18,16,-986,21,986,0,0.0000000,0.0000000,0.00,0.00,99.99,0,1,20:51:37,00
626327,-217,24289,0.00,0,1,0.00,0.0,18,48,-984,38,986,0,0.0000000,0.0000000,0.00,0.00,99.99,0,1,20:51:37,00
626783,-215,24289,0.00,0,1,0.00,0.0,18,67,-980,38,983,0,0.0000000,0.0000000,0.00,0.00,99.99,0,1,20:51:38,00
627260,-195,24289,0.00,0,1,0.00,0.0,18,78,-979,26,982,0,0.0000000,0.0000000,0.00,0.00,99.99,0,1,20:51:38,00
627720,-184,24289,0.00,0,1,0.00,0.0,18,39,-984,30,985,0,0.0000000,0.0000000,0.00,0.00,99.99,0,1,20:51:39,00
628179,-183,24289,0.00,0,1,0.00,0.0,18,52,-982,27,984,0,0.0000000,0.0000000,0.00,0.00,99.99,0,1,20:51:39,00
628634,-214,24289,0.00,0,1,0.00,0.0,18,48,-984,42,986,0,0.0000000,0.0000000,0.00,0.00,99.99,0,1,20:51:40,00
629098,-208,24289,0.00,0,1,0.00,0.0,18,55,-980,28,982,0,0.0000000,0.0000000,0.00,0.00,99.99,0,1,20:51:40,00
629563,-212,24289,0.00,0,1,0.00,0.0,18,53,-982,32,984,0,0.0000000,0.0000000,0.00,0.00,99.99,0,1,20:51:41,00
630024,-208,24289,0.00,0,1,0.00,0.0,18,46,-984,33,985,0,0.0000000,0.0000000,0.00,0.00,99.99,0,1,20:51:41,00
630475,-199,24289,0.00,0,1,0.00,0.0,18,47,-983,33,985,0,0.0000000,0.0000000,0.00,0.00,99.99,0,1,20:51:42,00
630940,-177,24289,0.00,0,1,0.00,0.0,18,56,-983,29,985,0,0.0000000,0.0000000,0.00,0.00,99.99,0,1,20:51:42,00
631373,-194,24289,0.00,0,1,0.00,0.0,18,47,-982,28,984,0,0.0000000,0.0000000,0.00,0.00,99.99,0,1,20:51:42,00
631845,-192,24289,0.00,0,1,0.00,0.0,18,52,-984,31,986,0,0.0000000,0.0000000,0.00,0.00,99.99,0,1,20:51:43,00
632306,-192,24289,0.00,0,1,0.00,0.0,18,57,-981,35,983,0,0.0000000,0.0000000,0.00,0.00,99.99,0,1,20:51:43,00
632767,-203,24289,0.00,0,1,0.00,0.0,18,55,-982,34,985,0,0.0000000,0.0000000,0.00,0.00,99.99,0,1,20:51:44,00
633228,-171,24289,0.00,0,1,0.00,0.0,18,52,-984,32,986,0,0.0000000,0.0000000,0.00,0.00,99.99,0,1,20:51:44,00
633690,-176,24289,0.00,0,1,0.00,0.0,18,37,-985,31,986,0,0.0000000,0.0000000,0.00,0.00,99.99,0,1,20:51:45,00
634155,-180,24289,0.00,0,1,0.00,0.0,18,65,-981,31,983,0,0.0000000,0.0000000,0.00,0.00,99.99,0,1,20:51:45,00
634619,-185,24289,0.00,0,1,0.00,0.0,18,37,-985,35,986,0,0.0000000,0.0000000,0.00,0.00,99.99,0,1,20:51:46,00
635082,-191,24289,0.00,0,1,0.00,0.0,18,57,-981,38,984,0,0.0000000,0.0000000,0.00,0.00,99.99,0,1,20:51:46,00
635552,-179,24289,0.00,0,1,0.00,0.0,18,53,-983,42,985,0,0.0000000,0.0000000,0.00,0.00,99.99,0,1,20:51:47,00
636018,-183,24289,0.00,0,1,0.00,0.0,18,59,-980,31,982,0,0.0000000,0.0000000,0.00,0.00,99.99,0,1,20:51:47,00
636460,-194,24289,0.00,0,1,0.00,0.0,18,52,-983,31,985,0,0.0000000,0.0000000,0.00,0.00,99.99,0,1,20:51:48,00
636925,-195,24289,0.00,0,1,0.00,0.0,18,60,-981,32,984,0,0.0000000,0.0000000,0.00,0.00,99.99,0,1,20:51:48,00
637387,-193,24289,0.00,0,1,0.00,0.0,18,56,-982,30,984,0,0.0000000,0.0000000,0.00,0.00,99.99,0,1,20:51:48,00
637930,-199,24289,0.00,0,1,0.00,0.0,18,52,-983,32,985,0,0.0000000,0.0000000,0.00,0.00,99.99,0,1,20:51:49,00
638384,-190,24289,0.00,0,1,0.00,0.0,18,54,-982,30,984,0,0.0000000,0.0000000,0.00,0.00,99.99,0,1,20:51:49,00
638851,-194,24289,0.00,0,1,0.00,0.0,18,48,-983,34,985,0,0.0000000,0.0000000,0.00,0.00,99.99,0,1,20:51:50,00
639310,-197,24289,0.00,0,1,0.00,0.0,18,47,-984,41,986,0,0.0000000,0.0000000,0.00,0.00,99.99,0,1,20:51:50,00
639771,-181,24289,0.00,0,1,0.00,0.0,18,52,-983,48,986,0,0.0000000,0.0000000,0.00,0.00,99.99,0,1,20:51:51,00
640228,-200,24289,0.00,0,1,0.00,0.0,18,56,-982,30,984,0,0.0000000,0.0000000,0.00,0.00,99.99,0,1,20:51:51,00
640688,-200,24289,0.00,0,1,0.00,0.0,18,55,-982,27,983,0,0.0000000,0.0000000,0.00,0.00,99.99,0,1,20:51:52,00
641148,-196,24289,0.00,0,1,0.00,0.0,18,56,-981,25,982,0,0.0000000,0.0000000,0.00,0.00,99.99,0,1,20:51:52,00
641602,-204,24289,0.00,0,1,0.00,0.0,18,49,-983,27,985,0,0.0000000,0.0000000,0.00,0.00,99.99,0,1,20:51:53,00
642060,-205,24289,0.00,0,1,0.00,0.0,18,60,-982,31,984,0,0.0000000,0.0000000,0.00,0.00,99.99,0,1,20:51:53,00
642519,-216,24289,0.00,0,1,0.00,0.0,18,66,-980,37,982,0,0.0000000,0.0000000,0.00,0.00,99.99,0,1,20:51:54,00
642976,-203,24289,0.00,0,1,0.00,0.0,18,38,-984,34,986,0,0.0000000,0.0000000,0.00,0.00,99.99,0,1,20:51:54,00
643425,-197,24289,0.00,0,1,0.00,0.0,18,66,-981,32,984,0,0.0000000,0.0000000,0.00,0.00,99.99,0,1,20:51:55,00
643889,-202,24289,0.00,0,1,0.00,0.0,18,55,-982,29,984,0,0.0000000,0.0000000,0.00,0.00,99.99,0,1,20:51:55,00
644351,-197,24289,0.00,0,1,0.00,0.0,18,63,-979,31,982,0,0.0000000,0.0000000,0.00,0.00,99.99,0,1,20:51:55,00
644812,-203,24289,0.00,0,1,0.00,0.0,18,60,-982,35,984,0,0.0000000,0.0000000,0.00,0.00,99.99,0,1,20:51:56,00
645272,-197,24289,0.00,0,1,0.00,0.0,18,34,-987,46,988,0,0.0000000,0.0000000,0.00,0.00,99.99,0,1,20:51:56,00
645736,-207,24289,0.00,0,1,0.00,0.0,18,50,-983,48,986,0,0.0000000,0.0000000,0.00,0.00,99.99,0,1,20:51:57,00
646198,-204,24289,0.00,0,1,0.00,0.0,18,55,-982,35,984,0,0.0000000,0.0000000,0.00,0.00,99.99,0,1,20:51:57,00
646662,-204,24289,0.00,0,1,0.00,0.0,18,49,-983,39,985,0,0.0000000,0.0000000,0.00,0.00,99.99,0,1,20:51:58,00
647124,-208,24289,0.00,0,1,0.00,0.0,18,53,-984,49,986,0,0.0000000,0.0000000,0.00,0.00,99.99,0,1,20:51:58,00
647588,-204,24289,0.00,0,1,0.00,0.0,18,80,-979,39,983,0,0.0000000,0.0000000,0.00,0.00,99.99,0,1,20:51:59,00
648054,-197,24289,0.00,0,1,0.00,0.0,18,64,-980,32,983,0,0.0000000,0.0000000,0.00,0.00,99.99,0,1,20:51:59,00
648513,-209,24289,0.00,0,1,0.00,0.0,18,48,-983,30,985,0,0.0000000,0.0000000,0.00,0.00,99.99,0,1,20:52:00,00
648980,-206,24289,0.00,0,1,0.00,0.0,18,58,-981,32,984,0,0.0000000,0.0000000,0.00,0.00,99.99,0,1,20:52:00,00
649416,-197,24289,0.00,0,1,0.00,0.0,18,61,-982,33,984,0,0.0000000,0.0000000,0.00,0.00,99.99,0,1,20:52:01,00
649884,-198,24289,0.00,0,1,0.00,0.0,18,33,-985,37,986,0,0.0000000,0.0000000,0.00,0.00,99.99,0,1,20:52:01,00
650348,-200,24289,0.00,0,1,0.00,0.0,18,39,-986,31,987,0,0.0000000,0.0000000,0.00,0.00,99.99,0,1,20:52:01,00
650818,-204,24289,0.00,0,1,0.00,0.0,18,19,-987,34,988,0,0.0000000,0.0000000,0.00,0.00,99.99,0,1,20:52:02,00
651283,-206,24289,0.00,0,1,0.00,0.0,18,59,-982,29,984,0,0.0000000,0.0000000,0.00,0.00,99.99,0,1,20:52:02,00
651743,-203,24289,0.00,0,1,0.00,0.0,18,55,-981,34,983,0,0.0000000,0.0000000,0.00,0.00,99.99,0,1,20:52:03,00
652212,-203,24289,0.00,0,1,0.00,0.0,18,47,-984,36,985,0,0.0000000,0.0000000,0.00,0.00,99.99,0,1,20:52:03,00
652751,-208,24289,0.00,0,1,0.00,0.0,18,54,-982,31,984,0,0.0000000,0.0000000,0.00,0.00,99.99,0,1,20:52:04,00
653204,-206,24289,0.00,0,1,0.00,0.0,18,59,-981,31,984,0,0.0000000,0.0000000,0.00,0.00,99.99,0,1,20:52:04,00
653659,-207,24289,0.00,0,1,0.00,0.0,18,48,-982,33,984,0,0.0000000,0.0000000,0.00,0.00,99.99,0,1,20:52:05,00
654115,-209,24289,0.00,0,1,0.00,0.0,18,51,-983,34,985,0,0.0000000,0.0000000,0.00,0.00,99.99,0,1,20:52:05,00
654570,-208,24289,0.00,0,1,0.00,0.0,18,49,-985,39,987,0,0.0000000,0.0000000,0.00,0.00,99.99,0,1,20:52:06,00
655031,-207,24289,0.00,0,1,0.00,0.0,18,55,-982,33,984,0,0.0000000,0.0000000,0.00,0.00,99.99,0,1,20:52:06,00
655480,-210,24289,0.00,0,1,0.00,0.0,18,54,-982,33,984,0,0.0000000,0.0000000,0.00,0.00,99.99,0,1,20:52:07,00
655935,-213,24289,0.00,0,1,0.00,0.0,18,52,-982,36,984,0,0.0000000,0.0000000,0.00,0.00,99.99,0,1,20:52:07,00
656369,-204,24289,0.00,0,1,0.00,0.0,18,53,-983,38,985,0,0.0000000,0.0000000,0.00,0.00,99.99,0,1,20:52:07,00
656824,-199,24289,0.00,0,1,0.00,0.0,18,53,-982,34,984,0,0.0000000,0.0000000,0.00,0.00,99.99,0,1,20:52:08,00
657293,-208,24289,0.00,0,1,0.00,0.0,18,57,-983,36,985,0,0.0000000,0.0000000,0.00,0.00,99.99,0,1,20:52:08,00
657753,-204,24289,0.00,0,1,0.00,0.0,18,53,-983,38,985,0,0.0000000,0.0000000,0.00,0.00,99.99,0,1,20:52:09,00
658212,-204,24289,0.00,0,1,0.00,0.0,18,48,-983,40,985,0,0.0000000,0.0000000,0.00,0.00,99.99,0,1,20:52:09,00
658667,-207,24289,0.00,0,1,0.00,0.0,18,52,-983,29,984,0,0.0000000,0.0000000,0.00,0.00,99.99,0,1,20:52:10,00
659127,-204,24289,0.00,0,1,0.00,0.0,18,52,-982,33,984,0,0.0000000,0.0000000,0.00,0.00,99.99,0,1,20:52:10,00
659590,-197,24289,0.00,0,1,0.00,0.0,18,50,-983,30,985,0,0.0000000,0.0000000,0.00,0.00,99.99,0,1,20:52:11,00
660054,-193,24289,0.00,0,1,0.00,0.0,18,51,-982,35,984,0,0.0000000,0.0000000,0.00,0.00,99.99,0,1,20:52:11,00
660515,-207,24289,0.00,0,1,0.00,0.0,18,60,-981,29,983,0,0.0000000,0.0000000,0.00,0.00,99.99,0,1,20:52:12,00
660975,-205,24289,0.00,0,1,0.00,0.0,18,49,-982,33,983,0,0.0000000,0.0000000,0.00,0.00,99.99,0,1,20:52:12,00
661407,-200,24289,0.00,0,1,0.00,0.0,18,54,-982,33,984,0,0.0000000,0.0000000,0.00,0.00,99.99,0,1,20:52:13,00
661883,-202,24289,0.00,0,1,0.00,0.0,18,52,-982,34,984,0,0.0000000,0.0000000,0.00,0.00,99.99,0,1,20:52:13,00
662335,-205,24289,0.00,0,1,0.00,0.0,18,54,-982,34,984,0,0.0000000,0.0000000,0.00,0.00,99.99,0,1,20:52:13,00
662804,-206,24289,0.00,0,1,0.00,0.0,18,50,-983,33,985,0,0.0000000,0.0000000,0.00,0.00,99.99,0,1,20:52:14,00
663275,-202,24289,0.00,0,1,0.00,0.0,18,53,-983,29,985,0,0.0000000,0.0000000,0.00,0.00,99.99,0,1,20:52:14,00
663743,-205,24289,0.00,0,1,0.00,0.0,18,53,-981,32,983,0,0.0000000,0.0000000,0.00,0.00,99.99,0,1,20:52:15,00
664218,-206,24289,0.00,0,1,0.00,0.0,18,56,-981,33,984,0,0.0000000,0.0000000,0.00,0.00,99.99,0,1,20:52:15,00
664683,-194,24289,0.00,0,1,0.00,0.0,18,56,-982,33,984,0,0.0000000,0.0000000,0.00,0.00,99.99,0,1,20:52:16,00
665151,-193,24289,0.00,0,1,0.00,0.0,18,58,-982,30,984,0,0.0000000,0.0000000,0.00,0.00,99.99,0,1,20:52:16,00
665620,-200,24289,0.00,0,1,0.00,0.0,18,48,-982,29,984,0,0.0000000,0.0000000,0.00,0.00,99.99,0,1,20:52:17,00
666095,-208,24289,0.00,0,1,0.00,0.0,18,54,-982,32,984,0,0.0000000,0.0000000,0.00,0.00,99.99,0,1,20:52:17,00
666566,-203,24289,0.00,0,1,0.00,0.0,18,54,-981,31,983,0,0.0000000,0.0000000,0.00,0.00,99.99,0,1,20:52:18,00
667033,-210,24289,0.00,0,1,0.00,0.0,18,53,-982,32,984,0,0.0000000,0.0000000,0.00,0.00,99.99,0,1,20:52:18,00
667578,-205,24289,0.00,0,1,0.00,0.0,18,48,-982,35,984,0,0.0000000,0.0000000,0.00,0.00,99.99,0,1,20:52:19,00
668037,-201,24289,0.00,0,1,0.00,0.0,18,51,-982,32,984,0,0.0000000,0.0000000,0.00,0.00,99.99,0,1,20:52:19,00
668495,-198,24289,0.00,0,1,0.00,0.0,18,55,-980,26,982,0,0.0000000,0.0000000,0.00,0.00,99.99,0,1,20:52:20,00
668960,-207,24289,0.00,0,1,0.00,0.0,18,52,-982,34,984,0,0.0000000,0.0000000,0.00,0.00,99.99,0,1,20:52:20,00
669381,-201,24289,0.00,0,1,0.00,0.0,18,50,-983,50,985,0,0.0000000,0.0000000,0.00,0.00,99.99,0,1,20:52:21,00
669841,-207,24289,0.00,0,1,0.00,0.0,18,54,-982,32,984,0,0.0000000,0.0000000,0.00,0.00,99.99,0,1,20:52:21,00
670303,-210,24289,0.00,0,1,0.00,0.0,18,46,-983,51,985,0,0.0000000,0.0000000,0.00,0.00,99.99,0,1,20:52:21,00
670764,-202,24289,0.00,0,1,0.00,0.0,18,52,-982,34,984,0,0.0000000,0.0000000,0.00,0.00,99.99,0,1,20:52:22,00
671233,-201,24289,0.00,0,1,0.00,0.0,18,53,-982,31,984,0,0.0000000,0.0000000,0.00,0.00,99.99,0,1,20:52:22,00
671690,-196,24289,0.00,0,1,0.00,0.0,18,53,-982,27,984,0,0.0000000,0.0000000,0.00,0.00,99.99,0,1,20:52:23,00
672153,-196,24289,0.00,0,1,0.00,0.0,18,55,-982,33,985,0,0.0000000,0.0000000,0.00,0.00,99.99,0,1,20:52:23,00
672612,-207,24289,0.00,0,1,0.00,0.0,18,54,-982,30,984,0,0.0000000,0.0000000,0.00,0.00,99.99,0,1,20:52:24,00
673081,-208,24289,0.00,0,1,0.00,0.0,18,54,-981,30,983,0,0.0000000,0.0000000,0.00,0.00,99.99,0,1,20:52:24,00
673557,-208,24289,0.00,0,1,0.00,0.0,18,50,-983,31,985,0,0.0000000,0.0000000,0.00,0.00,99.99,0,1,20:52:25,00
674020,-206,24289,0.00,0,1,0.00,0.0,18,53,-981,30,983,0,0.0000000,0.0000000,0.00,0.00,99.99,0,1,20:52:25,00
674466,-199,24289,0.00,0,1,0.00,0.0,18,51,-982,30,984,0,0.0000000,0.0000000,0.00,0.00,99.99,0,1,20:52:26,00
674937,-209,24289,0.00,0,1,0.00,0.0,18,51,-982,31,984,0,0.0000000,0.0000000,0.00,0.00,99.99,0,1,20:52:26,00
675383,-198,24289,0.00,0,1,0.00,0.0,18,58,-981,33,984,0,0.0000000,0.0000000,0.00,0.00,99.99,0,1,20:52:27,00
675859,-207,24289,0.00,0,1,0.00,0.0,18,53,-982,32,984,0,0.0000000,0.0000000,0.00,0.00,99.99,0,1,20:52:27,00
676329,-200,24289,0.00,0,1,0.00,0.0,18,51,-983,33,985,0,0.0000000,0.0000000,0.00,0.00,99.99,0,1,20:52:27,00
676794,-197,24289,0.00,0,1,0.00,0.0,18,55,-984,43,987,0,0.0000000,0.0000000,0.00,0.00,99.99,0,1,20:52:28,00
677261,-206,24289,0.00,0,1,0.00,0.0,18,71,-979,34,982,0,0.0000000,0.0000000,0.00,0.00,99.99,0,1,20:52:28,00
677735,-200,24289,0.00,0,1,0.00,0.0,18,50,-982,38,984,0,0.0000000,0.0000000,0.00,0.00,99.99,0,1,20:52:29,00
678201,-207,24289,0.00,0,1,0.00,0.0,18,52,-982,37,984,0,0.0000000,0.0000000,0.00,0.00,99.99,0,1,20:52:29,00
678670,-201,24289,0.00,0,1,0.00,0.0,18,53,-981,31,983,0,0.0000000,0.0000000,0.00,0.00,99.99,0,1,20:52:30,00
679142,-200,24289,0.00,0,1,0.00,0.0,18,53,-981,34,983,0,0.0000000,0.0000000,0.00,0.00,99.99,0,1,20:52:30,00
679614,-209,24289,0.00,0,1,0.00,0.0,18,53,-982,30,984,0,0.0000000,0.0000000,0.00,0.00,99.99,0,1,20:52:31,00
680091,-204,24289,0.00,0,1,0.00,0.0,18,54,-981,32,983,0,0.0000000,0.0000000,0.00,0.00,99.99,0,1,20:52:31,00
680569,-203,24289,0.00,0,1,0.00,0.0,18,53,-982,33,984,0,0.0000000,0.0000000,0.00,0.00,99.99,0,1,20:52:32,00
681042,-202,24289,0.00,0,1,0.00,0.0,18,53,-982,31,984,0,0.0000000,0.0000000,0.00,0.00,99.99,0,1,20:52:32,00
681494,-192,24289,0.00,0,1,0.00,0.0,18,53,-983,33,984,0,0.0000000,0.0000000,0.00,0.00,99.99,0,1,20:52:33,00
681961,-207,24289,0.00,0,1,0.00,0.0,18,52,-982,31,983,0,0.0000000,0.0000000,0.00,0.00,99.99,0,1,20:52:33,00
682491,-209,24289,0.00,0,1,0.00,0.0,18,55,-982,40,985,0,0.0000000,0.0000000,0.00,0.00,99.99,0,1,20:52:34,00
682950,-210,24289,0.00,0,1,0.00,0.0,18,58,-982,31,984,0,0.0000000,0.0000000,0.00,0.00,99.99,0,1,20:52:34,00
683380,-199,24289,0.00,0,1,0.00,0.0,18,64,-980,32,982,0,0.0000000,0.0000000,0.00,0.00,99.99,0,1,20:52:35,00
683842,-195,24289,0.00,0,1,0.00,0.0,18,53,-983,29,985,0,0.0000000,0.0000000,0.00,0.00,99.99,0,1,20:52:35,00
684300,-206,24289,0.00,0,1,0.00,0.0,18,54,-982,26,984,0,0.0000000,0.0000000,0.00,0.00,99.99,0,1,20:52:35,00
684762,-201,24289,0.00,0,1,0.00,0.0,18,54,-981,36,983,0,0.0000000,0.0000000,0.00,0.00,99.99,0,1,20:52:36,00
685222,-203,24289,0.00,0,1,0.00,0.0,18,54,-984,38,986,0,0.0000000,0.0000000,0.00,0.00,99.99,0,1,20:52:36,00
685673,-201,24289,0.00,0,1,0.00,0.0,18,60,-979,24,981,0,0.0000000,0.0000000,0.00,0.00,99.99,0,1,20:52:37,00
686129,-207,24289,0.00,0,1,0.00,0.0,18,56,-981,21,982,0,0.0000000,0.0000000,0.00,0.00,99.99,0,1,20:52:37,00
686582,-201,24289,0.00,0,1,0.00,0.0,18,61,-981,31,983,0,0.0000000,0.0000000,0.00,0.00,99.99,0,1,20:52:38,00
687042,-202,24289,0.00,0,1,0.00,0.0,18,59,-981,28,983,0,0.0000000,0.0000000,0.00,0.00,99.99,0,1,20:52:38,00
687505,-204,24289,0.00,0,1,0.00,0.0,18,56,-981,26,983,0,0.0000000,0.0000000,0.00,0.00,99.99,0,1,20:52:39,00
687966,-205,24289,0.00,0,1,0.00,0.0,18,57,-980,27,982,0,0.0000000,0.0000000,0.00,0.00,99.99,0,1,20:52:39,00
688388,-203,24289,0.00,0,1,0.00,0.0,18,50,-983,33,984,0,0.0000000,0.0000000,0.00,0.00,99.99,0,1,20:52:40,00
688852,-207,24289,0.00,0,1,0.00,0.0,18,52,-985,30,987,0,0.0000000,0.0000000,0.00,0.00,99.99,0,1,20:52:40,00
689311,-213,24289,0.00,0,1,0.00,0.0,18,53,-982,30,984,0,0.0000000,0.0000000,0.00,0.00,99.99,0,1,20:52:40,00
689773,-207,24289,0.00,0,1,0.00,0.0,18,52,-982,31,984,0,0.0000000,0.0000000,0.00,0.00,99.99,0,1,20:52:41,00
690234,-203,24289,0.00,0,1,0.00,0.0,18,53,-982,31,984,0,0.0000000,0.0000000,0.00,0.00,99.99,0,1,20:52:41,00
690699,-201,24289,0.00,0,1,0.00,0.0,18,54,-982,30,984,0,0.0000000,0.0000000,0.00,0.00,99.99,0,1,20:52:42,00
691163,-201,24289,0.00,0,1,0.00,0.0,18,54,-983,30,985,0,0.0000000,0.0000000,0.00,0.00,99.99,0,1,20:52:42,00
691623,-201,24289,0.00,0,1,0.00,0.0,18,54,-982,30,984,0,0.0000000,0.0000000,0.00,0.00,99.99,0,1,20:52:43,00
692092,-208,24289,0.00,0,1,0.00,0.0,18,53,-982,32,984,0,0.0000000,0.0000000,0.00,0.00,99.99,0,1,20:52:43,00
692560,-192,24289,0.00,0,1,0.00,0.0,18,54,-983,33,985,0,0.0000000,0.0000000,0.00,0.00,99.99,0,1,20:52:44,00
693022,-208,24289,0.00,0,1,0.00,0.0,18,52,-983,30,985,0,0.0000000,0.0000000,0.00,0.00,99.99,0,1,20:52:44,00
693482,-203,24289,0.00,0,1,0.00,0.0,18,52,-984,32,986,0,0.0000000,0.0000000,0.00,0.00,99.99,0,1,20:52:45,00
693940,-205,24289,0.00,0,1,0.00,0.0,18,51,-983,30,985,0,0.0000000,0.0000000,0.00,0.00,99.99,0,1,20:52:45,00
694372,-202,24289,0.00,0,1,0.00,0.0,18,53,-982,30,983,0,0.0000000,0.0000000,0.00,0.00,99.99,0,1,20:52:45,00
694832,-207,24289,0.00,0,1,0.00,0.0,18,54,-982,31,984,0,0.0000000,0.0000000,0.00,0.00,99.99,0,1,20:52:46,00
695298,-197,24289,0.00,0,1,0.00,0.0,18,58,-981,26,983,0,0.0000000,0.0000000,0.00,0.00,99.99,0,1,20:52:46,00
695759,-199,24289,0.00,0,1,0.00,0.0,18,59,-980,26,982,0,0.0000000,0.0000000,0.00,0.00,99.99,0,1,20:52:47,00
696221,-202,24289,0.00,0,1,0.00,0.0,18,57,-981,26,983,0,0.0000000,0.0000000,0.00,0.00,99.99,0,1,20:52:47,00
696686,-200,24289,0.00,0,1,0.00,0.0,18,49,-983,30,985,0,0.0000000,0.0000000,0.00,0.00,99.99,0,1,20:52:48,00
697219,-203,24289,0.00,0,1,0.00,0.0,18,53,-981,30,983,0,0.0000000,0.0000000,0.00,0.00,99.99,0,1,20:52:48,00
697674,-194,24289,0.00,0,1,0.00,0.0,18,52,-982,36,984,0,0.0000000,0.0000000,0.00,0.00,99.99,0,1,20:52:49,00
698129,-202,24289,0.00,0,1,0.00,0.0,18,55,-982,32,984,0,0.0000000,0.0000000,0.00,0.00,99.99,0,1,20:52:49,00
698585,-193,24289,0.00,0,1,0.00,0.0,18,55,-980,32,982,0,0.0000000,0.0000000,0.00,0.00,99.99,0,1,20:52:50,00
699045,-199,24289,0.00,0,1,0.00,0.0,18,42,-984,34,985,0,0.0000000,0.0000000,0.00,0.00,99.99,0,1,20:52:50,00
699495,-202,24289,0.00,0,1,0.00,0.0,18,57,-982,39,985,0,0.0000000,0.0000000,0.00,0.00,99.99,0,1,20:52:51,00
699956,-207,24289,0.00,0,1,0.00,0.0,18,54,-981,27,983,0,0.0000000,0.0000000,0.00,0.00,99.99,0,1,20:52:51,00
700379,-203,24289,0.00,0,1,0.00,0.0,18,49,-983,33,985,0,0.0000000,0.0000000,0.00,0.00,99.99,0,1,20:52:52,00
700841,-210,24289,0.00,0,1,0.00,0.0,18,52,-983,32,984,0,0.0000000,0.0000000,0.00,0.00,99.99,0,1,20:52:52,00
701303,-209,24289,0.00,0,1,0.00,0.0,18,54,-982,22,983,0,0.0000000,0.0000000,0.00,0.00,99.99,0,1,20:52:52,00
701771,-210,24289,0.00,0,1,0.00,0.0,18,53,-982,33,984,0,0.0000000,0.0000000,0.00,0.00,99.99,0,1,20:52:53,00
702230,-205,24289,0.00,0,1,0.00,0.0,18,52,-983,32,985,0,0.0000000,0.0000000,0.00,0.00,99.99,0,1,20:52:53,00
702688,-206,24289,0.00,0,1,0.00,0.0,18,55,-981,31,983,0,0.0000000,0.0000000,0.00,0.00,99.99,0,1,20:52:54,00
703146,-207,24289,0.00,0,1,0.00,0.0,18,58,-982,30,984,0,0.0000000,0.0000000,0.00,0.00,99.99,0,1,20:52:54,00
703606,-201,24289,0.00,0,1,0.00,0.0,18,54,-982,27,984,0,0.0000000,0.0000000,0.00,0.00,99.99,0,1,20:52:55,00
704069,-197,24289,0.00,0,1,0.00,0.0,18,49,-983,31,985,0,0.0000000,0.0000000,0.00,0.00,99.99,0,1,20:52:55,00
704533,-201,24289,0.00,0,1,0.00,0.0,18,49,-983,34,984,0,0.0000000,0.0000000,0.00,0.00,99.99,0,1,20:52:56,00
704992,-208,24289,0.00,0,1,0.00,0.0,18,54,-984,30,986,0,0.0000000,0.0000000,0.00,0.00,99.99,0,1,20:52:56,00
705437,-204,24289,0.00,0,1,0.00,0.0,18,52,-982,30,984,0,0.0000000,0.0000000,0.00,0.00,99.99,0,1,20:52:57,00
705910,-206,24289,0.00,0,1,0.00,0.0,18,53,-984,26,986,0,0.0000000,0.0000000,0.00,0.00,99.99,0,1,20:52:57,00
706355,-201,24289,0.00,0,1,0.00,0.0,18,52,-982,30,984,0,0.0000000,0.0000000,0.00,0.00,99.99,0,1,20:52:57,00
706814,-198,24289,0.00,0,1,0.00,0.0,18,53,-982,33,984,0,0.0000000,0.0000000,0.00,0.00,99.99,0,1,20:52:58,00
707279,-210,24289,0.00,0,1,0.00,0.0,18,49,-983,30,985,0,0.0000000,0.0000000,0.00,0.00,99.99,0,1,20:52:58,00
707738,-208,24289,0.00,0,1,0.00,0.0,18,46,-984,28,985,0,0.0000000,0.0000000,0.00,0.00,99.99,0,1,20:52:59,00
708208,-207,24289,0.00,0,1,0.00,0.0,18,49,-984,28,985,0,0.0000000,0.0000000,0.00,0.00,99.99,0,1,20:52:59,00
708676,-202,24289,0.00,0,1,0.00,0.0,18,57,-981,32,983,0,0.0000000,0.0000000,0.00,0.00,99.99,0,1,20:53:00,00
709144,-200,24289,0.00,0,1,0.00,0.0,18,47,-984,31,985,0,0.0000000,0.0000000,0.00,0.00,99.99,0,1,20:53:00,00
709612,-188,24289,0.00,0,1,0.00,0.0,18,52,-982,34,984,0,0.0000000,0.0000000,0.00,0.00,99.99,0,1,20:53:01,00
710081,-195,24289,0.00,0,1,0.00,0.0,18,52,-982,31,984,0,0.0000000,0.0000000,0.00,0.00,99.99,0,1,20:53:01,00
710560,-188,24289,0.00,0,1,0.00,0.0,18,52,-982,32,984,0,0.0000000,0.0000000,0.00,0.00,99.99,0,1,20:53:02,00
711033,-185,24289,0.00,0,1,0.00,0.0,18,54,-982,31,984,0,0.0000000,0.0000000,0.00,0.00,99.99,0,1,20:53:02,00
711498,-193,24289,0.00,0,1,0.00,0.0,18,55,-981,32,984,0,0.0000000,0.0000000,0.00,0.00,99.99,0,1,20:53:03,00
712039,-210,24289,0.00,0,1,0.00,0.0,18,54,-981,35,983,0,0.0000000,0.0000000,0.00,0.00,99.99,0,1,20:53:03,00
712461,-167,24289,0.00,0,1,0.00,0.0,18,54,-982,32,984,0,0.0000000,0.0000000,0.00,0.00,99.99,0,1,20:53:04,00
712929,-175,24289,0.00,0,1,0.00,0.0,18,54,-982,32,984,0,0.0000000,0.0000000,0.00,0.00,99.99,0,1,20:53:04,00
713389,-172,24289,0.00,0,1,0.00,0.0,18,54,-982,30,984,0,0.0000000,0.0000000,0.00,0.00,99.99,0,1,20:53:04,00
713847,-180,24289,0.00,0,1,0.00,0.0,18,54,-981,34,983,0,0.0000000,0.0000000,0.00,0.00,99.99,0,1,20:53:05,00
714309,-205,24289,0.00,0,1,0.00,0.0,18,55,-981,29,983,0,0.0000000,0.0000000,0.00,0.00,99.99,0,1,20:53:05,00
714765,-214,24289,0.00,0,1,0.00,0.0,18,52,-983,33,984,0,0.0000000,0.0000000,0.00,0.00,99.99,0,1,20:53:06,00
715242,-212,24289,0.00,0,1,0.00,0.0,18,54,-982,30,984,0,0.0000000,0.0000000,0.00,0.00,99.99,0,1,20:53:06,00
715701,-181,24289,0.00,0,1,0.00,0.0,18,53,-982,31,984,0,0.0000000,0.0000000,0.00,0.00,99.99,0,1,20:53:07,00
716167,-184,24289,0.00,0,1,0.00,0.0,18,54,-983,30,985,0,0.0000000,0.0000000,0.00,0.00,99.99,0,1,20:53:07,00
716623,-181,24289,0.00,0,1,0.00,0.0,18,51,-983,31,985,0,0.0000000,0.0000000,0.00,0.00,99.99,0,1,20:53:08,00
717089,-173,24289,0.00,0,1,0.00,0.0,18,53,-981,33,983,0,0.0000000,0.0000000,0.00,0.00,99.99,0,1,20:53:08,00
717564,-177,24289,0.00,0,1,0.00,0.0,18,52,-981,33,983,0,0.0000000,0.0000000,0.00,0.00,99.99,0,1,20:53:09,00
718033,-189,24289,0.00,0,1,0.00,0.0,18,54,-982,32,984,0,0.0000000,0.0000000,0.00,0.00,99.99,0,1,20:53:09,00
718502,-197,24289,0.00,0,1,0.00,0.0,18,50,-982,30,984,0,0.0000000,0.0000000,0.00,0.00,99.99,0,1,20:53:10,00
718968,-199,24289,0.00,0,1,0.00,0.0,18,54,-981,32,983,0,0.0000000,0.0000000,0.00,0.00,99.99,0,1,20:53:10,00
719406,-212,24289,0.00,0,1,0.00,0.0,18,60,-979,28,982,0,0.0000000,0.0000000,0.00,0.00,99.99,0,1,20:53:11,00
719874,-216,24289,0.00,0,1,0.00,0.0,18,56,-981,32,983,0,0.0000000,0.0000000,0.00,0.00,99.99,0,1,20:53:11,00
720328,-217,24289,0.00,0,1,0.00,0.0,18,54,-981,33,983,0,0.0000000,0.0000000,0.00,0.00,99.99,0,1,20:53:11,00
720803,-216,24289,0.00,0,1,0.00,0.0,18,50,-983,40,985,0,0.0000000,0.0000000,0.00,0.00,99.99,0,1,20:53:12,00
721266,-179,24289,0.00,0,1,0.00,0.0,18,50,-982,37,984,0,0.0000000,0.0000000,0.00,0.00,99.99,0,1,20:53:12,00
721734,-178,24289,0.00,0,1,0.00,0.0,18,55,-982,32,984,0,0.0000000,0.0000000,0.00,0.00,99.99,0,1,20:53:13,00
722216,-187,24289,0.00,0,1,0.00,0.0,18,52,-982,31,984,0,0.0000000,0.0000000,0.00,0.00,99.99,0,1,20:53:13,00
722691,-201,24289,0.00,0,1,0.00,0.0,18,55,-982,33,984,0,0.0000000,0.0000000,0.00,0.00,99.99,0,1,20:53:14,00
723160,-202,24289,0.00,0,1,0.00,0.0,18,54,-983,35,985,0,0.0000000,0.0000000,0.00,0.00,99.99,0,1,20:53:14,00
723629,-199,24289,0.00,0,1,0.00,0.0,18,51,-982,34,984,0,0.0000000,0.0000000,0.00,0.00,99.99,0,1,20:53:15,00
724094,-180,24289,0.00,0,1,0.00,0.0,18,53,-982,32,984,0,0.0000000,0.0000000,0.00,0.00,99.99,0,1,20:53:15,00
724573,-207,24289,0.00,0,1,0.00,0.0,18,52,-983,32,985,0,0.0000000,0.0000000,0.00,0.00,99.99,0,1,20:53:16,00
725055,-201,24289,0.00,0,1,0.00,0.0,18,55,-982,27,984,0,0.0000000,0.0000000,0.00,0.00,99.99,0,1,20:53:16,00
725526,-200,24289,0.00,0,1,0.00,0.0,18,54,-982,36,985,0,0.0000000,0.0000000,0.00,0.00,99.99,0,1,20:53:17,00
726007,-211,24289,0.00,0,1,0.00,0.0,18,54,-982,31,984,0,0.0000000,0.0000000,0.00,0.00,99.99,0,1,20:53:17,00
726462,-205,24289,0.00,0,1,0.00,0.0,18,54,-982,32,984,0,0.0000000,0.0000000,0.00,0.00,99.99,0,1,20:53:18,00
727013,-209,24289,0.00,0,1,0.00,0.0,18,54,-982,32,984,0,0.0000000,0.0000000,0.00,0.00,99.99,0,1,20:53:18,00
727462,-200,24289,0.00,0,1,0.00,0.0,18,51,-983,34,985,0,0.0000000,0.0000000,0.00,0.00,99.99,0,1,20:53:19,00
727925,-207,24289,0.00,0,1,0.00,0.0,18,40,-984,34,985,0,0.0000000,0.0000000,0.00,0.00,99.99,0,1,20:53:19,00
728375,-203,24289,0.00,0,1,0.00,0.0,18,49,-983,27,984,0,0.0000000,0.0000000,0.00,0.00,99.99,0,1,20:53:19,00
728856,-195,24289,0.00,0,1,0.00,0.0,18,56,-982,32,984,0,0.0000000,0.0000000,0.00,0.00,99.99,0,1,20:53:20,00
729328,-194,24289,0.00,0,1,0.00,0.0,18,60,-979,42,982,0,0.0000000,0.0000000,0.00,0.00,99.99,0,1,20:53:20,00
729800,-188,24289,0.00,0,1,0.00,0.0,18,51,-982,32,984,0,0.0000000,0.0000000,0.00,0.00,99.99,0,1,20:53:21,00
730275,-198,24289,0.00,0,1,0.00,0.0,18,52,-982,34,984,0,0.0000000,0.0000000,0.00,0.00,99.99,0,1,20:53:21,00
730748,-193,24289,0.00,0,1,0.00,0.0,18,50,-982,34,984,0,0.0000000,0.0000000,0.00,0.00,99.99,0,1,20:53:22,00
731223,-212,24289,0.00,0,1,0.00,0.0,18,55,-982,28,984,0,0.0000000,0.0000000,0.00,0.00,99.99,0,1,20:53:22,00
731703,-206,24289,0.00,0,1,0.00,0.0,18,56,-982,28,984,0,0.0000000,0.0000000,0.00,0.00,99.99,0,1,20:53:23,00
732176,-170,24289,0.00,0,1,0.00,0.0,18,53,-982,31,984,0,0.0000000,0.0000000,0.00,0.00,99.99,0,1,20:53:23,00
732641,-204,24289,0.00,0,1,0.00,0.0,18,52,-982,32,984,0,0.0000000,0.0000000,0.00,0.00,99.99,0,1,20:53:24,00
733121,-201,24289,0.00,0,1,0.00,0.0,18,52,-980,32,982,0,0.0000000,0.0000000,0.00,0.00,99.99,0,1,20:53:24,00
733596,-202,24289,0.00,0,1,0.00,0.0,18,58,-981,30,983,0,0.0000000,0.0000000,0.00,0.00,99.99,0,1,20:53:25,00
734075,-185,24289,0.00,0,1,0.00,0.0,18,55,-982,31,984,0,0.0000000,0.0000000,0.00,0.00,99.99,0,1,20:53:25,00
734552,-207,24289,0.00,0,1,0.00,0.0,18,54,-982,34,984,0,0.0000000,0.0000000,0.00,0.00,99.99,0,1,20:53:26,00
735027,-212,24289,0.00,0,1,0.00,0.0,18,53,-981,32,983,0,0.0000000,0.0000000,0.00,0.00,99.99,0,1,20:53:26,00
735505,-211,24289,0.00,0,1,0.00,0.0,18,55,-981,33,983,0,0.0000000,0.0000000,0.00,0.00,99.99,0,1,20:53:27,00
735986,-209,24289,0.00,0,1,0.00,0.0,18,51,-982,30,984,0,0.0000000,0.0000000,0.00,0.00,99.99,0,1,20:53:27,00
736446,-205,24289,0.00,0,1,0.00,0.0,18,50,-984,35,986,0,0.0000000,0.0000000,0.00,0.00,99.99,0,1,20:53:28,00
736926,-183,24289,0.00,0,1,0.00,0.0,18,53,-980,33,982,0,0.0000000,0.0000000,0.00,0.00,99.99,0,1,20:53:28,00
737380,-200,24289,0.00,0,1,0.00,0.0,18,52,-983,24,984,0,0.0000000,0.0000000,0.00,0.00,99.99,0,1,20:53:29,00
737852,-184,24289,0.00,0,1,0.00,0.0,18,52,-981,32,983,0,0.0000000,0.0000000,0.00,0.00,99.99,0,1,20:53:29,00
738318,-188,24289,0.00,0,1,0.00,0.0,18,58,-981,37,983,0,0.0000000,0.0000000,0.00,0.00,99.99,0,1,20:53:29,00
738795,-186,24289,0.00,0,1,0.00,0.0,18,55,-983,37,985,0,0.0000000,0.0000000,0.00,0.00,99.99,0,1,20:53:30,00
739272,-183,24289,0.00,0,1,0.00,0.0,18,52,-983,36,985,0,0.0000000,0.0000000,0.00,0.00,99.99,0,1,20:53:30,00
739755,-191,24289,0.00,0,1,0.00,0.0,18,81,-977,12,981,0,0.0000000,0.0000000,0.00,0.00,99.99,0,1,20:53:31,00
740231,-179,24289,0.00,0,1,0.00,0.0,18,69,-980,37,984,0,0.0000000,0.0000000,0.00,0.00,99.99,0,1,20:53:31,00
740710,-187,24289,0.00,0,1,0.00,0.0,18,34,-984,36,985,0,0.0000000,0.0000000,0.00,0.00,99.99,0,1,20:53:32,00
741186,-205,24289,0.00,0,1,0.00,0.0,18,131,-967,42,977,0,0.0000000,0.0000000,0.00,0.00,99.99,0,1,20:53:32,00
741664,-175,24289,0.00,0,1,0.00,0.0,18,95,-973,30,978,0,0.0000000,0.0000000,0.00,0.00,99.99,0,1,20:53:33,00
742217,-173,24289,0.00,0,1,0.00,0.0,18,33,-987,38,988,0,0.0000000,0.0000000,0.00,0.00,99.99,0,1,20:53:33,00
742678,-201,24289,0.00,0,1,0.00,0.0,18,59,-979,34,981,0,0.0000000,0.0000000,0.00,0.00,99.99,0,1,20:53:34,00
743141,-179,24289,0.00,0,1,0.00,0.0,18,93,-972,52,978,0,0.0000000,0.0000000,0.00,0.00,99.99,0,1,20:53:34,00
743614,-200,24289,0.00,0,1,0.00,0.0,18,50,-984,27,985,0,0.0000000,0.0000000,0.00,0.00,99.99,0,1,20:53:35,00
744078,-184,24289,0.00,0,1,0.00,0.0,18,38,-984,28,985,0,0.0000000,0.0000000,0.00,0.00,99.99,0,1,20:53:35,00
744545,-186,24289,0.00,0,1,0.00,0.0,18,50,-982,33,984,0,0.0000000,0.0000000,0.00,0.00,99.99,0,1,20:53:36,00
745007,-189,24289,0.00,0,1,0.00,0.0,18,39,-986,20,987,0,0.0000000,0.0000000,0.00,0.00,99.99,0,1,20:53:36,00
745466,-201,24289,0.00,0,1,0.00,0.0,18,26,-982,30,983,0,0.0000000,0.0000000,0.00,0.00,99.99,0,1,20:53:37,00
745932,-211,24289,0.00,0,1,0.00,0.0,18,51,-985,38,987,0,0.0000000,0.0000000,0.00,0.00,99.99,0,1,20:53:37,00
746373,-205,24289,0.00,0,1,0.00,0.0,18,56,-979,29,981,0,0.0000000,0.0000000,0.00,0.00,99.99,0,1,20:53:37,00
746846,-209,24289,0.00,0,1,0.00,0.0,18,54,-982,28,984,0,0.0000000,0.0000000,0.00,0.00,99.99,0,1,20:53:38,00
747323,-214,24289,0.00,0,1,0.00,0.0,18,68,-979,30,982,0,0.0000000,0.0000000,0.00,0.00,99.99,0,1,20:53:38,00
747793,-180,24289,0.00,0,1,0.00,0.0,18,70,-979,24,982,0,0.0000000,0.0000000,0.00,0.00,99.99,0,1,20:53:39,00
748269,-181,24289,0.00,0,1,0.00,0.0,18,72,-979,24,982,0,0.0000000,0.0000000,0.00,0.00,99.99,0,1,20:53:39,00
748738,-195,24289,0.00,0,1,0.00,0.0,18,69,-980,29,983,0,0.0000000,0.0000000,0.00,0.00,99.99,0,1,20:53:40,00
749215,-183,24289,0.00,0,1,0.00,0.0,18,46,-982,40,984,0,0.0000000,0.0000000,0.00,0.00,99.99,0,1,20:53:40,00
749691,-175,24289,0.00,0,1,0.00,0.0,18,-8,-988,56,990,0,0.0000000,0.0000000,0.00,0.00,99.99,0,1,20:53:41,00
750171,-186,24289,0.00,0,1,0.00,0.0,18,54,-982,28,984,0,0.0000000,0.0000000,0.00,0.00,99.99,0,1,20:53:41,00
750656,-181,24289,0.00,0,1,0.00,0.0,18,52,-983,58,986,0,0.0000000,0.0000000,0.00,0.00,99.99,0,1,20:53:42,00
751135,-209,24289,0.00,0,1,0.00,0.0,18,59,-981,22,983,0,0.0000000,0.0000000,0.00,0.00,99.99,0,1,20:53:42,00
751606,-196,24289,0.00,0,1,0.00,0.0,18,56,-983,35,985,0,0.0000000,0.0000000,0.00,0.00,99.99,0,1,20:53:43,00
752081,-207,24289,0.00,0,1,0.00,0.0,18,36,-983,21,984,0,0.0000000,0.0000000,0.00,0.00,99.99,0,1,20:53:43,00
752554,-197,24289,0.00,0,1,0.00,0.0,18,62,-982,35,984,0,0.0000000,0.0000000,0.00,0.00,99.99,0,1,20:53:44,00
753034,-195,24289,0.00,0,1,0.00,0.0,18,57,-980,33,983,0,0.0000000,0.0000000,0.00,0.00,99.99,0,1,20:53:44,00
753497,-186,24289,0.00,0,1,0.00,0.0,18,50,-982,23,983,0,0.0000000,0.0000000,0.00,0.00,99.99,0,1,20:53:45,00
753976,-187,24289,0.00,0,1,0.00,0.0,18,57,-981,31,983,0,0.0000000,0.0000000,0.00,0.00,99.99,0,1,20:53:45,00
754427,-192,24289,0.00,0,1,0.00,0.0,18,59,-980,35,983,0,0.0000000,0.0000000,0.00,0.00,99.99,0,1,20:53:46,00
754908,-201,24289,0.00,0,1,0.00,0.0,18,53,-983,37,985,0,0.0000000,0.0000000,0.00,0.00,99.99,0,1,20:53:46,00
755380,-193,24289,0.00,0,1,0.00,0.0,18,59,-982,44,985,0,0.0000000,0.0000000,0.00,0.00,99.99,0,1,20:53:46,00
755853,-193,24289,0.00,0,1,0.00,0.0,18,49,-984,36,986,0,0.0000000,0.0000000,0.00,0.00,99.99,0,1,20:53:47,00
756333,-192,24289,0.00,0,1,0.00,0.0,18,50,-983,31,984,0,0.0000000,0.0000000,0.00,0.00,99.99,0,1,20:53:47,00
756820,-201,24289,0.00,0,1,0.00,0.0,18,67,-980,28,982,0,0.0000000,0.0000000,0.00,0.00,99.99,0,1,20:53:48,00
757359,-194,24289,0.00,0,1,0.00,0.0,18,54,-984,33,986,0,0.0000000,0.0000000,0.00,0.00,99.99,0,1,20:53:48,00
757838,-178,24289,0.00,0,1,0.00,0.0,18,47,-983,35,985,0,0.0000000,0.0000000,0.00,0.00,99.99,0,1,20:53:49,00
758307,-173,24289,0.00,0,1,0.00,0.0,18,54,-982,34,984,0,0.0000000,0.0000000,0.00,0.00,99.99,0,1,20:53:49,00
758772,-179,24289,0.00,0,1,0.00,0.0,18,56,-981,32,983,0,0.0000000,0.0000000,0.00,0.00,99.99,0,1,20:53:50,00
759248,-182,24289,0.00,0,1,0.00,0.0,18,51,-981,29,983,0,0.0000000,0.0000000,0.00,0.00,99.99,0,1,20:53:50,00
759718,-180,24289,0.00,0,1,0.00,0.0,18,51,-982,32,984,0,0.0000000,0.0000000,0.00,0.00,99.99,0,1,20:53:51,00
760197,-195,24289,0.00,0,1,0.00,0.0,18,51,-984,35,986,0,0.0000000,0.0000000,0.00,0.00,99.99,0,1,20:53:51,00
760669,-188,24289,0.00,0,1,0.00,0.0,18,58,-981,36,983,0,0.0000000,0.0000000,0.00,0.00,99.99,0,1,20:53:52,00
761138,-186,24289,0.00,0,1,0.00,0.0,18,51,-982,36,984,0,0.0000000,0.0000000,0.00,0.00,99.99,0,1,20:53:52,00
761613,-213,24289,0.00,0,1,0.00,0.0,18,57,-982,28,984,0,0.0000000,0.0000000,0.00,0.00,99.99,0,1,20:53:53,00
762093,-219,24289,0.00,0,1,0.00,0.0,18,55,-982,38,985,0,0.0000000,0.0000000,0.00,0.00,99.99,0,1,20:53:53,00
762563,-216,24289,0.00,0,1,0.00,0.0,18,51,-983,39,986,0,0.0000000,0.0000000,0.00,0.00,99.99,0,1,20:53:54,00
763039,-217,24289,0.00,0,1,0.00,0.0,18,54,-982,36,984,0,0.0000000,0.0000000,0.00,0.00,99.99,0,1,20:53:54,00
763494,-177,24289,0.00,0,1,0.00,0.0,18,53,-981,32,983,0,0.0000000,0.0000000,0.00,0.00,99.99,0,1,20:53:55,00
763961,-181,24289,0.00,0,1,0.00,0.0,18,52,-982,33,984,0,0.0000000,0.0000000,0.00,0.00,99.99,0,1,20:53:55,00
764411,-176,24289,0.00,0,1,0.00,0.0,18,49,-983,35,985,0,0.0000000,0.0000000,0.00,0.00,99.99,0,1,20:53:56,00
764892,-179,24289,0.00,0,1,0.00,0.0,18,57,-981,31,983,0,0.0000000,0.0000000,0.00,0.00,99.99,0,1,20:53:56,00
765365,-177,24289,0.00,0,1,0.00,0.0,18,60,-981,32,983,0,0.0000000,0.0000000,0.00,0.00,99.99,0,1,20:53:56,00
765843,-180,24289,0.00,0,1,0.00,0.0,18,50,-984,47,987,0,0.0000000,0.0000000,0.00,0.00,99.99,0,1,20:53:57,00
766323,-199,24289,0.00,0,1,0.00,0.0,18,50,-983,37,985,0,0.0000000,0.0000000,0.00,0.00,99.99,0,1,20:53:57,00
766799,-202,24289,0.00,0,1,0.00,0.0,18,61,-980,18,982,0,0.0000000,0.0000000,0.00,0.00,99.99,0,1,20:53:58,00
767281,-222,24289,0.00,0,1,0.00,0.0,18,52,-983,29,985,0,0.0000000,0.0000000,0.00,0.00,99.99,0,1,20:53:58,00
767754,-215,24289,0.00,0,1,0.00,0.0,18,51,-982,32,984,0,0.0000000,0.0000000,0.00,0.00,99.99,0,1,20:53:59,00
768225,-212,24289,0.00,0,1,0.00,0.0,18,49,-983,32,985,0,0.0000000,0.0000000,0.00,0.00,99.99,0,1,20:53:59,00
768695,-217,24289,0.00,0,1,0.00,0.0,18,55,-982,33,984,0,0.0000000,0.0000000,0.00,0.00,99.99,0,1,20:54:00,00
769170,-184,24289,0.00,0,1,0.00,0.0,18,53,-983,30,984,0,0.0000000,0.0000000,0.00,0.00,99.99,0,1,20:54:00,00
769642,-178,24289,0.00,0,1,0.00,0.0,18,44,-982,33,984,0,0.0000000,0.0000000,0.00,0.00,99.99,0,1,20:54:01,00
770113,-170,24289,0.00,0,1,0.00,0.0,18,47,-986,40,988,0,0.0000000,0.0000000,0.00,0.00,99.99,0,1,20:54:01,00
770584,-191,24289,0.00,0,1,0.00,0.0,18,55,-982,32,984,0,0.0000000,0.0000000,0.00,0.00,99.99,0,1,20:54:02,00
771060,-181,24289,0.00,0,1,0.00,0.0,18,53,-982,26,984,0,0.0000000,0.0000000,0.00,0.00,99.99,0,1,20:54:02,00
771527,-201,24289,0.00,0,1,0.00,0.0,18,53,-983,33,985,0,0.0000000,0.0000000,0.00,0.00,99.99,0,1,20:54:03,00
772000,-166,24289,0.00,0,1,0.00,0.0,18,55,-982,30,984,0,0.0000000,0.0000000,0.00,0.00,99.99,0,1,20:54:03,00
772546,-179,24289,0.00,0,1,0.00,0.0,18,64,-982,35,985,0,0.0000000,0.0000000,0.00,0.00,99.99,0,1,20:54:04,00
773012,-215,24289,0.00,0,1,0.00,0.0,18,54,-982,28,984,0,0.0000000,0.0000000,0.00,0.00,99.99,0,1,20:54:04,00
773463,-198,24289,0.00,0,1,0.00,0.0,18,44,-984,45,986,0,0.0000000,0.0000000,0.00,0.00,99.99,0,1,20:54:05,00
773928,-188,24289,0.00,0,1,0.00,0.0,18,27,-986,53,988,0,0.0000000,0.0000000,0.00,0.00,99.99,0,1,20:54:05,00
774371,-189,24289,0.00,0,1,0.00,0.0,18,38,-982,32,983,0,0.0000000,0.0000000,0.00,0.00,99.99,0,1,20:54:05,00
774834,-187,24289,0.00,0,1,0.00,0.0,18,64,-978,34,981,0,0.0000000,0.0000000,0.00,0.00,99.99,0,1,20:54:06,00
775305,-198,24289,0.00,0,1,0.00,0.0,18,23,-982,22,983,0,0.0000000,0.0000000,0.00,0.00,99.99,0,1,20:54:06,00
775771,-188,24289,0.00,0,1,0.00,0.0,18,40,-985,29,986,0,0.0000000,0.0000000,0.00,0.00,99.99,0,1,20:54:07,00
776254,-200,24289,0.00,0,1,0.00,0.0,18,89,-979,44,984,0,0.0000000,0.0000000,0.00,0.00,99.99,0,1,20:54:07,00
776731,-181,24289,0.00,0,1,0.00,0.0,18,93,-976,56,982,0,0.0000000,0.0000000,0.00,0.00,99.99,0,1,20:54:08,00
777193,-197,24289,0.00,0,1,0.00,0.0,18,62,-981,42,984,0,0.0000000,0.0000000,0.00,0.00,99.99,0,1,20:54:08,00
777668,-189,24289,0.00,0,1,0.00,0.0,18,42,-984,34,986,0,0.0000000,0.0000000,0.00,0.00,99.99,0,1,20:54:09,00
778140,-191,24289,0.00,0,1,0.00,0.0,18,53,-982,33,984,0,0.0000000,0.0000000,0.00,0.00,99.99,0,1,20:54:09,00
778606,-200,24289,0.00,0,1,0.00,0.0,18,56,-983,33,985,0,0.0000000,0.0000000,0.00,0.00,99.99,0,1,20:54:10,00
779078,-211,24289,0.00,0,1,0.00,0.0,18,55,-981,26,983,0,0.0000000,0.0000000,0.00,0.00,99.99,0,1,20:54:10,00
779545,-207,24289,0.00,0,1,0.00,0.0,18,48,-983,18,984,0,0.0000000,0.0000000,0.00,0.00,99.99,0,1,20:54:11,00
780017,-212,24289,0.00,0,1,0.00,0.0,18,66,-979,52,982,0,0.0000000,0.0000000,0.00,0.00,99.99,0,1,20:54:11,00
780470,-205,24289,0.00,0,1,0.00,0.0,18,62,-980,19,983,0,0.0000000,0.0000000,0.00,0.00,99.99,0,1,20:54:12,00
780943,-208,24289,0.00,0,1,0.00,0.0,18,51,-982,26,984,0,0.0000000,0.0000000,0.00,0.00,99.99,0,1,20:54:12,00
781388,-174,24289,0.00,0,1,0.00,0.0,18,64,-980,35,983,0,0.0000000,0.0000000,0.00,0.00,99.99,0,1,20:54:12,00
781857,-180,24289,0.00,0,1,0.00,0.0,18,52,-982,28,983,0,0.0000000,0.0000000,0.00,0.00,99.99,0,1,20:54:13,00
782330,-187,24289,0.00,0,1,0.00,0.0,18,49,-983,36,985,0,0.0000000,0.0000000,0.00,0.00,99.99,0,1,20:54:13,00
782799,-182,24289,0.00,0,1,0.00,0.0,18,59,-981,31,983,0,0.0000000,0.0000000,0.00,0.00,99.99,0,1,20:54:14,00
783273,-196,24289,0.00,0,1,0.00,0.0,18,49,-983,54,986,0,0.0000000,0.0000000,0.00,0.00,99.99,0,1,20:54:14,00
783752,-196,24289,0.00,0,1,0.00,0.0,18,63,-979,30,982,0,0.0000000,0.0000000,0.00,0.00,99.99,0,1,20:54:15,00
784223,-193,24289,0.00,0,1,0.00,0.0,18,53,-981,30,983,0,0.0000000,0.0000000,0.00,0.00,99.99,0,1,20:54:15,00
784693,-181,24289,0.00,0,1,0.00,0.0,18,60,-980,32,983,0,0.0000000,0.0000000,0.00,0.00,99.99,0,1,20:54:16,00
785164,-187,24289,0.00,0,1,0.00,0.0,18,53,-983,27,985,0,0.0000000,0.0000000,0.00,0.00,99.99,0,1,20:54:16,00
785633,-184,24289,0.00,0,1,0.00,0.0,18,63,-979,28,982,0,0.0000000,0.0000000,0.00,0.00,99.99,0,1,20:54:17,00
786107,-197,24289,0.00,0,1,0.00,0.0,18,20,-991,40,992,0,0.0000000,0.0000000,0.00,0.00,99.99,0,1,20:54:17,00
786584,-208,24289,0.00,0,1,0.00,0.0,18,64,-980,35,983,0,0.0000000,0.0000000,0.00,0.00,99.99,0,1,20:54:18,00
787057,-205,24289,0.00,0,1,0.00,0.0,18,50,-982,36,984,0,0.0000000,0.0000000,0.00,0.00,99.99,0,1,20:54:18,00
787601,-185,24289,0.00,0,1,0.00,0.0,18,61,-981,19,983,0,0.0000000,0.0000000,0.00,0.00,99.99,0,1,20:54:19,00
788063,-194,24289,0.00,0,1,0.00,0.0,18,73,-979,28,982,0,0.0000000,0.0000000,0.00,0.00,99.99,0,1,20:54:19,00
788526,-213,24289,0.00,0,1,0.00,0.0,18,65,-978,28,981,0,0.0000000,0.0000000,0.00,0.00,99.99,0,1,20:54:20,00
788994,-193,24289,0.00,0,1,0.00,0.0,18,35,-983,32,984,0,0.0000000,0.0000000,0.00,0.00,99.99,0,1,20:54:20,00
789430,-196,24289,0.00,0,1,0.00,0.0,18,31,-985,33,986,0,0.0000000,0.0000000,0.00,0.00,99.99,0,1,20:54:21,00
789898,-189,24289,0.00,0,1,0.00,0.0,18,50,-984,24,986,0,0.0000000,0.0000000,0.00,0.00,99.99,0,1,20:54:21,00
790361,-188,24289,0.00,0,1,0.00,0.0,18,55,-989,31,991,0,0.0000000,0.0000000,0.00,0.00,99.99,0,1,20:54:21,00
790836,-214,24289,0.00,0,1,0.00,0.0,18,46,-983,28,984,0,0.0000000,0.0000000,0.00,0.00,99.99,0,1,20:54:22,00
791297,-202,24289,0.00,0,1,0.00,0.0,18,55,-984,23,986,0,0.0000000,0.0000000,0.00,0.00,99.99,0,1,20:54:22,00
791762,-204,24289,0.00,0,1,0.00,0.0,18,69,-978,23,981,0,0.0000000,0.0000000,0.00,0.00,99.99,0,1,20:54:23,00
792232,-203,24289,0.00,0,1,0.00,0.0,18,56,-981,39,983,0,0.0000000,0.0000000,0.00,0.00,99.99,0,1,20:54:23,00
792701,-208,24289,0.00,0,1,0.00,0.0,18,50,-983,24,985,0,0.0000000,0.0000000,0.00,0.00,99.99,0,1,20:54:24,00
793179,-204,24289,0.00,0,1,0.00,0.0,18,42,-984,24,985,0,0.0000000,0.0000000,0.00,0.00,99.99,0,1,20:54:24,00
793654,-200,24289,0.00,0,1,0.00,0.0,18,77,-980,33,984,0,0.0000000,0.0000000,0.00,0.00,99.99,0,1,20:54:25,00
794121,-200,24289,0.00,0,1,0.00,0.0,18,90,-972,38,977,0,0.0000000,0.0000000,0.00,0.00,99.99,0,1,20:54:25,00
794591,-214,24289,0.00,0,1,0.00,0.0,18,84,-974,26,978,0,0.0000000,0.0000000,0.00,0.00,99.99,0,1,20:54:26,00
795067,-195,24289,0.00,0,1,0.00,0.0,18,71,-983,29,986,0,0.0000000,0.0000000,0.00,0.00,99.99,0,1,20:54:26,00
795546,-180,24289,0.00,0,1,0.00,0.0,18,46,-985,44,987,0,0.0000000,0.0000000,0.00,0.00,99.99,0,1,20:54:27,00
796018,-180,24289,0.00,0,1,0.00,0.0,18,53,-983,24,985,0,0.0000000,0.0000000,0.00,0.00,99.99,0,1,20:54:27,00
796461,-192,24289,0.00,0,1,0.00,0.0,18,45,-984,34,986,0,0.0000000,0.0000000,0.00,0.00,99.99,0,1,20:54:28,00
796935,-191,24289,0.00,0,1,0.00,0.0,18,72,-979,37,982,0,0.0000000,0.0000000,0.00,0.00,99.99,0,1,20:54:28,00
797394,-194,24289,0.00,0,1,0.00,0.0,18,65,-980,26,983,0,0.0000000,0.0000000,0.00,0.00,99.99,0,1,20:54:29,00
797874,-193,24289,0.00,0,1,0.00,0.0,18,53,-982,20,984,0,0.0000000,0.0000000,0.00,0.00,99.99,0,1,20:54:29,00
798349,-198,24289,0.00,0,1,0.00,0.0,18,58,-982,39,984,0,0.0000000,0.0000000,0.00,0.00,99.99,0,1,20:54:29,00
798824,-196,24289,0.00,0,1,0.00,0.0,18,73,-979,34,982,0,0.0000000,0.0000000,0.00,0.00,99.99,0,1,20:54:30,00
799298,-182,24289,0.00,0,1,0.00,0.0,18,55,-982,30,984,0,0.0000000,0.0000000,0.00,0.00,99.99,0,1,20:54:30,00
799772,-192,24289,0.00,0,1,0.00,0.0,18,16,-983,38,984,0,0.0000000,0.0000000,0.00,0.00,99.99,0,1,20:54:31,00
800251,-192,24289,0.00,0,1,0.00,0.0,18,38,-985,40,987,0,0.0000000,0.0000000,0.00,0.00,99.99,0,1,20:54:31,00
800723,-191,24289,0.00,0,1,0.00,0.0,18,59,-982,40,984,0,0.0000000,0.0000000,0.00,0.00,99.99,0,1,20:54:32,00
801195,-181,24289,0.00,0,1,0.00,0.0,18,59,-986,60,989,0,0.0000000,0.0000000,0.00,0.00,99.99,0,1,20:54:32,00
801668,-197,24289,0.00,0,1,0.00,0.0,18,84,-979,25,983,0,0.0000000,0.0000000,0.00,0.00,99.99,0,1,20:54:33,00
802147,-177,24289,0.00,0,1,0.00,0.0,18,54,-981,17,983,0,0.0000000,0.0000000,0.00,0.00,99.99,0,1,20:54:33,00
802700,-176,24289,0.00,0,1,0.00,0.0,18,199,-970,-22,991,0,0.0000000,0.0000000,0.00,0.00,99.99,0,1,20:54:34,00
803166,-186,24289,0.00,0,1,0.00,0.0,18,27,-985,65,987,0,0.0000000,0.0000000,0.00,0.00,99.99,0,1,20:54:34,00
803632,-195,24289,0.00,0,1,0.00,0.0,18,75,-976,12,979,0,0.0000000,0.0000000,0.00,0.00,99.99,0,1,20:54:35,00
804100,-177,24289,0.00,0,1,0.00,0.0,18,55,-981,13,982,0,0.0000000,0.0000000,0.00,0.00,99.99,0,1,20:54:35,00
804567,-209,24289,0.00,0,1,0.00,0.0,18,75,-978,20,981,0,0.0000000,0.0000000,0.00,0.00,99.99,0,1,20:54:36,00
805039,-197,24289,0.00,0,1,0.00,0.0,18,36,-986,33,987,0,0.0000000,0.0000000,0.00,0.00,99.99,0,1,20:54:36,00
805496,-196,24289,0.00,0,1,0.00,0.0,18,55,-981,25,983,0,0.0000000,0.0000000,0.00,0.00,99.99,0,1,20:54:37,00
805968,-211,24289,0.00,0,1,0.00,0.0,18,64,-981,32,983,0,0.0000000,0.0000000,0.00,0.00,99.99,0,1,20:54:37,00
806403,-205,24289,0.00,0,1,0.00,0.0,18,55,-981,31,984,0,0.0000000,0.0000000,0.00,0.00,99.99,0,1,20:54:38,00
806875,-210,24289,0.00,0,1,0.00,0.0,18,58,-981,27,983,0,0.0000000,0.0000000,0.00,0.00,99.99,0,1,20:54:38,00
807345,-206,24289,0.00,0,1,0.00,0.0,18,70,-982,25,985,0,0.0000000,0.0000000,0.00,0.00,99.99,0,1,20:54:38,00
807817,-211,24289,0.00,0,1,0.00,0.0,18,23,-988,41,989,0,0.0000000,0.0000000,0.00,0.00,99.99,0,1,20:54:39,00
808289,-188,24289,0.00,0,1,0.00,0.0,18,81,-978,34,982,0,0.0000000,0.0000000,0.00,0.00,99.99,0,1,20:54:39,00
808760,-183,24289,0.00,0,1,0.00,0.0,18,61,-980,24,982,0,0.0000000,0.0000000,0.00,0.00,99.99,0,1,20:54:40,00
809236,-196,24289,0.00,0,1,0.00,0.0,18,37,-985,35,986,0,0.0000000,0.0000000,0.00,0.00,99.99,0,1,20:54:40,00
809714,-184,24289,0.00,0,1,0.00,0.0,18,52,-981,29,983,0,0.0000000,0.0000000,0.00,0.00,99.99,0,1,20:54:41,00
810186,-189,24289,0.00,0,1,0.00,0.0,18,55,-979,25,981,0,0.0000000,0.0000000,0.00,0.00,99.99,0,1,20:54:41,00
810658,-187,24289,0.00,0,1,0.00,0.0,18,51,-983,31,985,0,0.0000000,0.0000000,0.00,0.00,99.99,0,1,20:54:42,00
811137,-201,24289,0.00,0,1,0.00,0.0,18,53,-982,32,983,0,0.0000000,0.0000000,0.00,0.00,99.99,0,1,20:54:42,00
811608,-203,24289,0.00,0,1,0.00,0.0,18,69,-977,27,980,0,0.0000000,0.0000000,0.00,0.00,99.99,0,1,20:54:43,00
812084,-212,24289,0.00,0,1,0.00,0.0,18,46,-983,33,985,0,0.0000000,0.0000000,0.00,0.00,99.99,0,1,20:54:43,00
812552,-186,24289,0.00,0,1,0.00,0.0,18,70,-979,39,982,0,0.0000000,0.0000000,0.00,0.00,99.99,0,1,20:54:44,00
813020,-192,24289,0.00,0,1,0.00,0.0,18,59,-983,40,985,0,0.0000000,0.0000000,0.00,0.00,99.99,0,1,20:54:44,00
813474,-196,24289,0.00,0,1,0.00,0.0,18,60,-981,29,983,0,0.0000000,0.0000000,0.00,0.00,99.99,0,1,20:54:45,00
813945,-203,24289,0.00,0,1,0.00,0.0,18,43,-985,57,988,0,0.0000000,0.0000000,0.00,0.00,99.99,0,1,20:54:45,00
814395,-192,24289,0.00,0,1,0.00,0.0,18,38,-984,21,985,0,0.0000000,0.0000000,0.00,0.00,99.99,0,1,20:54:46,00
814865,-193,24289,0.00,0,1,0.00,0.0,18,69,-979,20,982,0,0.0000000,0.0000000,0.00,0.00,99.99,0,1,20:54:46,00
815350,-187,24289,0.00,0,1,0.00,0.0,18,57,-981,41,984,0,0.0000000,0.0000000,0.00,0.00,99.99,0,1,20:54:46,00
815825,-195,24289,0.00,0,1,0.00,0.0,18,57,-984,49,986,0,0.0000000,0.0000000,0.00,0.00,99.99,0,1,20:54:47,00
816296,-195,24289,0.00,0,1,0.00,0.0,18,39,-983,29,984,0,0.0000000,0.0000000,0.00,0.00,99.99,0,1,20:54:47,00
816768,-194,24289,0.00,0,1,0.00,0.0,18,57,-979,37,982,0,0.0000000,0.0000000,0.00,0.00,99.99,0,1,20:54:48,00
817239,-198,24289,0.00,0,1,0.00,0.0,18,60,-979,23,981,0,0.0000000,0.0000000,0.00,0.00,99.99,0,1,20:54:48,00
817789,-197,24289,0.00,0,1,0.00,0.0,18,65,-982,19,984,0,0.0000000,0.0000000,0.00,0.00,99.99,0,1,20:54:49,00
818255,-200,24289,0.00,0,1,0.00,0.0,18,52,-984,34,986,0,0.0000000,0.0000000,0.00,0.00,99.99,0,1,20:54:49,00
818711,-198,24289,0.00,0,1,0.00,0.0,18,34,-990,46,992,0,0.0000000,0.0000000,0.00,0.00,99.99,0,1,20:54:50,00
819180,-201,24289,0.00,0,1,0.00,0.0,18,65,-979,36,982,0,0.0000000,0.0000000,0.00,0.00,99.99,0,1,20:54:50,00
819631,-177,24289,0.00,0,1,0.00,0.0,18,55,-976,48,979,0,0.0000000,0.0000000,0.00,0.00,99.99,0,1,20:54:51,00
820096,-171,24289,0.00,0,1,0.00,0.0,18,70,-978,-27,981,0,0.0000000,0.0000000,0.00,0.00,99.99,0,1,20:54:51,00
820530,-173,24289,0.00,0,1,0.00,0.0,18,51,-980,33,982,0,0.0000000,0.0000000,0.00,0.00,99.99,0,1,20:54:51,00
820996,-174,24289,0.00,0,1,0.00,0.0,18,65,-979,24,981,0,0.0000000,0.0000000,0.00,0.00,99.99,0,1,20:54:52,00
821463,-173,24289,0.00,0,1,0.00,0.0,18,39,-982,27,983,0,0.0000000,0.0000000,0.00,0.00,99.99,0,1,20:54:52,00
821927,-192,24289,0.00,0,1,0.00,0.0,18,53,-981,7,982,0,0.0000000,0.0000000,0.00,0.00,99.99,0,1,20:54:53,00
822391,-187,24289,0.00,0,1,0.00,0.0,18,52,-981,35,983,0,0.0000000,0.0000000,0.00,0.00,99.99,0,1,20:54:53,00
822852,-194,24289,0.00,0,1,0.00,0.0,18,52,-977,43,980,0,0.0000000,0.0000000,0.00,0.00,99.99,0,1,20:54:54,00
823321,-216,24289,0.00,0,1,0.00,0.0,18,51,-983,37,985,0,0.0000000,0.0000000,0.00,0.00,99.99,0,1,20:54:54,00
823790,-212,24289,0.00,0,1,0.00,0.0,18,53,-983,25,985,0,0.0000000,0.0000000,0.00,0.00,99.99,0,1,20:54:55,00
824257,-216,24289,0.00,0,1,0.00,0.0,18,40,-988,81,992,0,0.0000000,0.0000000,0.00,0.00,99.99,0,1,20:54:55,00
824729,-216,24289,0.00,0,1,0.00,0.0,18,47,-980,26,982,0,0.0000000,0.0000000,0.00,0.00,99.99,0,1,20:54:56,00
825205,-186,24289,0.00,0,1,0.00,0.0,18,58,-982,-6,984,0,0.0000000,0.0000000,0.00,0.00,99.99,0,1,20:54:56,00
825667,-184,24289,0.00,0,1,0.00,0.0,18,57,-984,34,986,0,0.0000000,0.0000000,0.00,0.00,99.99,0,1,20:54:57,00
826141,-181,24289,0.00,0,1,0.00,0.0,18,53,-983,50,986,0,0.0000000,0.0000000,0.00,0.00,99.99,0,1,20:54:57,00
826604,-179,24289,0.00,0,1,0.00,0.0,18,57,-981,33,983,0,0.0000000,0.0000000,0.00,0.00,99.99,0,1,20:54:58,00
827072,-180,24289,0.00,0,1,0.00,0.0,18,53,-982,38,984,0,0.0000000,0.0000000,0.00,0.00,99.99,0,1,20:54:58,00
827542,-180,24289,0.00,0,1,0.00,0.0,18,53,-982,31,984,0,0.0000000,0.0000000,0.00,0.00,99.99,0,1,20:54:59,00
828008,-195,24289,0.00,0,1,0.00,0.0,18,56,-981,32,983,0,0.0000000,0.0000000,0.00,0.00,99.99,0,1,20:54:59,00
828456,-191,24289,0.00,0,1,0.00,0.0,18,58,-981,31,983,0,0.0000000,0.0000000,0.00,0.00,99.99,0,1,20:55:00,00
828929,-198,24289,0.00,0,1,0.00,0.0,18,60,-980,33,982,0,0.0000000,0.0000000,0.00,0.00,99.99,0,1,20:55:00,00
829391,-214,24289,0.00,0,1,0.00,0.0,18,52,-981,35,983,0,0.0000000,0.0000000,0.00,0.00,99.99,0,1,20:55:01,00
829860,-216,24289,0.00,0,1,0.00,0.0,18,53,-982,29,984,0,0.0000000,0.0000000,0.00,0.00,99.99,0,1,20:55:01,00
830338,-214,24289,0.00,0,1,0.00,0.0,18,53,-982,28,983,0,0.0000000,0.0000000,0.00,0.00,99.99,0,1,20:55:01,00
830813,-180,24289,0.00,0,1,0.00,0.0,18,55,-981,28,983,0,0.0000000,0.0000000,0.00,0.00,99.99,0,1,20:55:02,00
831286,178,24289,0.00,0,1,0.00,0.0,18,56,-979,29,981,0,0.0000000,0.0000000,0.00,0.00,99.99,0,1,20:55:02,00
831759,382,24289,0.00,0,1,0.00,0.0,18,53,-982,10,984,0,0.0000000,0.0000000,0.00,0.00,99.99,0,1,20:55:03,00
832230,766,24289,0.00,0,1,0.00,0.0,18,55,-978,25,979,0,0.0000000,0.0000000,0.00,0.00,99.99,0,1,20:55:03,00
832778,1088,24289,0.00,0,1,0.00,0.0,18,49,-981,34,982,0,0.0000000,0.0000000,0.00,0.00,99.99,0,1,20:55:04,00
833245,722,24289,0.00,0,1,0.00,0.0,18,55,-976,38,978,0,0.0000000,0.0000000,0.00,0.00,99.99,0,1,20:55:04,00
833705,580,24289,0.00,0,1,0.00,0.0,18,61,-980,1,982,0,0.0000000,0.0000000,0.00,0.00,99.99,0,1,20:55:05,00
834167,559,24289,0.00,0,1,0.00,0.0,18,46,-986,41,988,0,0.0000000,0.0000000,0.00,0.00,99.99,0,1,20:55:05,00
834622,520,24289,0.00,0,1,0.00,0.0,18,49,-994,25,996,0,0.0000000,0.0000000,0.00,0.00,99.99,0,1,20:55:06,00
835092,447,24289,0.00,0,1,0.00,0.0,18,50,-983,53,986,0,0.0000000,0.0000000,0.00,0.00,99.99,0,1,20:55:06,00
835554,431,24289,0.00,0,1,0.00,0.0,18,58,-988,44,991,0,0.0000000,0.0000000,0.00,0.00,99.99,0,1,20:55:07,00
836015,-198,24289,0.00,0,1,0.00,0.0,18,45,-975,32,976,0,0.0000000,0.0000000,0.00,0.00,99.99,0,1,20:55:07,00
836462,-185,24289,0.00,0,1,0.00,0.0,18,52,-982,41,984,0,0.0000000,0.0000000,0.00,0.00,99.99,0,1,20:55:08,00
836930,-192,24289,0.00,0,1,0.00,0.0,18,53,-979,41,982,0,0.0000000,0.0000000,0.00,0.00,99.99,0,1,20:55:08,00
837376,-188,24289,0.00,0,1,0.00,0.0,18,50,-984,20,985,0,0.0000000,0.0000000,0.00,0.00,99.99,0,1,20:55:08,00
837849,-205,24289,0.00,0,1,0.00,0.0,18,63,-981,45,984,0,0.0000000,0.0000000,0.00,0.00,99.99,0,1,20:55:09,00
838322,-193,24289,0.00,0,1,0.00,0.0,18,56,-981,35,983,0,0.0000000,0.0000000,0.00,0.00,99.99,0,1,20:55:09,00
838791,-196,24289,0.00,0,1,0.00,0.0,18,55,-982,29,984,0,0.0000000,0.0000000,0.00,0.00,99.99,0,1,20:55:10,00
839260,-202,24289,0.00,0,1,0.00,0.0,18,54,-982,33,984,0,0.0000000,0.0000000,0.00,0.00,99.99,0,1,20:55:10,00
839729,-203,24289,0.00,0,1,0.00,0.0,18,54,-983,28,984,0,0.0000000,0.0000000,0.00,0.00,99.99,0,1,20:55:11,00
840208,-215,24289,0.00,0,1,0.00,0.0,18,53,-982,32,984,0,0.0000000,0.0000000,0.00,0.00,99.99,0,1,20:55:11,00
840672,-213,24289,0.00,0,1,0.00,0.0,18,52,-982,32,984,0,0.0000000,0.0000000,0.00,0.00,99.99,0,1,20:55:12,00
841141,-210,24289,0.00,0,1,0.00,0.0,18,52,-981,34,983,0,0.0000000,0.0000000,0.00,0.00,99.99,0,1,20:55:12,00
841607,-212,24289,0.00,0,1,0.00,0.0,18,51,-982,33,984,0,0.0000000,0.0000000,0.00,0.00,99.99,0,1,20:55:13,00
842081,-214,24289,0.00,0,1,0.00,0.0,18,53,-983,31,985,0,0.0000000,0.0000000,0.00,0.00,99.99,0,1,20:55:13,00
842554,-212,24289,0.00,0,1,0.00,0.0,18,47,-982,26,984,0,0.0000000,0.0000000,0.00,0.00,99.99,0,1,20:55:14,00
843028,-185,24289,0.00,0,1,0.00,0.0,18,54,-982,37,984,0,0.0000000,0.0000000,0.00,0.00,99.99,0,1,20:55:14,00
843482,-196,24289,0.00,0,1,0.00,0.0,18,57,-980,26,982,0,0.0000000,0.0000000,0.00,0.00,99.99,0,1,20:55:15,00
843955,-200,24289,0.00,0,1,0.00,0.0,18,43,-984,39,986,0,0.0000000,0.0000000,0.00,0.00,99.99,0,1,20:55:15,00
844399,-198,24289,0.00,0,1,0.00,0.0,18,65,-983,72,987,0,0.0000000,0.0000000,0.00,0.00,99.99,0,1,20:55:16,00
844877,-194,24289,0.00,0,1,0.00,0.0,18,59,-980,22,982,0,0.0000000,0.0000000,0.00,0.00,99.99,0,1,20:55:16,00
845339,-190,24289,0.00,0,1,0.00,0.0,18,52,-982,26,983,0,0.0000000,0.0000000,0.00,0.00,99.99,0,1,20:55:16,00
845811,-194,24289,0.00,0,1,0.00,0.0,18,52,-982,31,984,0,0.0000000,0.0000000,0.00,0.00,99.99,0,1,20:55:17,00
846288,-192,24289,0.00,0,1,0.00,0.0,18,52,-982,33,984,0,0.0000000,0.0000000,0.00,0.00,99.99,0,1,20:55:17,00
846760,-192,24289,0.00,0,1,0.00,0.0,18,52,-982,32,984,0,0.0000000,0.0000000,0.00,0.00,99.99,0,1,20:55:18,00
847231,-199,24289,0.00,0,1,0.00,0.0,18,53,-981,34,983,0,0.0000000,0.0000000,0.00,0.00,99.99,0,1,20:55:18,00
847772,-197,24289,0.00,0,1,0.00,0.0,18,55,-983,39,985,0,0.0000000,0.0000000,0.00,0.00,99.99,0,1,20:55:19,00
848231,-212,24289,0.00,0,1,0.00,0.0,18,53,-982,31,984,0,0.0000000,0.0000000,0.00,0.00,99.99,0,1,20:55:19,00
848692,-209,24289,0.00,0,1,0.00,0.0,18,53,-982,32,984,0,0.0000000,0.0000000,0.00,0.00,99.99,0,1,20:55:20,00
849155,-183,24289,0.00,0,1,0.00,0.0,18,53,-982,30,984,0,0.0000000,0.0000000,0.00,0.00,99.99,0,1,20:55:20,00
849622,-180,24289,0.00,0,1,0.00,0.0,18,57,-981,34,983,0,0.0000000,0.0000000,0.00,0.00,99.99,0,1,20:55:21,00
850088,-189,24289,0.00,0,1,0.00,0.0,18,37,-984,35,985,0,0.0000000,0.0000000,0.00,0.00,99.99,0,1,20:55:21,00
850549,-190,24289,0.00,0,1,0.00,0.0,18,55,-982,30,984,0,0.0000000,0.0000000,0.00,0.00,99.99,0,1,20:55:22,00
851011,-196,24289,0.00,0,1,0.00,0.0,18,52,-983,33,985,0,0.0000000,0.0000000,0.00,0.00,99.99,0,1,20:55:22,00
851458,-180,24289,0.00,0,1,0.00,0.0,18,53,-981,32,983,0,0.0000000,0.0000000,0.00,0.00,99.99,0,1,20:55:23,00
851926,-207,24289,0.00,0,1,0.00,0.0,18,56,-982,33,984,0,0.0000000,0.0000000,0.00,0.00,99.99,0,1,20:55:23,00
852369,-181,24289,0.00,0,1,0.00,0.0,18,53,-981,31,982,0,0.0000000,0.0000000,0.00,0.00,99.99,0,1,20:55:23,00
852845,-188,24289,0.00,0,1,0.00,0.0,18,52,-982,33,984,0,0.0000000,0.0000000,0.00,0.00,99.99,0,1,20:55:24,00
853314,-194,24289,0.00,0,1,0.00,0.0,18,58,-981,31,983,0,0.0000000,0.0000000,0.00,0.00,99.99,0,1,20:55:24,00
853787,-189,24289,0.00,0,1,0.00,0.0,18,54,-983,32,985,0,0.0000000,0.0000000,0.00,0.00,99.99,0,1,20:55:25,00
854259,-184,24289,0.00,0,1,0.00,0.0,18,49,-983,31,985,0,0.0000000,0.0000000,0.00,0.00,99.99,0,1,20:55:25,00
854729,-206,24289,0.00,0,1,0.00,0.0,18,53,-983,30,984,0,0.0000000,0.0000000,0.00,0.00,99.99,0,1,20:55:26,00
855203,-193,24289,0.00,0,1,0.00,0.0,18,51,-983,33,985,0,0.0000000,0.0000000,0.00,0.00,99.99,0,1,20:55:26,00
855677,-202,24289,0.00,0,1,0.00,0.0,18,52,-984,32,985,0,0.0000000,0.0000000,0.00,0.00,99.99,0,1,20:55:27,00
856145,-193,24289,0.00,0,1,0.00,0.0,18,52,-982,32,984,0,0.0000000,0.0000000,0.00,0.00,99.99,0,1,20:55:27,00
856618,-199,24289,0.00,0,1,0.00,0.0,18,52,-983,35,985,0,0.0000000,0.0000000,0.00,0.00,99.99,0,1,20:55:28,00
857092,-197,24289,0.00,0,1,0.00,0.0,18,53,-981,26,983,0,0.0000000,0.0000000,0.00,0.00,99.99,0,1,20:55:28,00
857561,-186,24289,0.00,0,1,0.00,0.0,18,53,-982,33,984,0,0.0000000,0.0000000,0.00,0.00,99.99,0,1,20:55:29,00
858042,-196,24289,0.00,0,1,0.00,0.0,18,52,-984,28,986,0,0.0000000,0.0000000,0.00,0.00,99.99,0,1,20:55:29,00
858506,-194,24289,0.00,0,1,0.00,0.0,18,50,-983,31,984,0,0.0000000,0.0000000,0.00,0.00,99.99,0,1,20:55:30,00
858991,-189,24289,0.00,0,1,0.00,0.0,18,51,-982,33,984,0,0.0000000,0.0000000,0.00,0.00,99.99,0,1,20:55:30,00
859448,-169,24289,0.00,0,1,0.00,0.0,18,53,-983,33,985,0,0.0000000,0.0000000,0.00,0.00,99.99,0,1,20:55:31,00
859930,-177,24289,0.00,0,1,0.00,0.0,18,53,-982,31,984,0,0.0000000,0.0000000,0.00,0.00,99.99,0,1,20:55:31,00
860401,-170,24289,0.00,0,1,0.00,0.0,18,53,-982,30,984,0,0.0000000,0.0000000,0.00,0.00,99.99,0,1,20:55:31,00
860878,-175,24289,0.00,0,1,0.00,0.0,18,53,-982,33,984,0,0.0000000,0.0000000,0.00,0.00,99.99,0,1,20:55:32,00
861354,-180,24289,0.00,0,1,0.00,0.0,18,52,-980,30,982,0,0.0000000,0.0000000,0.00,0.00,99.99,0,1,20:55:32,00
861826,-178,24289,0.00,0,1,0.00,0.0,18,65,-979,29,982,0,0.0000000,0.0000000,0.00,0.00,99.99,0,1,20:55:33,00
862299,-198,24289,0.00,0,1,0.00,0.0,18,52,-982,32,984,0,0.0000000,0.0000000,0.00,0.00,99.99,0,1,20:55:33,00
862848,-181,24289,0.00,0,1,0.00,0.0,18,47,-983,33,985,0,0.0000000,0.0000000,0.00,0.00,99.99,0,1,20:55:34,00
863313,-188,24289,0.00,0,1,0.00,0.0,18,54,-982,33,984,0,0.0000000,0.0000000,0.00,0.00,99.99,0,1,20:55:34,00
863779,-208,24289,0.00,0,1,0.00,0.0,18,49,-984,39,986,0,0.0000000,0.0000000,0.00,0.00,99.99,0,1,20:55:35,00
864238,-207,24289,0.00,0,1,0.00,0.0,18,55,-981,32,984,0,0.0000000,0.0000000,0.00,0.00,99.99,0,1,20:55:35,00
864703,-206,24289,0.00,0,1,0.00,0.0,18,55,-982,32,984,0,0.0000000,0.0000000,0.00,0.00,99.99,0,1,20:55:36,00
865164,-210,24289,0.00,0,1,0.00,0.0,18,53,-982,34,984,0,0.0000000,0.0000000,0.00,0.00,99.99,0,1,20:55:36,00
865620,-178,24289,0.00,0,1,0.00,0.0,18,55,-981,28,983,0,0.0000000,0.0000000,0.00,0.00,99.99,0,1,20:55:37,00
866090,-178,24289,0.00,0,1,0.00,0.0,18,52,-982,33,984,0,0.0000000,0.0000000,0.00,0.00,99.99,0,1,20:55:37,00
866560,-184,24289,0.00,0,1,0.00,0.0,18,61,-980,28,983,0,0.0000000,0.0000000,0.00,0.00,99.99,0,1,20:55:38,00
867024,-192,24289,0.00,0,1,0.00,0.0,18,62,-980,28,982,0,0.0000000,0.0000000,0.00,0.00,99.99,0,1,20:55:38,00
867482,-190,24289,0.00,0,1,0.00,0.0,18,55,-981,33,983,0,0.0000000,0.0000000,0.00,0.00,99.99,0,1,20:55:39,00
867952,-193,24289,0.00,0,1,0.00,0.0,18,52,-982,31,984,0,0.0000000,0.0000000,0.00,0.00,99.99,0,1,20:55:39,00
868392,-180,24289,0.00,0,1,0.00,0.0,18,60,-981,37,983,0,0.0000000,0.0000000,0.00,0.00,99.99,0,1,20:55:39,00
868862,-183,24289,0.00,0,1,0.00,0.0,18,56,-981,26,983,0,0.0000000,0.0000000,0.00,0.00,99.99,0,1,20:55:40,00
869333,-189,24289,0.00,0,1,0.00,0.0,18,50,-983,34,985,0,0.0000000,0.0000000,0.00,0.00,99.99,0,1,20:55:40,00
869809,-179,24289,0.00,0,1,0.00,0.0,18,63,-980,29,983,0,0.0000000,0.0000000,0.00,0.00,99.99,0,1,20:55:41,00
870275,-177,24289,0.00,0,1,0.00,0.0,18,51,-982,39,985,0,0.0000000,0.0000000,0.00,0.00,99.99,0,1,20:55:41,00
870752,-174,24289,0.00,0,1,0.00,0.0,18,54,-982,32,984,0,0.0000000,0.0000000,0.00,0.00,99.99,0,1,20:55:42,00
871224,-183,24289,0.00,0,1,0.00,0.0,18,53,-982,32,984,0,0.0000000,0.0000000,0.00,0.00,99.99,0,1,20:55:42,00
871695,-197,24289,0.00,0,1,0.00,0.0,18,48,-981,33,982,0,0.0000000,0.0000000,0.00,0.00,99.99,0,1,20:55:43,00
872163,-189,24289,0.00,0,1,0.00,0.0,18,51,-982,33,984,0,0.0000000,0.0000000,0.00,0.00,99.99,0,1,20:55:43,00
872631,-185,24289,0.00,0,1,0.00,0.0,18,54,-983,34,985,0,0.0000000,0.0000000,0.00,0.00,99.99,0,1,20:55:44,00
873108,-184,24289,0.00,0,1,0.00,0.0,18,47,-983,34,984,0,0.0000000,0.0000000,0.00,0.00,99.99,0,1,20:55:44,00
873584,-195,24289,0.00,0,1,0.00,0.0,18,53,-983,32,985,0,0.0000000,0.0000000,0.00,0.00,99.99,0,1,20:55:45,00
874061,-196,24289,0.00,0,1,0.00,0.0,18,51,-979,-5,980,0,0.0000000,0.0000000,0.00,0.00,99.99,0,1,20:55:45,00
874536,-195,24289,0.00,0,1,0.00,0.0,18,51,-982,36,984,0,0.0000000,0.0000000,0.00,0.00,99.99,0,1,20:55:46,00
875009,-200,24289,0.00,0,1,0.00,0.0,18,53,-982,37,984,0,0.0000000,0.0000000,0.00,0.00,99.99,0,1,20:55:46,00
875467,-194,24289,0.00,0,1,0.00,0.0,18,40,-983,27,984,0,0.0000000,0.0000000,0.00,0.00,99.99,0,1,20:55:47,00
875939,-200,24289,0.00,0,1,0.00,0.0,18,50,-982,30,984,0,0.0000000,0.0000000,0.00,0.00,99.99,0,1,20:55:47,00
876395,-187,24289,0.00,0,1,0.00,0.0,18,52,-982,30,984,0,0.0000000,0.0000000,0.00,0.00,99.99,0,1,20:55:47,00
876873,-195,24289,0.00,0,1,0.00,0.0,18,61,-981,36,983,0,0.0000000,0.0000000,0.00,0.00,99.99,0,1,20:55:48,00
877342,-174,24289,0.00,0,1,0.00,0.0,18,54,-982,29,984,0,0.0000000,0.0000000,0.00,0.00,99.99,0,1,20:55:48,00
877890,-168,24289,0.00,0,1,0.00,0.0,18,56,-980,29,982,0,0.0000000,0.0000000,0.00,0.00,99.99,0,1,20:55:49,00
878360,-171,24289,0.00,0,1,0.00,0.0,18,51,-982,32,984,0,0.0000000,0.0000000,0.00,0.00,99.99,0,1,20:55:49,00
878819,-174,24289,0.00,0,1,0.00,0.0,18,45,-984,34,986,0,0.0000000,0.0000000,0.00,0.00,99.99,0,1,20:55:50,00
879286,-175,24289,0.00,0,1,0.00,0.0,18,52,-982,32,984,0,0.0000000,0.0000000,0.00,0.00,99.99,0,1,20:55:50,00
879753,-173,24289,0.00,0,1,0.00,0.0,18,55,-982,34,984,0,0.0000000,0.0000000,0.00,0.00,99.99,0,1,20:55:51,00
880221,-190,24289,0.00,0,1,0.00,0.0,18,51,-980,35,982,0,0.0000000,0.0000000,0.00,0.00,99.99,0,1,20:55:51,00
880692,-193,24289,0.00,0,1,0.00,0.0,18,55,-984,34,986,0,0.0000000,0.0000000,0.00,0.00,99.99,0,1,20:55:52,00
881162,-208,24289,0.00,0,1,0.00,0.0,18,59,-981,28,983,0,0.0000000,0.0000000,0.00,0.00,99.99,0,1,20:55:52,00
881625,-215,24289,0.00,0,1,0.00,0.0,18,53,-981,34,983,0,0.0000000,0.0000000,0.00,0.00,99.99,0,1,20:55:53,00
882087,-214,24289,0.00,0,1,0.00,0.0,18,50,-982,29,984,0,0.0000000,0.0000000,0.00,0.00,99.99,0,1,20:55:53,00
882566,-188,24289,0.00,0,1,0.00,0.0,18,45,-982,35,984,0,0.0000000,0.0000000,0.00,0.00,99.99,0,1,20:55:54,00
883033,-212,24289,0.00,0,1,0.00,0.0,18,41,-983,28,984,0,0.0000000,0.0000000,0.00,0.00,99.99,0,1,20:55:54,00
883500,-183,24289,0.00,0,1,0.00,0.0,18,55,-982,32,984,0,0.0000000,0.0000000,0.00,0.00,99.99,0,1,20:55:55,00
883964,-195,24289,0.00,0,1,0.00,0.0,18,52,-982,31,984,0,0.0000000,0.0000000,0.00,0.00,99.99,0,1,20:55:55,00
884396,-199,24289,0.00,0,1,0.00,0.0,18,29,-985,37,986,0,0.0000000,0.0000000,0.00,0.00,99.99,0,1,20:55:56,00
884869,-196,24289,0.00,0,1,0.00,0.0,18,50,-983,32,985,0,0.0000000,0.0000000,0.00,0.00,99.99,0,1,20:55:56,00
885334,-200,24289,0.00,0,1,0.00,0.0,18,51,-983,35,985,0,0.0000000,0.0000000,0.00,0.00,99.99,0,1,20:55:56,00
885803,-226,24289,0.00,0,1,0.00,0.0,18,53,-983,33,985,0,0.0000000,0.0000000,0.00,0.00,99.99,0,1,20:55:57,00
886272,-196,24289,0.00,0,1,0.00,0.0,18,53,-982,37,984,0,0.0000000,0.0000000,0.00,0.00,99.99,0,1,20:55:57,00
886741,-218,24289,0.00,0,1,0.00,0.0,18,53,-982,31,984,0,0.0000000,0.0000000,0.00,0.00,99.99,0,1,20:55:58,00
887219,-224,24289,0.00,0,1,0.00,0.0,18,59,-980,32,983,0,0.0000000,0.0000000,0.00,0.00,99.99,0,1,20:55:58,00
887687,-198,24289,0.00,0,1,0.00,0.0,18,57,-981,36,983,0,0.0000000,0.0000000,0.00,0.00,99.99,0,1,20:55:59,00
888149,-180,24289,0.00,0,1,0.00,0.0,18,59,-980,29,983,0,0.0000000,0.0000000,0.00,0.00,99.99,0,1,20:55:59,00
888630,-184,24289,0.00,0,1,0.00,0.0,18,48,-984,33,985,0,0.0000000,0.0000000,0.00,0.00,99.99,0,1,20:56:00,00
889096,-182,24289,0.00,0,1,0.00,0.0,18,55,-981,34,983,0,0.0000000,0.0000000,0.00,0.00,99.99,0,1,20:56:00,00
889563,-181,24289,0.00,0,1,0.00,0.0,18,60,-981,43,984,0,0.0000000,0.0000000,0.00,0.00,99.99,0,1,20:56:01,00
890045,-176,24289,0.00,0,1,0.00,0.0,18,28,-984,39,985,0,0.0000000,0.0000000,0.00,0.00,99.99,0,1,20:56:01,00
890522,-193,24289,0.00,0,1,0.00,0.0,18,54,-983,27,984,0,0.0000000,0.0000000,0.00,0.00,99.99,0,1,20:56:02,00
890996,-194,24289,0.00,0,1,0.00,0.0,18,48,-982,36,984,0,0.0000000,0.0000000,0.00,0.00,99.99,0,1,20:56:02,00
891440,-187,24289,0.00,0,1,0.00,0.0,18,56,-980,32,982,0,0.0000000,0.0000000,0.00,0.00,99.99,0,1,20:56:02,00
891922,-209,24289,0.00,0,1,0.00,0.0,18,53,-984,28,985,0,0.0000000,0.0000000,0.00,0.00,99.99,0,1,20:56:03,00
892409,-180,24289,0.00,0,1,0.00,0.0,18,41,-983,28,984,0,0.0000000,0.0000000,0.00,0.00,99.99,0,1,20:56:04,00
892955,-180,24289,0.00,0,1,0.00,0.0,18,52,-982,35,984,0,0.0000000,0.0000000,0.00,0.00,99.99,0,1,20:56:04,00
893396,-179,24289,0.00,0,1,0.00,0.0,18,55,-981,33,983,0,0.0000000,0.0000000,0.00,0.00,99.99,0,1,20:56:05,00
893862,-180,24289,0.00,0,1,0.00,0.0,18,55,-982,38,984,0,0.0000000,0.0000000,0.00,0.00,99.99,0,1,20:56:05,00
894329,-183,24289,0.00,0,1,0.00,0.0,18,54,-981,33,983,0,0.0000000,0.0000000,0.00,0.00,99.99,0,1,20:56:05,00
894788,-188,24289,0.00,0,1,0.00,0.0,18,49,-983,35,985,0,0.0000000,0.0000000,0.00,0.00,99.99,0,1,20:56:06,00
895252,-211,24289,0.00,0,1,0.00,0.0,18,45,-984,46,986,0,0.0000000,0.0000000,0.00,0.00,99.99,0,1,20:56:06,00
895708,-209,24289,0.00,0,1,0.00,0.0,18,49,-983,38,985,0,0.0000000,0.0000000,0.00,0.00,99.99,0,1,20:56:07,00
896185,-209,24289,0.00,0,1,0.00,0.0,18,55,-982,31,984,0,0.0000000,0.0000000,0.00,0.00,99.99,0,1,20:56:07,00
896649,-208,24289,0.00,0,1,0.00,0.0,18,46,-984,32,986,0,0.0000000,0.0000000,0.00,0.00,99.99,0,1,20:56:08,00
897121,-192,24289,0.00,0,1,0.00,0.0,18,66,-973,28,976,0,0.0000000,0.0000000,0.00,0.00,99.99,0,1,20:56:08,00
897589,-190,24289,0.00,0,1,0.00,0.0,18,41,-984,27,985,0,0.0000000,0.0000000,0.00,0.00,99.99,0,1,20:56:09,00
898066,-182,24289,0.00,0,1,0.00,0.0,18,60,-980,36,983,0,0.0000000,0.0000000,0.00,0.00,99.99,0,1,20:56:09,00
898527,-212,24289,0.00,0,1,0.00,0.0,18,49,-982,28,984,0,0.0000000,0.0000000,0.00,0.00,99.99,0,1,20:56:10,00
899011,-212,24289,0.00,0,1,0.00,0.0,18,53,-982,28,984,0,0.0000000,0.0000000,0.00,0.00,99.99,0,1,20:56:10,00
899464,-194,24289,0.00,0,1,0.00,0.0,18,53,-982,34,984,0,0.0000000,0.0000000,0.00,0.00,99.99,0,1,20:56:11,00
899930,-194,24289,0.00,0,1,0.00,0.0,18,53,-981,36,983,0,0.0000000,0.0000000,0.00,0.00,99.99,0,1,20:56:11,00
900393,-187,24289,0.00,0,1,0.00,0.0,18,53,-983,37,985,0,0.0000000,0.0000000,0.00,0.00,99.99,0,1,20:56:12,00
900863,-190,24289,0.00,0,1,0.00,0.0,18,46,-984,35,986,0,0.0000000,0.0000000,0.00,0.00,99.99,0,1,20:56:12,00
901331,-182,24289,0.00,0,1,0.00,0.0,18,62,-981,35,984,0,0.0000000,0.0000000,0.00,0.00,99.99,0,1,20:56:12,00
901801,-202,24289,0.00,0,1,0.00,0.0,18,52,-983,34,984,0,0.0000000,0.0000000,0.00,0.00,99.99,0,1,20:56:13,00
902270,-189,24289,0.00,0,1,0.00,0.0,18,48,-982,34,984,0,0.0000000,0.0000000,0.00,0.00,99.99,0,1,20:56:13,00
902739,-202,24289,0.00,0,1,0.00,0.0,18,56,-982,31,984,0,0.0000000,0.0000000,0.00,0.00,99.99,0,1,20:56:14,00
903209,-202,24289,0.00,0,1,0.00,0.0,18,53,-982,30,984,0,0.0000000,0.0000000,0.00,0.00,99.99,0,1,20:56:14,00
903680,-197,24289,0.00,0,1,0.00,0.0,18,56,-982,28,984,0,0.0000000,0.0000000,0.00,0.00,99.99,0,1,20:56:15,00
904155,-210,24289,0.00,0,1,0.00,0.0,18,45,-983,31,984,0,0.0000000,0.0000000,0.00,0.00,99.99,0,1,20:56:15,00
904630,-211,24289,0.00,0,1,0.00,0.0,18,67,-981,41,984,0,0.0000000,0.0000000,0.00,0.00,99.99,0,1,20:56:16,00
905099,-210,24289,0.00,0,1,0.00,0.0,18,46,-982,31,984,0,0.0000000,0.0000000,0.00,0.00,99.99,0,1,20:56:16,00
905569,-209,24289,0.00,0,1,0.00,0.0,18,51,-983,42,985,0,0.0000000,0.0000000,0.00,0.00,99.99,0,1,20:56:17,00
906048,-213,24289,0.00,0,1,0.00,0.0,18,56,-982,27,984,0,0.0000000,0.0000000,0.00,0.00,99.99,0,1,20:56:17,00
906522,-206,24289,0.00,0,1,0.00,0.0,18,58,-981,38,983,0,0.0000000,0.0000000,0.00,0.00,99.99,0,1,20:56:18,00
906992,-169,24289,0.00,0,1,0.00,0.0,18,46,-983,27,984,0,0.0000000,0.0000000,0.00,0.00,99.99,0,1,20:56:18,00
907457,-176,24289,0.00,0,1,0.00,0.0,18,68,-981,47,985,0,0.0000000,0.0000000,0.00,0.00,99.99,0,1,20:56:19,00
908003,-188,24289,0.00,0,1,0.00,0.0,18,54,-982,36,985,0,0.0000000,0.0000000,0.00,0.00,99.99,0,1,20:56:19,00
908446,-183,24289,0.00,0,1,0.00,0.0,18,51,-983,35,985,0,0.0000000,0.0000000,0.00,0.00,99.99,0,1,20:56:20,00
908912,-198,24289,0.00,0,1,0.00,0.0,18,54,-981,33,983,0,0.0000000,0.0000000,0.00,0.00,99.99,0,1,20:56:20,00
909378,-175,24289,0.00,0,1,0.00,0.0,18,51,-982,30,983,0,0.0000000,0.0000000,0.00,0.00,99.99,0,1,20:56:20,00
909839,-194,24289,0.00,0,1,0.00,0.0,18,54,-981,34,983,0,0.0000000,0.0000000,0.00,0.00,99.99,0,1,20:56:21,00
910304,-186,24289,0.00,0,1,0.00,0.0,18,55,-981,35,984,0,0.0000000,0.0000000,0.00,0.00,99.99,0,1,20:56:21,00
910773,-194,24289,0.00,0,1,0.00,0.0,18,58,-981,27,983,0,0.0000000,0.0000000,0.00,0.00,99.99,0,1,20:56:22,00
911244,-206,24289,0.00,0,1,0.00,0.0,18,51,-982,37,984,0,0.0000000,0.0000000,0.00,0.00,99.99,0,1,20:56:22,00
911708,-187,24289,0.00,0,1,0.00,0.0,18,56,-981,32,983,0,0.0000000,0.0000000,0.00,0.00,99.99,0,1,20:56:23,00
912175,-200,24289,0.00,0,1,0.00,0.0,18,43,-984,28,985,0,0.0000000,0.0000000,0.00,0.00,99.99,0,1,20:56:23,00
912634,-209,24289,0.00,0,1,0.00,0.0,18,53,-981,29,983,0,0.0000000,0.0000000,0.00,0.00,99.99,0,1,20:56:24,00
913108,-207,24289,0.00,0,1,0.00,0.0,18,53,-982,32,984,0,0.0000000,0.0000000,0.00,0.00,99.99,0,1,20:56:24,00
913578,-210,24289,0.00,0,1,0.00,0.0,18,52,-982,30,984,0,0.0000000,0.0000000,0.00,0.00,99.99,0,1,20:56:25,00
914051,-206,24289,0.00,0,1,0.00,0.0,18,52,-982,30,984,0,0.0000000,0.0000000,0.00,0.00,99.99,0,1,20:56:25,00
914528,-213,24289,0.00,0,1,0.00,0.0,18,54,-982,34,984,0,0.0000000,0.0000000,0.00,0.00,99.99,0,1,20:56:26,00
914997,-192,24289,0.00,0,1,0.00,0.0,18,54,-982,33,984,0,0.0000000,0.0000000,0.00,0.00,99.99,0,1,20:56:26,00
915460,-205,24289,0.00,0,1,0.00,0.0,18,52,-982,31,984,0,0.0000000,0.0000000,0.00,0.00,99.99,0,1,20:56:27,00
915932,-213,24289,0.00,0,1,0.00,0.0,18,56,-981,36,984,0,0.0000000,0.0000000,0.00,0.00,99.99,0,1,20:56:27,00
916381,-196,24289,0.00,0,1,0.00,0.0,18,54,-982,33,984,0,0.0000000,0.0000000,0.00,0.00,99.99,0,1,20:56:28,00
916854,-198,24289,0.00,0,1,0.00,0.0,18,54,-982,30,984,0,0.0000000,0.0000000,0.00,0.00,99.99,0,1,20:56:28,00
917327,-186,24289,0.00,0,1,0.00,0.0,18,50,-984,37,986,0,0.0000000,0.0000000,0.00,0.00,99.99,0,1,20:56:28,00
917807,-185,24289,0.00,0,1,0.00,0.0,18,51,-983,35,985,0,0.0000000,0.0000000,0.00,0.00,99.99,0,1,20:56:29,00
918285,-195,24289,0.00,0,1,0.00,0.0,18,58,-982,31,984,0,0.0000000,0.0000000,0.00,0.00,99.99,0,1,20:56:29,00
918765,-197,24289,0.00,0,1,0.00,0.0,18,50,-982,32,984,0,0.0000000,0.0000000,0.00,0.00,99.99,0,1,20:56:30,00
919234,-186,24289,0.00,0,1,0.00,0.0,18,61,-981,35,984,0,0.0000000,0.0000000,0.00,0.00,99.99,0,1,20:56:30,00
919705,-196,24289,0.00,0,1,0.00,0.0,18,43,-983,40,985,0,0.0000000,0.0000000,0.00,0.00,99.99,0,1,20:56:31,00
920178,-183,24289,0.00,0,1,0.00,0.0,18,58,-980,26,982,0,0.0000000,0.0000000,0.00,0.00,99.99,0,1,20:56:31,00
920647,-180,24289,0.00,0,1,0.00,0.0,18,53,-982,34,984,0,0.0000000,0.0000000,0.00,0.00,99.99,0,1,20:56:32,00
921124,-184,24289,0.00,0,1,0.00,0.0,18,52,-983,32,985,0,0.0000000,0.0000000,0.00,0.00,99.99,0,1,20:56:32,00
921594,-185,24289,0.00,0,1,0.00,0.0,18,55,-981,31,983,0,0.0000000,0.0000000,0.00,0.00,99.99,0,1,20:56:33,00
922073,-190,24289,0.00,0,1,0.00,0.0,18,53,-983,33,985,0,0.0000000,0.0000000,0.00,0.00,99.99,0,1,20:56:33,00
922554,-203,24289,0.00,0,1,0.00,0.0,18,52,-982,32,983,0,0.0000000,0.0000000,0.00,0.00,99.99,0,1,20:56:34,00
923105,-186,24289,0.00,0,1,0.00,0.0,18,53,-982,30,984,0,0.0000000,0.0000000,0.00,0.00,99.99,0,1,20:56:34,00
923569,-196,24289,0.00,0,1,0.00,0.0,18,54,-983,32,985,0,0.0000000,0.0000000,0.00,0.00,99.99,0,1,20:56:35,00
924024,-188,24289,0.00,0,1,0.00,0.0,18,52,-981,34,983,0,0.0000000,0.0000000,0.00,0.00,99.99,0,1,20:56:35,00
924476,-185,24289,0.00,0,1,0.00,0.0,18,55,-981,33,983,0,0.0000000,0.0000000,0.00,0.00,99.99,0,1,20:56:36,00
924950,-194,24289,0.00,0,1,0.00,0.0,18,52,-982,31,984,0,0.0000000,0.0000000,0.00,0.00,99.99,0,1,20:56:36,00
925396,-194,24289,0.00,0,1,0.00,0.0,18,53,-982,30,983,0,0.0000000,0.0000000,0.00,0.00,99.99,0,1,20:56:37,00
925864,-185,24289,0.00,0,1,0.00,0.0,18,52,-983,33,985,0,0.0000000,0.0000000,0.00,0.00,99.99,0,1,20:56:37,00
926327,-178,24289,0.00,0,1,0.00,0.0,18,52,-981,30,983,0,0.0000000,0.0000000,0.00,0.00,99.99,0,1,20:56:37,00
926786,-190,24289,0.00,0,1,0.00,0.0,18,51,-982,33,984,0,0.0000000,0.0000000,0.00,0.00,99.99,0,1,20:56:38,00
927258,-206,24289,0.00,0,1,0.00,0.0,18,51,-981,29,983,0,0.0000000,0.0000000,0.00,0.00,99.99,0,1,20:56:38,00
927724,-206,24289,0.00,0,1,0.00,0.0,18,53,-983,35,985,0,0.0000000,0.0000000,0.00,0.00,99.99,0,1,20:56:39,00
928203,-210,24289,0.00,0,1,0.00,0.0,18,49,-982,30,984,0,0.0000000,0.0000000,0.00,0.00,99.99,0,1,20:56:39,00
928675,-190,24289,0.00,0,1,0.00,0.0,18,29,-982,33,983,0,0.0000000,0.0000000,0.00,0.00,99.99,0,1,20:56:40,00
929143,-186,24289,0.00,0,1,0.00,0.0,18,66,-981,-5,983,0,0.0000000,0.0000000,0.00,0.00,99.99,0,1,20:56:40,00
929619,-199,24289,0.00,0,1,0.00,0.0,18,47,-983,32,985,0,0.0000000,0.0000000,0.00,0.00,99.99,0,1,20:56:41,00
930082,-193,24289,0.00,0,1,0.00,0.0,18,-12,-995,113,1002,0,0.0000000,0.0000000,0.00,0.00,99.99,0,1,20:56:41,00
930552,-178,24289,0.00,0,1,0.00,0.0,18,63,-982,23,984,0,0.0000000,0.0000000,0.00,0.00,99.99,0,1,20:56:42,00
931025,-192,24289,0.00,0,1,0.00,0.0,18,54,-984,-12,985,0,0.0000000,0.0000000,0.00,0.00,99.99,0,1,20:56:42,00
931470,-183,24289,0.00,0,1,0.00,0.0,18,41,-984,41,985,0,0.0000000,0.0000000,0.00,0.00,99.99,0,1,20:56:43,00
931952,-183,24289,0.00,0,1,0.00,0.0,18,52,-981,32,983,0,0.0000000,0.0000000,0.00,0.00,99.99,0,1,20:56:43,00
932416,-184,24289,0.00,0,1,0.00,0.0,18,49,-984,33,986,0,0.0000000,0.0000000,0.00,0.00,99.99,0,1,20:56:44,00
932879,-193,24289,0.00,0,1,0.00,0.0,18,54,-981,34,983,0,0.0000000,0.0000000,0.00,0.00,99.99,0,1,20:56:44,00
933350,-186,24289,0.00,0,1,0.00,0.0,18,52,-982,30,984,0,0.0000000,0.0000000,0.00,0.00,99.99,0,1,20:56:44,00
933819,-183,24289,0.00,0,1,0.00,0.0,18,54,-983,27,984,0,0.0000000,0.0000000,0.00,0.00,99.99,0,1,20:56:45,00
934292,-193,24289,0.00,0,1,0.00,0.0,18,53,-982,35,984,0,0.0000000,0.0000000,0.00,0.00,99.99,0,1,20:56:45,00
934752,-185,24289,0.00,0,1,0.00,0.0,18,54,-983,31,985,0,0.0000000,0.0000000,0.00,0.00,99.99,0,1,20:56:46,00
935220,-182,24289,0.00,0,1,0.00,0.0,18,53,-982,31,984,0,0.0000000,0.0000000,0.00,0.00,99.99,0,1,20:56:46,00
935687,-178,24289,0.00,0,1,0.00,0.0,18,53,-983,33,985,0,0.0000000,0.0000000,0.00,0.00,99.99,0,1,20:56:47,00
936160,-187,24289,0.00,0,1,0.00,0.0,18,51,-983,32,985,0,0.0000000,0.0000000,0.00,0.00,99.99,0,1,20:56:47,00
936633,-191,24289,0.00,0,1,0.00,0.0,18,52,-981,31,983,0,0.0000000,0.0000000,0.00,0.00,99.99,0,1,20:56:48,00
937104,-190,24289,0.00,0,1,0.00,0.0,18,53,-983,32,985,0,0.0000000,0.0000000,0.00,0.00,99.99,0,1,20:56:48,00
937572,-184,24289,0.00,0,1,0.00,0.0,18,53,-983,31,984,0,0.0000000,0.0000000,0.00,0.00,99.99,0,1,20:56:49,00
938116,-181,24289,0.00,0,1,0.00,0.0,18,53,-982,32,984,0,0.0000000,0.0000000,0.00,0.00,99.99,0,1,20:56:49,00
938558,-172,24289,0.00,0,1,0.00,0.0,18,53,-982,30,984,0,0.0000000,0.0000000,0.00,0.00,99.99,0,1,20:56:50,00
939030,-179,24289,0.00,0,1,0.00,0.0,18,52,-982,32,983,0,0.0000000,0.0000000,0.00,0.00,99.99,0,1,20:56:50,00
939486,-176,24289,0.00,0,1,0.00,0.0,18,54,-981,22,983,0,0.0000000,0.0000000,0.00,0.00,99.99,0,1,20:56:51,00
939948,-179,24289,0.00,0,1,0.00,0.0,18,54,-981,31,983,0,0.0000000,0.0000000,0.00,0.00,99.99,0,1,20:56:51,00
940393,-174,24289,0.00,0,1,0.00,0.0,18,43,-984,41,985,0,0.0000000,0.0000000,0.00,0.00,99.99,0,1,20:56:51,00
940854,-190,24289,0.00,0,1,0.00,0.0,18,54,-981,34,984,0,0.0000000,0.0000000,0.00,0.00,99.99,0,1,20:56:52,00
941320,-186,24289,0.00,0,1,0.00,0.0,18,53,-982,29,984,0,0.0000000,0.0000000,0.00,0.00,99.99,0,1,20:56:52,00
941781,-186,24289,0.00,0,1,0.00,0.0,18,49,-983,33,985,0,0.0000000,0.0000000,0.00,0.00,99.99,0,1,20:56:53,00
942243,-213,24289,0.00,0,1,0.00,0.0,18,54,-982,32,984,0,0.0000000,0.0000000,0.00,0.00,99.99,0,1,20:56:53,00
942707,-214,24289,0.00,0,1,0.00,0.0,18,50,-983,29,984,0,0.0000000,0.0000000,0.00,0.00,99.99,0,1,20:56:54,00
943174,-214,24289,0.00,0,1,0.00,0.0,18,52,-982,33,984,0,0.0000000,0.0000000,0.00,0.00,99.99,0,1,20:56:54,00
943648,-206,24289,0.00,0,1,0.00,0.0,18,57,-982,28,984,0,0.0000000,0.0000000,0.00,0.00,99.99,0,1,20:56:55,00
944112,-192,24289,0.00,0,1,0.00,0.0,18,51,-983,33,985,0,0.0000000,0.0000000,0.00,0.00,99.99,0,1,20:56:55,00
944576,-192,24289,0.00,0,1,0.00,0.0,18,59,-980,30,983,0,0.0000000,0.0000000,0.00,0.00,99.99,0,1,20:56:56,00
945042,-205,24289,0.00,0,1,0.00,0.0,18,51,-983,32,985,0,0.0000000,0.0000000,0.00,0.00,99.99,0,1,20:56:56,00
945500,-202,24289,0.00,0,1,0.00,0.0,18,62,-981,30,984,0,0.0000000,0.0000000,0.00,0.00,99.99,0,1,20:56:57,00
945971,-198,24289,0.00,0,1,0.00,0.0,18,55,-981,29,983,0,0.0000000,0.0000000,0.00,0.00,99.99,0,1,20:56:57,00
946411,-204,24289,0.00,0,1,0.00,0.0,18,55,-984,35,986,0,0.0000000,0.0000000,0.00,0.00,99.99,0,1,20:56:58,00
946876,-211,24289,0.00,0,1,0.00,0.0,18,53,-982,35,984,0,0.0000000,0.0000000,0.00,0.00,99.99,0,1,20:56:58,00
947345,-196,24289,0.00,0,1,0.00,0.0,18,51,-982,31,984,0,0.0000000,0.0000000,0.00,0.00,99.99,0,1,20:56:58,00
947812,-208,24289,0.00,0,1,0.00,0.0,18,54,-982,34,984,0,0.0000000,0.0000000,0.00,0.00,99.99,0,1,20:56:59,00
948280,-202,24289,0.00,0,1,0.00,0.0,18,53,-982,32,984,0,0.0000000,0.0000000,0.00,0.00,99.99,0,1,20:56:59,00
948752,-209,24289,0.00,0,1,0.00,0.0,18,52,-982,29,983,0,0.0000000,0.0000000,0.00,0.00,99.99,0,1,20:57:00,00
949217,-215,24289,0.00,0,1,0.00,0.0,18,50,-980,38,982,0,0.0000000,0.0000000,0.00,0.00,99.99,0,1,20:57:00,00
949692,-190,24289,0.00,0,1,0.00,0.0,18,57,-981,27,983,0,0.0000000,0.0000000,0.00,0.00,99.99,0,1,20:57:01,00
950163,-214,24289,0.00,0,1,0.00,0.0,18,52,-982,38,984,0,0.0000000,0.0000000,0.00,0.00,99.99,0,1,20:57:01,00
950639,-197,24289,0.00,0,1,0.00,0.0,18,61,-981,32,983,0,0.0000000,0.0000000,0.00,0.00,99.99,0,1,20:57:02,00
951104,-192,24289,0.00,0,1,0.00,0.0,18,42,-984,30,986,0,0.0000000,0.0000000,0.00,0.00,99.99,0,1,20:57:02,00
951578,-180,24289,0.00,0,1,0.00,0.0,18,47,-984,25,985,0,0.0000000,0.0000000,0.00,0.00,99.99,0,1,20:57:03,00
952061,-183,24289,0.00,0,1,0.00,0.0,18,52,-983,41,985,0,0.0000000,0.0000000,0.00,0.00,99.99,0,1,20:57:03,00
952542,-202,24289,0.00,0,1,0.00,0.0,18,51,-982,28,984,0,0.0000000,0.0000000,0.00,0.00,99.99,0,1,20:57:04,00
953084,-183,24289,0.00,0,1,0.00,0.0,18,52,-983,30,985,0,0.0000000,0.0000000,0.00,0.00,99.99,0,1,20:57:04,00
953551,-181,24289,0.00,0,1,0.00,0.0,18,56,-981,29,983,0,0.0000000,0.0000000,0.00,0.00,99.99,0,1,20:57:05,00
954018,-174,24289,0.00,0,1,0.00,0.0,18,43,-985,40,986,0,0.0000000,0.0000000,0.00,0.00,99.99,0,1,20:57:05,00
954451,-181,24289,0.00,0,1,0.00,0.0,18,54,-981,27,983,0,0.0000000,0.0000000,0.00,0.00,99.99,0,1,20:57:06,00
954916,-181,24289,0.00,0,1,0.00,0.0,18,54,-982,30,984,0,0.0000000,0.0000000,0.00,0.00,99.99,0,1,20:57:06,00
955374,-183,24289,0.00,0,1,0.00,0.0,18,57,-981,31,983,0,0.0000000,0.0000000,0.00,0.00,99.99,0,1,20:57:06,00
955838,-208,24289,0.00,0,1,0.00,0.0,18,55,-982,36,985,0,0.0000000,0.0000000,0.00,0.00,99.99,0,1,20:57:07,00
956305,-206,24289,0.00,0,1,0.00,0.0,18,70,-981,23,984,0,0.0000000,0.0000000,0.00,0.00,99.99,0,1,20:57:07,00
956767,-181,24289,0.00,0,1,0.00,0.0,18,49,-984,38,986,0,0.0000000,0.0000000,0.00,0.00,99.99,0,1,20:57:08,00
957229,-186,24289,0.00,0,1,0.00,0.0,18,77,-978,22,982,0,0.0000000,0.0000000,0.00,0.00,99.99,0,1,20:57:08,00
957683,-177,24289,0.00,0,1,0.00,0.0,18,91,-979,19,983,0,0.0000000,0.0000000,0.00,0.00,99.99,0,1,20:57:09,00
958155,-184,24289,0.00,0,1,0.00,0.0,18,47,-986,54,988,0,0.0000000,0.0000000,0.00,0.00,99.99,0,1,20:57:09,00
958620,-186,24289,0.00,0,1,0.00,0.0,18,48,-984,46,986,0,0.0000000,0.0000000,0.00,0.00,99.99,0,1,20:57:10,00
959084,-177,24289,0.00,0,1,0.00,0.0,18,45,-983,33,984,0,0.0000000,0.0000000,0.00,0.00,99.99,0,1,20:57:10,00
959551,-202,24289,0.00,0,1,0.00,0.0,18,54,-982,34,984,0,0.0000000,0.0000000,0.00,0.00,99.99,0,1,20:57:11,00
960030,-203,24289,0.00,0,1,0.00,0.0,18,52,-982,30,984,0,0.0000000,0.0000000,0.00,0.00,99.99,0,1,20:57:11,00
960502,-199,24289,0.00,0,1,0.00,0.0,18,53,-983,47,986,0,0.0000000,0.0000000,0.00,0.00,99.99,0,1,20:57:12,00
960977,-220,24289,0.00,0,1,0.00,0.0,18,56,-982,22,984,0,0.0000000,0.0000000,0.00,0.00,99.99,0,1,20:57:12,00
961412,-210,24289,0.00,0,1,0.00,0.0,18,57,-982,27,984,0,0.0000000,0.0000000,0.00,0.00,99.99,0,1,20:57:13,00
961882,-185,24289,0.00,0,1,0.00,0.0,18,53,-982,34,984,0,0.0000000,0.0000000,0.00,0.00,99.99,0,1,20:57:13,00
962350,-193,24289,0.00,0,1,0.00,0.0,18,47,-985,36,986,0,0.0000000,0.0000000,0.00,0.00,99.99,0,1,20:57:13,00
962820,-201,24289,0.00,0,1,0.00,0.0,18,53,-983,32,985,0,0.0000000,0.0000000,0.00,0.00,99.99,0,1,20:57:14,00
963292,-191,24289,0.00,0,1,0.00,0.0,18,55,-981,30,983,0,0.0000000,0.0000000,0.00,0.00,99.99,0,1,20:57:14,00
963751,-190,24289,0.00,0,1,0.00,0.0,18,53,-982,31,984,0,0.0000000,0.0000000,0.00,0.00,99.99,0,1,20:57:15,00
964221,-209,24289,0.00,0,1,0.00,0.0,18,53,-982,32,984,0,0.0000000,0.0000000,0.00,0.00,99.99,0,1,20:57:15,00
964697,-212,24289,0.00,0,1,0.00,0.0,18,54,-982,37,984,0,0.0000000,0.0000000,0.00,0.00,99.99,0,1,20:57:16,00
965170,-212,24289,0.00,0,1,0.00,0.0,18,51,-982,12,983,0,0.0000000,0.0000000,0.00,0.00,99.99,0,1,20:57:16,00
965640,-213,24289,0.00,0,1,0.00,0.0,18,45,-982,24,984,0,0.0000000,0.0000000,0.00,0.00,99.99,0,1,20:57:17,00
966116,-215,24289,0.00,0,1,0.00,0.0,18,53,-983,37,985,0,0.0000000,0.0000000,0.00,0.00,99.99,0,1,20:57:17,00
966590,-212,24289,0.00,0,1,0.00,0.0,18,54,-981,35,983,0,0.0000000,0.0000000,0.00,0.00,99.99,0,1,20:57:18,00
967089,-179,24289,0.00,0,1,0.00,0.0,18,60,-980,32,983,0,0.0000000,0.0000000,0.00,0.00,99.99,0,1,20:57:18,00
967563,-177,24289,0.00,0,1,0.00,0.0,18,65,-978,28,980,0,0.0000000,0.0000000,0.00,0.00,99.99,0,1,20:57:19,00
968121,-178,24289,0.00,0,1,0.00,0.0,18,52,-982,23,984,0,0.0000000,0.0000000,0.00,0.00,99.99,0,1,20:57:19,00
968586,-214,24289,0.00,0,1,0.00,0.0,18,55,-983,28,985,0,0.0000000,0.0000000,0.00,0.00,99.99,0,1,20:57:20,00
969046,-210,24289,0.00,0,1,0.00,0.0,18,47,-983,24,984,0,0.0000000,0.0000000,0.00,0.00,99.99,0,1,20:57:20,00
969497,-207,24289,0.00,0,1,0.00,0.0,18,48,-984,31,986,0,0.0000000,0.0000000,0.00,0.00,99.99,0,1,20:57:21,00
969956,-211,24289,0.00,0,1,0.00,0.0,18,53,-983,32,985,0,0.0000000,0.0000000,0.00,0.00,99.99,0,1,20:57:21,00
970403,-191,24289,0.00,0,1,0.00,0.0,18,49,-982,27,984,0,0.0000000,0.0000000,0.00,0.00,99.99,0,1,20:57:21,00
970864,-195,24289,0.00,0,1,0.00,0.0,18,57,-982,31,984,0,0.0000000,0.0000000,0.00,0.00,99.99,0,1,20:57:22,00
971331,-186,24289,0.00,0,1,0.00,0.0,18,51,-981,32,983,0,0.0000000,0.0000000,0.00,0.00,99.99,0,1,20:57:22,00
971797,-190,24289,0.00,0,1,0.00,0.0,18,53,-982,30,984,0,0.0000000,0.0000000,0.00,0.00,99.99,0,1,20:57:23,00
972273,-194,24289,0.00,0,1,0.00,0.0,18,51,-984,38,986,0,0.0000000,0.0000000,0.00,0.00,99.99,0,1,20:57:23,00
972746,-191,24289,0.00,0,1,0.00,0.0,18,52,-982,37,984,0,0.0000000,0.0000000,0.00,0.00,99.99,0,1,20:57:24,00
973212,-182,24289,0.00,0,1,0.00,0.0,18,54,-981,31,983,0,0.0000000,0.0000000,0.00,0.00,99.99,0,1,20:57:24,00
973668,-192,24289,0.00,0,1,0.00,0.0,18,57,-982,35,984,0,0.0000000,0.0000000,0.00,0.00,99.99,0,1,20:57:25,00
974151,-203,24289,0.00,0,1,0.00,0.0,18,54,-977,23,978,0,0.0000000,0.0000000,0.00,0.00,99.99,0,1,20:57:25,00
974605,-183,24289,0.00,0,1,0.00,0.0,18,45,-983,34,985,0,0.0000000,0.0000000,0.00,0.00,99.99,0,1,20:57:26,00
975067,-196,24289,0.00,0,1,0.00,0.0,18,47,-984,34,986,0,0.0000000,0.0000000,0.00,0.00,99.99,0,1,20:57:26,00
975540,-205,24289,0.00,0,1,0.00,0.0,18,57,-982,37,984,0,0.0000000,0.0000000,0.00,0.00,99.99,0,1,20:57:27,00
976002,-193,24289,0.00,0,1,0.00,0.0,18,55,-982,29,984,0,0.0000000,0.0000000,0.00,0.00,99.99,0,1,20:57:27,00
976453,-178,24289,0.00,0,1,0.00,0.0,18,48,-983,37,985,0,0.0000000,0.0000000,0.00,0.00,99.99,0,1,20:57:28,00
976935,-182,24289,0.00,0,1,0.00,0.0,18,55,-980,5,982,0,0.0000000,0.0000000,0.00,0.00,99.99,0,1,20:57:28,00
977387,-199,24289,0.00,0,1,0.00,0.0,18,50,-982,37,984,0,0.0000000,0.0000000,0.00,0.00,99.99,0,1,20:57:28,00
977848,-194,24289,0.00,0,1,0.00,0.0,18,53,-982,38,984,0,0.0000000,0.0000000,0.00,0.00,99.99,0,1,20:57:29,00
978332,-191,24289,0.00,0,1,0.00,0.0,18,57,-981,33,983,0,0.0000000,0.0000000,0.00,0.00,99.99,0,1,20:57:29,00
978820,-185,24289,0.00,0,1,0.00,0.0,18,59,-981,31,983,0,0.0000000,0.0000000,0.00,0.00,99.99,0,1,20:57:30,00
979297,-194,24289,0.00,0,1,0.00,0.0,18,60,-981,26,983,0,0.0000000,0.0000000,0.00,0.00,99.99,0,1,20:57:30,00
979773,-200,24289,0.00,0,1,0.00,0.0,18,54,-983,40,985,0,0.0000000,0.0000000,0.00,0.00,99.99,0,1,20:57:31,00
980250,-193,24289,0.00,0,1,0.00,0.0,18,58,-981,26,983,0,0.0000000,0.0000000,0.00,0.00,99.99,0,1,20:57:31,00
980715,-190,24289,0.00,0,1,0.00,0.0,18,53,-983,30,985,0,0.0000000,0.0000000,0.00,0.00,99.99,0,1,20:57:32,00
981193,-188,24289,0.00,0,1,0.00,0.0,18,59,-980,33,982,0,0.0000000,0.0000000,0.00,0.00,99.99,0,1,20:57:32,00
981660,-189,24289,0.00,0,1,0.00,0.0,18,51,-983,33,984,0,0.0000000,0.0000000,0.00,0.00,99.99,0,1,20:57:33,00
982128,-188,24289,0.00,0,1,0.00,0.0,18,52,-981,32,982,0,0.0000000,0.0000000,0.00,0.00,99.99,0,1,20:57:33,00
982601,-195,24289,0.00,0,1,0.00,0.0,18,52,-985,34,987,0,0.0000000,0.0000000,0.00,0.00,99.99,0,1,20:57:34,00
983142,-184,24289,0.00,0,1,0.00,0.0,18,69,-980,29,983,0,0.0000000,0.0000000,0.00,0.00,99.99,0,1,20:57:34,00
983599,-184,24289,0.00,0,1,0.00,0.0,18,43,-985,30,986,0,0.0000000,0.0000000,0.00,0.00,99.99,0,1,20:57:35,00
984057,-195,24289,0.00,0,1,0.00,0.0,18,45,-982,27,984,0,0.0000000,0.0000000,0.00,0.00,99.99,0,1,20:57:35,00
984503,-194,24289,0.00,0,1,0.00,0.0,18,47,-987,39,989,0,0.0000000,0.0000000,0.00,0.00,99.99,0,1,20:57:36,00
984970,-178,24289,0.00,0,1,0.00,0.0,18,57,-983,38,985,0,0.0000000,0.0000000,0.00,0.00,99.99,0,1,20:57:36,00
985398,-203,24289,0.00,0,1,0.00,0.0,18,55,-982,34,984,0,0.0000000,0.0000000,0.00,0.00,99.99,0,1,20:57:37,00
985863,-208,24289,0.00,0,1,0.00,0.0,18,62,-980,30,983,0,0.0000000,0.0000000,0.00,0.00,99.99,0,1,20:57:37,00
986327,-196,24289,0.00,0,1,0.00,0.0,18,48,-984,31,986,0,0.0000000,0.0000000,0.00,0.00,99.99,0,1,20:57:37,00
986784,-174,24289,0.00,0,1,0.00,0.0,18,61,-981,28,983,0,0.0000000,0.0000000,0.00,0.00,99.99,0,1,20:57:38,00
987247,-177,24289,0.00,0,1,0.00,0.0,18,50,-985,34,986,0,0.0000000,0.0000000,0.00,0.00,99.99,0,1,20:57:38,00
987701,-199,24289,0.00,0,1,0.00,0.0,18,48,-982,21,983,0,0.0000000,0.0000000,0.00,0.00,99.99,0,1,20:57:39,00
988167,-207,24289,0.00,0,1,0.00,0.0,18,46,-984,38,985,0,0.0000000,0.0000000,0.00,0.00,99.99,0,1,20:57:39,00
988626,-203,24289,0.00,0,1,0.00,0.0,18,46,-984,42,986,0,0.0000000,0.0000000,0.00,0.00,99.99,0,1,20:57:40,00
989091,-207,24289,0.00,0,1,0.00,0.0,18,55,-982,31,984,0,0.0000000,0.0000000,0.00,0.00,99.99,0,1,20:57:40,00
989551,-177,24289,0.00,0,1,0.00,0.0,18,53,-981,30,982,0,0.0000000,0.0000000,0.00,0.00,99.99,0,1,20:57:41,00
990014,-206,24289,0.00,0,1,0.00,0.0,18,61,-982,29,984,0,0.0000000,0.0000000,0.00,0.00,99.99,0,1,20:57:41,00
990465,-201,24289,0.00,0,1,0.00,0.0,18,46,-983,32,985,0,0.0000000,0.0000000,0.00,0.00,99.99,0,1,20:57:42,00
990921,-205,24289,0.00,0,1,0.00,0.0,18,47,-984,28,985,0,0.0000000,0.0000000,0.00,0.00,99.99,0,1,20:57:42,00
991362,-208,24289,0.00,0,1,0.00,0.0,18,56,-983,31,986,0,0.0000000,0.0000000,0.00,0.00,99.99,0,1,20:57:42,00
991833,-205,24289,0.00,0,1,0.00,0.0,18,37,-985,34,986,0,0.0000000,0.0000000,0.00,0.00,99.99,0,1,20:57:43,00
992308,-203,24289,0.00,0,1,0.00,0.0,18,56,-978,34,980,0,0.0000000,0.0000000,0.00,0.00,99.99,0,1,20:57:43,00
992771,-177,24289,0.00,0,1,0.00,0.0,18,50,-984,35,986,0,0.0000000,0.0000000,0.00,0.00,99.99,0,1,20:57:44,00
993233,-196,24289,0.00,0,1,0.00,0.0,18,49,-984,21,985,0,0.0000000,0.0000000,0.00,0.00,99.99,0,1,20:57:44,00
993700,-176,24289,0.00,0,1,0.00,0.0,18,50,-982,44,984,0,0.0000000,0.0000000,0.00,0.00,99.99,0,1,20:57:45,00
994176,-185,24289,0.00,0,1,0.00,0.0,18,40,-986,45,988,0,0.0000000,0.0000000,0.00,0.00,99.99,0,1,20:57:45,00
994644,-185,24289,0.00,0,1,0.00,0.0,18,63,-981,22,983,0,0.0000000,0.0000000,0.00,0.00,99.99,0,1,20:57:46,00
995122,-170,24289,0.00,0,1,0.00,0.0,18,53,-983,44,986,0,0.0000000,0.0000000,0.00,0.00,99.99,0,1,20:57:46,00
995590,-195,24289,0.00,0,1,0.00,0.0,18,55,-981,30,983,0,0.0000000,0.0000000,0.00,0.00,99.99,0,1,20:57:47,00
996063,-190,24289,0.00,0,1,0.00,0.0,18,20,-990,34,991,0,0.0000000,0.0000000,0.00,0.00,99.99,0,1,20:57:47,00
996530,-185,24289,0.00,0,1,0.00,0.0,18,32,-987,22,988,0,0.0000000,0.0000000,0.00,0.00,99.99,0,1,20:57:48,00
996996,-197,24289,0.00,0,1,0.00,0.0,18,70,-980,45,984,0,0.0000000,0.0000000,0.00,0.00,99.99,0,1,20:57:48,00
997438,-176,24289,0.00,0,1,0.00,0.0,18,63,-981,33,984,0,0.0000000,0.0000000,0.00,0.00,99.99,0,1,20:57:49,00
997977,-195,24289,0.00,0,1,0.00,0.0,18,53,-982,38,984,0,0.0000000,0.0000000,0.00,0.00,99.99,0,1,20:57:49,00
998412,-190,24289,0.00,0,1,0.00,0.0,18,52,-983,41,986,0,0.0000000,0.0000000,0.00,0.00,99.99,0,1,20:57:50,00
998873,-200,24289,0.00,0,1,0.00,0.0,18,52,-983,29,984,0,0.0000000,0.0000000,0.00,0.00,99.99,0,1,20:57:50,00
999336,-201,24289,0.00,0,1,0.00,0.0,18,49,-983,33,985,0,0.0000000,0.0000000,0.00,0.00,99.99,0,1,20:57:50,00
999799,-196,24289,0.00,0,1,0.00,0.0,18,63,-980,31,983,0,0.0000000,0.0000000,0.00,0.00,99.99,0,1,20:57:51,00
1000265,-200,24289,0.00,0,1,0.00,0.0,18,57,-980,22,982,0,0.0000000,0.0000000,0.00,0.00,99.99,0,1,20:57:51,00
1000731,-181,24289,0.00,0,1,0.00,0.0,18,51,-982,30,983,0,0.0000000,0.0000000,0.00,0.00,99.99,0,1,20:57:52,00
1001192,-198,24289,0.00,0,1,0.00,0.0,18,51,-984,33,986,0,0.0000000,0.0000000,0.00,0.00,99.99,0,1,20:57:52,00
1001656,-198,24289,0.00,0,1,0.00,0.0,18,51,-981,15,982,0,0.0000000,0.0000000,0.00,0.00,99.99,0,1,20:57:53,00
1002124,-186,24289,0.00,0,1,0.00,0.0,18,58,-981,40,983,0,0.0000000,0.0000000,0.00,0.00,99.99,0,1,20:57:53,00
1002589,-206,24289,0.00,0,1,0.00,0.0,18,48,-984,33,986,0,0.0000000,0.0000000,0.00,0.00,99.99,0,1,20:57:54,00
1003046,-197,24289,0.00,0,1,0.00,0.0,18,58,-981,31,984,0,0.0000000,0.0000000,0.00,0.00,99.99,0,1,20:57:54,00
1003484,-197,24289,0.00,0,1,0.00,0.0,18,53,-982,31,984,0,0.0000000,0.0000000,0.00,0.00,99.99,0,1,20:57:55,00
1003947,-184,24289,0.00,0,1,0.00,0.0,18,53,-982,30,984,0,0.0000000,0.0000000,0.00,0.00,99.99,0,1,20:57:55,00
1004398,-206,24289,0.00,0,1,0.00,0.0,18,51,-984,36,986,0,0.0000000,0.0000000,0.00,0.00,99.99,0,1,20:57:55,00
1004861,-204,24289,0.00,0,1,0.00,0.0,18,46,-984,37,986,0,0.0000000,0.0000000,0.00,0.00,99.99,0,1,20:57:56,00
1005326,-215,24289,0.00,0,1,0.00,0.0,18,72,-981,37,984,0,0.0000000,0.0000000,0.00,0.00,99.99,0,1,20:57:56,00
1005794,-215,24289,0.00,0,1,0.00,0.0,18,61,-980,27,982,0,0.0000000,0.0000000,0.00,0.00,99.99,0,1,20:57:57,00
1006255,-214,24289,0.00,0,1,0.00,0.0,18,62,-981,30,983,0,0.0000000,0.0000000,0.00,0.00,99.99,0,1,20:57:57,00
1006725,-200,24289,0.00,0,1,0.00,0.0,18,59,-982,41,985,0,0.0000000,0.0000000,0.00,0.00,99.99,0,1,20:57:58,00
1007195,-187,24289,0.00,0,1,0.00,0.0,18,55,-982,31,984,0,0.0000000,0.0000000,0.00,0.00,99.99,0,1,20:57:58,00
1007655,-197,24289,0.00,0,1,0.00,0.0,18,54,-982,32,984,0,0.0000000,0.0000000,0.00,0.00,99.99,0,1,20:57:59,00
1008113,-196,24289,0.00,0,1,0.00,0.0,18,42,-984,14,985,0,0.0000000,0.0000000,0.00,0.00,99.99,0,1,20:57:59,00
1008587,-195,24289,0.00,0,1,0.00,0.0,18,59,-983,42,986,0,0.0000000,0.0000000,0.00,0.00,99.99,0,1,20:58:00,00
1009061,-202,24289,0.00,0,1,0.00,0.0,18,58,-980,2,981,0,0.0000000,0.0000000,0.00,0.00,99.99,0,1,20:58:00,00
1009513,-200,24289,0.00,0,1,0.00,0.0,18,53,-982,25,984,0,0.0000000,0.0000000,0.00,0.00,99.99,0,1,20:58:01,00
1009985,-200,24289,0.00,0,1,0.00,0.0,18,51,-983,41,985,0,0.0000000,0.0000000,0.00,0.00,99.99,0,1,20:58:01,00
1010443,-188,24289,0.00,0,1,0.00,0.0,18,49,-984,22,985,0,0.0000000,0.0000000,0.00,0.00,99.99,0,1,20:58:02,00
1010907,-199,24289,0.00,0,1,0.00,0.0,18,44,-984,38,986,0,0.0000000,0.0000000,0.00,0.00,99.99,0,1,20:58:02,00
1011381,-175,24289,0.00,0,1,0.00,0.0,18,74,-981,60,985,0,0.0000000,0.0000000,0.00,0.00,99.99,0,1,20:58:03,00
1011854,-185,24289,0.00,0,1,0.00,0.0,18,43,-985,32,986,0,0.0000000,0.0000000,0.00,0.00,99.99,0,1,20:58:03,00
1012313,-201,24289,0.00,0,1,0.00,0.0,18,54,-982,35,984,0,0.0000000,0.0000000,0.00,0.00,99.99,0,1,20:58:03,00
1012857,-195,24289,0.00,0,1,0.00,0.0,18,51,-983,30,985,0,0.0000000,0.0000000,0.00,0.00,99.99,0,1,20:58:04,00
1013304,-177,24289,0.00,0,1,0.00,0.0,18,51,-982,39,984,0,0.0000000,0.0000000,0.00,0.00,99.99,0,1,20:58:04,00
1013756,-178,24289,0.00,0,1,0.00,0.0,18,59,-980,20,982,0,0.0000000,0.0000000,0.00,0.00,99.99,0,1,20:58:05,00
1014209,-180,24289,0.00,0,1,0.00,0.0,18,53,-981,46,984,0,0.0000000,0.0000000,0.00,0.00,99.99,0,1,20:58:05,00
1014668,-187,24289,0.00,0,1,0.00,0.0,18,60,-980,26,982,0,0.0000000,0.0000000,0.00,0.00,99.99,0,1,20:58:06,00
1015130,-177,24289,0.00,0,1,0.00,0.0,18,58,-982,35,984,0,0.0000000,0.0000000,0.00,0.00,99.99,0,1,20:58:06,00
1015584,-197,24289,0.00,0,1,0.00,0.0,18,41,-985,37,986,0,0.0000000,0.0000000,0.00,0.00,99.99,0,1,20:58:07,00
1016043,-196,24289,0.00,0,1,0.00,0.0,18,39,-984,34,986,0,0.0000000,0.0000000,0.00,0.00,99.99,0,1,20:58:07,00
1016498,-195,24289,0.00,0,1,0.00,0.0,18,50,-983,41,985,0,0.0000000,0.0000000,0.00,0.00,99.99,0,1,20:58:08,00
1016958,-181,24289,0.00,0,1,0.00,0.0,18,59,-981,32,984,0,0.0000000,0.0000000,0.00,0.00,99.99,0,1,20:58:08,00
1017397,-189,24289,0.00,0,1,0.00,0.0,18,60,-981,39,984,0,0.0000000,0.0000000,0.00,0.00,99.99,0,1,20:58:08,00
1017864,-185,24289,0.00,0,1,0.00,0.0,18,46,-983,24,984,0,0.0000000,0.0000000,0.00,0.00,99.99,0,1,20:58:09,00
1018331,-183,24289,0.00,0,1,0.00,0.0,18,46,-984,30,986,0,0.0000000,0.0000000,0.00,0.00,99.99,0,1,20:58:09,00
1018792,-180,24289,0.00,0,1,0.00,0.0,18,58,-982,37,984,0,0.0000000,0.0000000,0.00,0.00,99.99,0,1,20:58:10,00
1019248,-182,24289,0.00,0,1,0.00,0.0,18,50,-984,32,986,0,0.0000000,0.0000000,0.00,0.00,99.99,0,1,20:58:10,00
1019706,-180,24289,0.00,0,1,0.00,0.0,18,54,-982,31,984,0,0.0000000,0.0000000,0.00,0.00,99.99,0,1,20:58:11,00
1020171,-177,24289,0.00,0,1,0.00,0.0,18,59,-980,27,982,0,0.0000000,0.0000000,0.00,0.00,99.99,0,1,20:58:11,00
1020636,-169,24289,0.00,0,1,0.00,0.0,18,54,-982,30,984,0,0.0000000,0.0000000,0.00,0.00,99.99,0,1,20:58:12,00
1021094,-171,24289,0.00,0,1,0.00,0.0,18,54,-982,38,984,0,0.0000000,0.0000000,0.00,0.00,99.99,0,1,20:58:12,00
1021516,-173,24289,0.00,0,1,0.00,0.0,18,53,-982,31,984,0,0.0000000,0.0000000,0.00,0.00,99.99,0,1,20:58:12,00
1021978,-213,24289,0.00,0,1,0.00,0.0,18,54,-982,35,984,0,0.0000000,0.0000000,0.00,0.00,99.99,0,1,20:58:13,00
1022445,-203,24289,0.00,0,1,0.00,0.0,18,55,-981,35,983,0,0.0000000,0.0000000,0.00,0.00,99.99,0,1,20:58:13,00
1022914,-186,24289,0.00,0,1,0.00,0.0,18,53,-984,38,986,0,0.0000000,0.0000000,0.00,0.00,99.99,0,1,20:58:14,00
1023376,-199,24289,0.00,0,1,0.00,0.0,18,51,-981,34,983,0,0.0000000,0.0000000,0.00,0.00,99.99,0,1,20:58:14,00
1023840,-205,24289,0.00,0,1,0.00,0.0,18,60,-982,32,984,0,0.0000000,0.0000000,0.00,0.00,99.99,0,1,20:58:15,00
1024313,-190,24289,0.00,0,1,0.00,0.0,18,49,-983,30,985,0,0.0000000,0.0000000,0.00,0.00,99.99,0,1,20:58:15,00
1024774,-190,24289,0.00,0,1,0.00,0.0,18,53,-981,18,983,0,0.0000000,0.0000000,0.00,0.00,99.99,0,1,20:58:16,00
1025247,-207,24289,0.00,0,1,0.00,0.0,18,53,-983,35,985,0,0.0000000,0.0000000,0.00,0.00,99.99,0,1,20:58:16,00
1025717,-209,24289,0.00,0,1,0.00,0.0,18,50,-983,31,985,0,0.0000000,0.0000000,0.00,0.00,99.99,0,1,20:58:17,00
1026182,-206,24289,0.00,0,1,0.00,0.0,18,53,-983,40,985,0,0.0000000,0.0000000,0.00,0.00,99.99,0,1,20:58:17,00
1026649,-208,24289,0.00,0,1,0.00,0.0,18,49,-982,23,983,0,0.0000000,0.0000000,0.00,0.00,99.99,0,1,20:58:18,00
1027118,-184,24289,0.00,0,1,0.00,0.0,18,65,-980,11,982,0,0.0000000,0.0000000,0.00,0.00,99.99,0,1,20:58:18,00
1027662,-172,24289,0.00,0,1,0.00,0.0,18,66,-983,73,988,0,0.0000000,0.0000000,0.00,0.00,99.99,0,1,20:58:19,00
1028120,-180,24289,0.00,0,1,0.00,0.0,18,46,-985,45,987,0,0.0000000,0.0000000,0.00,0.00,99.99,0,1,20:58:19,00
1028576,-212,24289,0.00,0,1,0.00,0.0,18,54,-982,21,983,0,0.0000000,0.0000000,0.00,0.00,99.99,0,1,20:58:20,00
1029036,-212,24289,0.00,0,1,0.00,0.0,18,57,-981,32,983,0,0.0000000,0.0000000,0.00,0.00,99.99,0,1,20:58:20,00
1029484,-207,24289,0.00,0,1,0.00,0.0,18,51,-981,58,984,0,0.0000000,0.0000000,0.00,0.00,99.99,0,1,20:58:21,00
1029953,-210,24289,0.00,0,1,0.00,0.0,18,54,-981,5,982,0,0.0000000,0.0000000,0.00,0.00,99.99,0,1,20:58:21,00
1030390,-183,24289,0.00,0,1,0.00,0.0,18,53,-982,33,984,0,0.0000000,0.0000000,0.00,0.00,99.99,0,1,20:58:22,00
1030849,-188,24289,0.00,0,1,0.00,0.0,18,55,-982,32,984,0,0.0000000,0.0000000,0.00,0.00,99.99,0,1,20:58:22,00
1031305,-195,24289,0.00,0,1,0.00,0.0,18,57,-982,31,984,0,0.0000000,0.0000000,0.00,0.00,99.99,0,1,20:58:22,00
1031765,-198,24289,0.00,0,1,0.00,0.0,18,55,-981,37,983,0,0.0000000,0.0000000,0.00,0.00,99.99,0,1,20:58:23,00
1032226,-201,24289,0.00,0,1,0.00,0.0,18,54,-981,27,983,0,0.0000000,0.0000000,0.00,0.00,99.99,0,1,20:58:23,00
1032678,-213,24289,0.00,0,1,0.00,0.0,18,51,-982,37,984,0,0.0000000,0.0000000,0.00,0.00,99.99,0,1,20:58:24,00
1033143,-195,24289,0.00,0,1,0.00,0.0,18,53,-982,27,984,0,0.0000000,0.0000000,0.00,0.00,99.99,0,1,20:58:24,00
1033605,-198,24289,0.00,0,1,0.00,0.0,18,52,-982,37,984,0,0.0000000,0.0000000,0.00,0.00,99.99,0,1,20:58:25,00
1034066,-192,24289,0.00,0,1,0.00,0.0,18,53,-983,34,985,0,0.0000000,0.0000000,0.00,0.00,99.99,0,1,20:58:25,00
1034522,-198,24289,0.00,0,1,0.00,0.0,18,50,-982,34,984,0,0.0000000,0.0000000,0.00,0.00,99.99,0,1,20:58:26,00
1034983,-185,24289,0.00,0,1,0.00,0.0,18,64,-979,33,981,0,0.0000000,0.0000000,0.00,0.00,99.99,0,1,20:58:26,00
1035412,-175,24289,0.00,0,1,0.00,0.0,18,53,-983,31,985,0,0.0000000,0.0000000,0.00,0.00,99.99,0,1,20:58:27,00
1035871,-215,24289,0.00,0,1,0.00,0.0,18,55,-982,30,984,0,0.0000000,0.0000000,0.00,0.00,99.99,0,1,20:58:27,00
1036327,-213,24289,0.00,0,1,0.00,0.0,18,65,-980,36,983,0,0.0000000,0.0000000,0.00,0.00,99.99,0,1,20:58:27,00
1036789,-211,24289,0.00,0,1,0.00,0.0,18,49,-985,35,987,0,0.0000000,0.0000000,0.00,0.00,99.99,0,1,20:58:28,00
1037249,-211,24289,0.00,0,1,0.00,0.0,18,62,-982,32,984,0,0.0000000,0.0000000,0.00,0.00,99.99,0,1,20:58:28,00
1037706,-213,24289,0.00,0,1,0.00,0.0,18,42,-983,23,984,0,0.0000000,0.0000000,0.00,0.00,99.99,0,1,20:58:29,00
1038166,-218,24289,0.00,0,1,0.00,0.0,18,55,-984,62,987,0,0.0000000,0.0000000,0.00,0.00,99.99,0,1,20:58:29,00
1038624,-181,24289,0.00,0,1,0.00,0.0,18,61,-985,49,988,0,0.0000000,0.0000000,0.00,0.00,99.99,0,1,20:58:30,00
1039088,-177,24289,0.00,0,1,0.00,0.0,18,56,-980,5,982,0,0.0000000,0.0000000,0.00,0.00,99.99,0,1,20:58:30,00
1039551,-184,24289,0.00,0,1,0.00,0.0,18,52,-982,24,984,0,0.0000000,0.0000000,0.00,0.00,99.99,0,1,20:58:31,00
1040015,-201,24289,0.00,0,1,0.00,0.0,18,52,-984,39,986,0,0.0000000,0.0000000,0.00,0.00,99.99,0,1,20:58:31,00
1040463,-184,24289,0.00,0,1,0.00,0.0,18,51,-981,26,983,0,0.0000000,0.0000000,0.00,0.00,99.99,0,1,20:58:32,00
1040930,-193,24289,0.00,0,1,0.00,0.0,18,70,-979,18,981,0,0.0000000,0.0000000,0.00,0.00,99.99,0,1,20:58:32,00
1041378,-194,24289,0.00,0,1,0.00,0.0,18,63,-981,30,984,0,0.0000000,0.0000000,0.00,0.00,99.99,0,1,20:58:33,00
1041844,-192,24289,0.00,0,1,0.00,0.0,18,45,-985,43,987,0,0.0000000,0.0000000,0.00,0.00,99.99,0,1,20:58:33,00
1042360,-195,24289,0.00,0,1,0.00,0.0,18,45,-982,31,984,0,0.0000000,0.0000000,0.00,0.00,99.99,0,1,20:58:33,00
1042816,-197,24289,0.00,0,1,0.00,0.0,18,49,-982,32,984,0,0.0000000,0.0000000,0.00,0.00,99.99,0,1,20:58:34,00
1043273,-183,24289,0.00,0,1,0.00,0.0,18,56,-983,44,986,0,0.0000000,0.0000000,0.00,0.00,99.99,0,1,20:58:34,00
1043727,-183,24289,0.00,0,1,0.00,0.0,18,58,-982,33,985,0,0.0000000,0.0000000,0.00,0.00,99.99,0,1,20:58:35,00
1044180,-180,24289,0.00,0,1,0.00,0.0,18,55,-984,26,986,0,0.0000000,0.0000000,0.00,0.00,99.99,0,1,20:58:35,00
1044638,-178,24289,0.00,0,1,0.00,0.0,18,67,-975,-8,978,0,0.0000000,0.0000000,0.00,0.00,99.99,0,1,20:58:36,00
1045091,-180,24289,0.00,0,1,0.00,0.0,18,48,-982,24,984,0,0.0000000,0.0000000,0.00,0.00,99.99,0,1,20:58:36,00
1045555,-202,24289,0.00,0,1,0.00,0.0,18,44,-986,61,989,0,0.0000000,0.0000000,0.00,0.00,99.99,0,1,20:58:37,00
1046019,-212,24289,0.00,0,1,0.00,0.0,18,56,-981,32,983,0,0.0000000,0.0000000,0.00,0.00,99.99,0,1,20:58:37,00
1046457,-211,24289,0.00,0,1,0.00,0.0,18,53,-982,27,984,0,0.0000000,0.0000000,0.00,0.00,99.99,0,1,20:58:38,00
1046915,-173,24289,0.00,0,1,0.00,0.0,18,56,-982,35,984,0,0.0000000,0.0000000,0.00,0.00,99.99,0,1,20:58:38,00
1047359,-174,24289,0.00,0,1,0.00,0.0,18,52,-982,29,984,0,0.0000000,0.0000000,0.00,0.00,99.99,0,1,20:58:38,00
1047818,-183,24289,0.00,0,1,0.00,0.0,18,56,-980,32,982,0,0.0000000,0.0000000,0.00,0.00,99.99,0,1,20:58:39,00
1048292,-212,24289,0.00,0,1,0.00,0.0,18,59,-982,35,985,0,0.0000000,0.0000000,0.00,0.00,99.99,0,1,20:58:39,00
1048754,-212,24289,0.00,0,1,0.00,0.0,18,49,-984,31,985,0,0.0000000,0.0000000,0.00,0.00,99.99,0,1,20:58:40,00
1049215,-206,24289,0.00,0,1,0.00,0.0,18,52,-982,32,984,0,0.0000000,0.0000000,0.00,0.00,99.99,0,1,20:58:40,00
1049679,-210,24289,0.00,0,1,0.00,0.0,18,42,-985,29,986,0,0.0000000,0.0000000,0.00,0.00,99.99,0,1,20:58:41,00
1050144,-198,24289,0.00,0,1,0.00,0.0,18,57,-981,37,983,0,0.0000000,0.0000000,0.00,0.00,99.99,0,1,20:58:41,00
1050615,-185,24289,0.00,0,1,0.00,0.0,18,47,-984,38,985,0,0.0000000,0.0000000,0.00,0.00,99.99,0,1,20:58:42,00
1051075,-183,24289,0.00,0,1,0.00,0.0,18,51,-978,33,980,0,0.0000000,0.0000000,0.00,0.00,99.99,0,1,20:58:42,00
1051539,-204,24289,0.00,0,1,0.00,0.0,18,46,-983,30,985,0,0.0000000,0.0000000,0.00,0.00,99.99,0,1,20:58:43,00
1052006,-177,24289,0.00,0,1,0.00,0.0,18,58,-981,31,983,0,0.0000000,0.0000000,0.00,0.00,99.99,0,1,20:58:43,00
1052462,-197,24289,0.00,0,1,0.00,0.0,18,51,-983,35,985,0,0.0000000,0.0000000,0.00,0.00,99.99,0,1,20:58:44,00
1052934,-182,24289,0.00,0,1,0.00,0.0,18,47,-984,31,985,0,0.0000000,0.0000000,0.00,0.00,99.99,0,1,20:58:44,00
1053375,-187,24289,0.00,0,1,0.00,0.0,18,56,-982,32,984,0,0.0000000,0.0000000,0.00,0.00,99.99,0,1,20:58:44,00
1053843,-184,24289,0.00,0,1,0.00,0.0,18,43,-983,37,985,0,0.0000000,0.0000000,0.00,0.00,99.99,0,1,20:58:45,00
1054310,-179,24289,0.00,0,1,0.00,0.0,18,49,-983,31,985,0,0.0000000,0.0000000,0.00,0.00,99.99,0,1,20:58:45,00
1054778,-195,24289,0.00,0,1,0.00,0.0,18,60,-980,27,983,0,0.0000000,0.0000000,0.00,0.00,99.99,0,1,20:58:46,00
1055249,-203,24289,0.00,0,1,0.00,0.0,18,57,-981,34,983,0,0.0000000,0.0000000,0.00,0.00,99.99,0,1,20:58:46,00
1055725,-202,24289,0.00,0,1,0.00,0.0,18,60,-980,38,982,0,0.0000000,0.0000000,0.00,0.00,99.99,0,1,20:58:47,00
1056190,-203,24289,0.00,0,1,0.00,0.0,18,64,-981,21,984,0,0.0000000,0.0000000,0.00,0.00,99.99,0,1,20:58:47,00
1056657,-198,24289,0.00,0,1,0.00,0.0,18,53,-981,25,983,0,0.0000000,0.0000000,0.00,0.00,99.99,0,1,20:58:48,00
1057194,-197,24289,0.00,0,1,0.00,0.0,18,60,-981,31,983,0,0.0000000,0.0000000,0.00,0.00,99.99,0,1,20:58:48,00
1057661,-195,24289,0.00,0,1,0.00,0.0,18,52,-985,44,987,0,0.0000000,0.0000000,0.00,0.00,99.99,0,1,20:58:49,00
1058123,-180,24289,0.00,0,1,0.00,0.0,18,42,-984,32,985,0,0.0000000,0.0000000,0.00,0.00,99.99,0,1,20:58:49,00
1058582,-192,24289,0.00,0,1,0.00,0.0,18,57,-982,26,984,0,0.0000000,0.0000000,0.00,0.00,99.99,0,1,20:58:50,00
1059048,-194,24289,0.00,0,1,0.00,0.0,18,57,-981,28,983,0,0.0000000,0.0000000,0.00,0.00,99.99,0,1,20:58:50,00
1059500,-199,24289,0.00,0,1,0.00,0.0,18,49,-983,32,985,0,0.0000000,0.0000000,0.00,0.00,99.99,0,1,20:58:51,00
1059965,-200,24289,0.00,0,1,0.00,0.0,18,52,-983,31,985,0,0.0000000,0.0000000,0.00,0.00,99.99,0,1,20:58:51,00
1060407,-176,24289,0.00,0,1,0.00,0.0,18,52,-983,33,985,0,0.0000000,0.0000000,0.00,0.00,99.99,0,1,20:58:52,00
1060873,-184,24289,0.00,0,1,0.00,0.0,18,62,-981,39,983,0,0.0000000,0.0000000,0.00,0.00,99.99,0,1,20:58:52,00
1061333,-192,24289,0.00,0,1,0.00,0.0,18,47,-985,36,986,0,0.0000000,0.0000000,0.00,0.00,99.99,0,1,20:58:52,00
1061790,-191,24289,0.00,0,1,0.00,0.0,18,46,-983,29,985,0,0.0000000,0.0000000,0.00,0.00,99.99,0,1,20:58:53,00
1062260,-194,24289,0.00,0,1,0.00,0.0,18,49,-984,37,986,0,0.0000000,0.0000000,0.00,0.00,99.99,0,1,20:58:53,00
1062724,-196,24289,0.00,0,1,0.00,0.0,18,59,-981,33,984,0,0.0000000,0.0000000,0.00,0.00,99.99,0,1,20:58:54,00
1063190,-204,24289,0.00,0,1,0.00,0.0,18,50,-983,29,985,0,0.0000000,0.0000000,0.00,0.00,99.99,0,1,20:58:54,00
1063659,-201,24289,0.00,0,1,0.00,0.0,18,59,-980,27,982,0,0.0000000,0.0000000,0.00,0.00,99.99,0,1,20:58:55,00
1064117,-206,24289,0.00,0,1,0.00,0.0,18,46,-984,38,986,0,0.0000000,0.0000000,0.00,0.00,99.99,0,1,20:58:55,00
1064589,-206,24289,0.00,0,1,0.00,0.0,18,33,-986,41,988,0,0.0000000,0.0000000,0.00,0.00,99.99,0,1,20:58:56,00
1065057,-214,24289,0.00,0,1,0.00,0.0,18,50,-983,28,984,0,0.0000000,0.0000000,0.00,0.00,99.99,0,1,20:58:56,00
1065523,-208,24289,0.00,0,1,0.00,0.0,18,56,-981,30,983,0,0.0000000,0.0000000,0.00,0.00,99.99,0,1,20:58:57,00
1065990,-173,24289,0.00,0,1,0.00,0.0,18,57,-980,31,982,0,0.0000000,0.0000000,0.00,0.00,99.99,0,1,20:58:57,00
1066414,-167,24289,0.00,0,1,0.00,0.0,18,42,-984,35,986,0,0.0000000,0.0000000,0.00,0.00,99.99,0,1,20:58:57,00
1066879,-173,24289,0.00,0,1,0.00,0.0,18,63,-982,40,984,0,0.0000000,0.0000000,0.00,0.00,99.99,0,1,20:58:58,00
1067343,-180,24289,0.00,0,1,0.00,0.0,18,52,-981,33,983,0,0.0000000,0.0000000,0.00,0.00,99.99,0,1,20:58:58,00
1067820,-174,24289,0.00,0,1,0.00,0.0,18,48,-983,32,985,0,0.0000000,0.0000000,0.00,0.00,99.99,0,1,20:58:59,00
1068294,-199,24289,0.00,0,1,0.00,0.0,18,68,-979,30,982,0,0.0000000,0.0000000,0.00,0.00,99.99,0,1,20:58:59,00
1068769,-200,24289,0.00,0,1,0.00,0.0,18,45,-984,35,986,0,0.0000000,0.0000000,0.00,0.00,99.99,0,1,20:59:00,00
1069246,-199,24289,0.00,0,1,0.00,0.0,18,50,-983,36,985,0,0.0000000,0.0000000,0.00,0.00,99.99,0,1,20:59:00,00
1069710,-178,24289,0.00,0,1,0.00,0.0,18,53,-983,27,984,0,0.0000000,0.0000000,0.00,0.00,99.99,0,1,20:59:01,00
1070174,-178,24289,0.00,0,1,0.00,0.0,18,45,-983,34,984,0,0.0000000,0.0000000,0.00,0.00,99.99,0,1,20:59:01,00
1070633,-175,24289,0.00,0,1,0.00,0.0,18,57,-983,35,985,0,0.0000000,0.0000000,0.00,0.00,99.99,0,1,20:59:02,00
1071091,-175,24289,0.00,0,1,0.00,0.0,18,53,-983,31,985,0,0.0000000,0.0000000,0.00,0.00,99.99,0,1,20:59:02,00
1071528,-197,24289,0.00,0,1,0.00,0.0,18,49,-983,30,985,0,0.0000000,0.0000000,0.00,0.00,99.99,0,1,20:59:03,00
1072067,-205,24289,0.00,0,1,0.00,0.0,18,57,-980,32,982,0,0.0000000,0.0000000,0.00,0.00,99.99,0,1,20:59:03,00
1072518,-206,24289,0.00,0,1,0.00,0.0,18,58,-982,33,984,0,0.0000000,0.0000000,0.00,0.00,99.99,0,1,20:59:04,00
1072978,-189,24289,0.00,0,1,0.00,0.0,18,46,-983,32,984,0,0.0000000,0.0000000,0.00,0.00,99.99,0,1,20:59:04,00
1073417,-190,24289,0.00,0,1,0.00,0.0,18,40,-985,31,986,0,0.0000000,0.0000000,0.00,0.00,99.99,0,1,20:59:05,00
1073876,-194,24289,0.00,0,1,0.00,0.0,18,54,-981,32,983,0,0.0000000,0.0000000,0.00,0.00,99.99,0,1,20:59:05,00
1074333,-196,24289,0.00,0,1,0.00,0.0,18,51,-982,25,984,0,0.0000000,0.0000000,0.00,0.00,99.99,0,1,20:59:05,00
1074784,-196,24289,0.00,0,1,0.00,0.0,18,52,-983,45,986,0,0.0000000,0.0000000,0.00,0.00,99.99,0,1,20:59:06,00
1075253,-215,24289,0.00,0,1,0.00,0.0,18,51,-983,28,985,0,0.0000000,0.0000000,0.00,0.00,99.99,0,1,20:59:06,00
1075708,-212,24289,0.00,0,1,0.00,0.0,18,57,-982,32,984,0,0.0000000,0.0000000,0.00,0.00,99.99,0,1,20:59:07,00
1076173,-210,24289,0.00,0,1,0.00,0.0,18,49,-983,40,985,0,0.0000000,0.0000000,0.00,0.00,99.99,0,1,20:59:07,00
1076637,-212,24289,0.00,0,1,0.00,0.0,18,48,-983,23,985,0,0.0000000,0.0000000,0.00,0.00,99.99,0,1,20:59:08,00
1077101,-198,24289,0.00,0,1,0.00,0.0,18,44,-981,55,983,0,0.0000000,0.0000000,0.00,0.00,99.99,0,1,20:59:08,00
1077578,-175,24289,0.00,0,1,0.00,0.0,18,54,-982,16,983,0,0.0000000,0.0000000,0.00,0.00,99.99,0,1,20:59:09,00
1078051,-176,24289,0.00,0,1,0.00,0.0,18,25,-986,27,986,0,0.0000000,0.0000000,0.00,0.00,99.99,0,1,20:59:09,00
1078501,-187,24289,0.00,0,1,0.00,0.0,18,45,-984,44,986,0,0.0000000,0.0000000,0.00,0.00,99.99,0,1,20:59:10,00
1078961,-188,24289,0.00,0,1,0.00,0.0,18,74,-980,54,984,0,0.0000000,0.0000000,0.00,0.00,99.99,0,1,20:59:10,00
1079397,-192,24289,0.00,0,1,0.00,0.0,18,63,-982,35,985,0,0.0000000,0.0000000,0.00,0.00,99.99,0,1,20:59:10,00
1079858,-209,24289,0.00,0,1,0.00,0.0,18,53,-983,35,985,0,0.0000000,0.0000000,0.00,0.00,99.99,0,1,20:59:11,00
1080328,-211,24289,0.00,0,1,0.00,0.0,18,58,-982,29,984,0,0.0000000,0.0000000,0.00,0.00,99.99,0,1,20:59:11,00
1080789,-193,24289,0.00,0,1,0.00,0.0,18,49,-983,30,985,0,0.0000000,0.0000000,0.00,0.00,99.99,0,1,20:59:12,00
1081248,-190,24289,0.00,0,1,0.00,0.0,18,57,-983,24,985,0,0.0000000,0.0000000,0.00,0.00,99.99,0,1,20:59:12,00
1081712,-204,24289,0.00,0,1,0.00,0.0,18,56,-980,31,982,0,0.0000000,0.0000000,0.00,0.00,99.99,0,1,20:59:13,00
1082177,-198,24289,0.00,0,1,0.00,0.0,18,61,-980,22,982,0,0.0000000,0.0000000,0.00,0.00,99.99,0,1,20:59:13,00
1082640,-197,24289,0.00,0,1,0.00,0.0,18,53,-982,36,984,0,0.0000000,0.0000000,0.00,0.00,99.99,0,1,20:59:14,00
1083109,-203,24289,0.00,0,1,0.00,0.0,18,47,-984,51,987,0,0.0000000,0.0000000,0.00,0.00,99.99,0,1,20:59:14,00
1083575,-180,24289,0.00,0,1,0.00,0.0,18,54,-981,31,983,0,0.0000000,0.0000000,0.00,0.00,99.99,0,1,20:59:15,00
1084039,-185,24289,0.00,0,1,0.00,0.0,18,56,-982,31,984,0,0.0000000,0.0000000,0.00,0.00,99.99,0,1,20:59:15,00
1084500,-201,24289,0.00,0,1,0.00,0.0,18,42,-985,31,986,0,0.0000000,0.0000000,0.00,0.00,99.99,0,1,20:59:16,00
1084966,-211,24289,0.00,0,1,0.00,0.0,18,53,-982,35,984,0,0.0000000,0.0000000,0.00,0.00,99.99,0,1,20:59:16,00
1085406,-203,24289,0.00,0,1,0.00,0.0,18,54,-982,33,984,0,0.0000000,0.0000000,0.00,0.00,99.99,0,1,20:59:17,00
1085873,-209,24289,0.00,0,1,0.00,0.0,18,53,-982,32,984,0,0.0000000,0.0000000,0.00,0.00,99.99,0,1,20:59:17,00
1086338,-188,24289,0.00,0,1,0.00,0.0,18,53,-982,31,984,0,0.0000000,0.0000000,0.00,0.00,99.99,0,1,20:59:17,00
1086877,-207,24289,0.00,0,1,0.00,0.0,18,53,-981,32,983,0,0.0000000,0.0000000,0.00,0.00,99.99,0,1,20:59:18,00
1087331,-197,24289,0.00,0,1,0.00,0.0,18,78,-978,44,982,0,0.0000000,0.0000000,0.00,0.00,99.99,0,1,20:59:18,00
1087796,-193,24289,0.00,0,1,0.00,0.0,18,58,-977,19,979,0,0.0000000,0.0000000,0.00,0.00,99.99,0,1,20:59:19,00
1088249,-188,24289,0.00,0,1,0.00,0.0,18,54,-981,35,983,0,0.0000000,0.0000000,0.00,0.00,99.99,0,1,20:59:19,00
1088699,-195,24289,0.00,0,1,0.00,0.0,18,50,-983,31,985,0,0.0000000,0.0000000,0.00,0.00,99.99,0,1,20:59:20,00
1089157,-199,24289,0.00,0,1,0.00,0.0,18,52,-984,37,986,0,0.0000000,0.0000000,0.00,0.00,99.99,0,1,20:59:20,00
1089613,-198,24289,0.00,0,1,0.00,0.0,18,47,-982,29,984,0,0.0000000,0.0000000,0.00,0.00,99.99,0,1,20:59:21,00
1090081,-209,24289,0.00,0,1,0.00,0.0,18,61,-982,39,985,0,0.0000000,0.0000000,0.00,0.00,99.99,0,1,20:59:21,00
1090534,-208,24289,0.00,0,1,0.00,0.0,18,47,-983,38,985,0,0.0000000,0.0000000,0.00,0.00,99.99,0,1,20:59:22,00
1090989,-183,24289,0.00,0,1,0.00,0.0,18,55,-986,32,988,0,0.0000000,0.0000000,0.00,0.00,99.99,0,1,20:59:22,00
1091413,-183,24289,0.00,0,1,0.00,0.0,18,56,-981,28,983,0,0.0000000,0.0000000,0.00,0.00,99.99,0,1,20:59:23,00
1091868,-208,24289,0.00,0,1,0.00,0.0,18,47,-983,27,985,0,0.0000000,0.0000000,0.00,0.00,99.99,0,1,20:59:23,00
1092338,-205,24289,0.00,0,1,0.00,0.0,18,58,-980,36,982,0,0.0000000,0.0000000,0.00,0.00,99.99,0,1,20:59:23,00
1092797,-195,24289,0.00,0,1,0.00,0.0,18,51,-983,48,985,0,0.0000000,0.0000000,0.00,0.00,99.99,0,1,20:59:24,00
1093256,-200,24289,0.00,0,1,0.00,0.0,18,63,-979,22,981,0,0.0000000,0.0000000,0.00,0.00,99.99,0,1,20:59:24,00
1093722,-200,24289,0.00,0,1,0.00,0.0,18,52,-982,23,983,0,0.0000000,0.0000000,0.00,0.00,99.99,0,1,20:59:25,00
1094187,-208,24289,0.00,0,1,0.00,0.0,18,50,-982,33,984,0,0.0000000,0.0000000,0.00,0.00,99.99,0,1,20:59:25,00
1094653,-213,24289,0.00,0,1,0.00,0.0,18,62,-982,32,985,0,0.0000000,0.0000000,0.00,0.00,99.99,0,1,20:59:26,00
1095118,-217,24289,0.00,0,1,0.00,0.0,18,46,-984,32,986,0,0.0000000,0.0000000,0.00,0.00,99.99,0,1,20:59:26,00
1095578,-215,24289,0.00,0,1,0.00,0.0,18,48,-983,33,984,0,0.0000000,0.0000000,0.00,0.00,99.99,0,1,20:59:27,00
1096046,-218,24289,0.00,0,1,0.00,0.0,18,66,-980,39,983,0,0.0000000,0.0000000,0.00,0.00,99.99,0,1,20:59:27,00
1096497,-190,24289,0.00,0,1,0.00,0.0,18,65,-980,38,983,0,0.0000000,0.0000000,0.00,0.00,99.99,0,1,20:59:28,00
1096966,-199,24289,0.00,0,1,0.00,0.0,18,57,-983,34,986,0,0.0000000,0.0000000,0.00,0.00,99.99,0,1,20:59:28,00
1097404,-194,24289,0.00,0,1,0.00,0.0,18,52,-983,32,985,0,0.0000000,0.0000000,0.00,0.00,99.99,0,1,20:59:29,00
1097869,-198,24289,0.00,0,1,0.00,0.0,18,57,-979,25,981,0,0.0000000,0.0000000,0.00,0.00,99.99,0,1,20:59:29,00
1098341,-187,24289,0.00,0,1,0.00,0.0,18,49,-982,31,983,0,0.0000000,0.0000000,0.00,0.00,99.99,0,1,20:59:29,00
1098807,-200,24289,0.00,0,1,0.00,0.0,18,52,-982,31,984,0,0.0000000,0.0000000,0.00,0.00,99.99,0,1,20:59:30,00
1099278,-201,24289,0.00,0,1,0.00,0.0,18,53,-983,33,985,0,0.0000000,0.0000000,0.00,0.00,99.99,0,1,20:59:30,00
1099739,-196,24289,0.00,0,1,0.00,0.0,18,49,-984,31,985,0,0.0000000,0.0000000,0.00,0.00,99.99,0,1,20:59:31,00
1100202,-191,24289,0.00,0,1,0.00,0.0,18,49,-983,31,984,0,0.0000000,0.0000000,0.00,0.00,99.99,0,1,20:59:31,00
1100671,-198,24289,0.00,0,1,0.00,0.0,18,50,-981,32,983,0,0.0000000,0.0000000,0.00,0.00,99.99,0,1,20:59:32,00
1101133,-181,24289,0.00,0,1,0.00,0.0,18,57,-982,27,984,0,0.0000000,0.0000000,0.00,0.00,99.99,0,1,20:59:32,00
1101674,-198,24289,0.00,0,1,0.00,0.0,18,50,-983,19,984,0,0.0000000,0.0000000,0.00,0.00,99.99,0,1,20:59:33,00
1102127,-204,24289,0.00,0,1,0.00,0.0,18,52,-983,30,984,0,0.0000000,0.0000000,0.00,0.00,99.99,0,1,20:59:33,00
1102582,-186,24289,0.00,0,1,0.00,0.0,18,58,-982,40,985,0,0.0000000,0.0000000,0.00,0.00,99.99,0,1,20:59:34,00
1103036,-196,24289,0.00,0,1,0.00,0.0,18,55,-982,31,984,0,0.0000000,0.0000000,0.00,0.00,99.99,0,1,20:59:34,00
1103474,-171,24289,0.00,0,1,0.00,0.0,18,59,-981,31,983,0,0.0000000,0.0000000,0.00,0.00,99.99,0,1,20:59:35,00
1103931,-175,24289,0.00,0,1,0.00,0.0,18,53,-982,27,984,0,0.0000000,0.0000000,0.00,0.00,99.99,0,1,20:59:35,00
1104376,-186,24289,0.00,0,1,0.00,0.0,18,50,-983,37,985,0,0.0000000,0.0000000,0.00,0.00,99.99,0,1,20:59:35,00
1104833,-188,24289,0.00,0,1,0.00,0.0,18,54,-984,19,986,0,0.0000000,0.0000000,0.00,0.00,99.99,0,1,20:59:36,00
1105292,-184,24289,0.00,0,1,0.00,0.0,18,48,-986,36,988,0,0.0000000,0.0000000,0.00,0.00,99.99,0,1,20:59:36,00
1105747,-177,24289,0.00,0,1,0.00,0.0,18,57,-983,33,985,0,0.0000000,0.0000000,0.00,0.00,99.99,0,1,20:59:37,00
1106209,-208,24289,0.00,0,1,0.00,0.0,18,54,-982,29,984,0,0.0000000,0.0000000,0.00,0.00,99.99,0,1,20:59:37,00
1106664,-205,24289,0.00,0,1,0.00,0.0,18,53,-982,13,984,0,0.0000000,0.0000000,0.00,0.00,99.99,0,1,20:59:38,00
1107125,-186,24289,0.00,0,1,0.00,0.0,18,43,-985,35,986,0,0.0000000,0.0000000,0.00,0.00,99.99,0,1,20:59:38,00
1107584,-182,24289,0.00,0,1,0.00,0.0,18,53,-982,33,984,0,0.0000000,0.0000000,0.00,0.00,99.99,0,1,20:59:39,00
1108043,-179,24289,0.00,0,1,0.00,0.0,18,59,-982,34,985,0,0.0000000,0.0000000,0.00,0.00,99.99,0,1,20:59:39,00
1108510,-208,24289,0.00,0,1,0.00,0.0,18,36,-985,33,986,0,0.0000000,0.0000000,0.00,0.00,99.99,0,1,20:59:40,00
1108982,-212,24289,0.00,0,1,0.00,0.0,18,45,-984,43,986,0,0.0000000,0.0000000,0.00,0.00,99.99,0,1,20:59:40,00
1109424,-204,24289,0.00,0,1,0.00,0.0,18,62,-980,37,983,0,0.0000000,0.0000000,0.00,0.00,99.99,0,1,20:59:41,00
1109888,-211,24289,0.00,0,1,0.00,0.0,18,49,-983,23,984,0,0.0000000,0.0000000,0.00,0.00,99.99,0,1,20:59:41,00
1110339,-182,24289,0.00,0,1,0.00,0.0,18,53,-984,38,987,0,0.0000000,0.0000000,0.00,0.00,99.99,0,1,20:59:41,00
1110804,-194,24289,0.00,0,1,0.00,0.0,18,49,-982,26,984,0,0.0000000,0.0000000,0.00,0.00,99.99,0,1,20:59:42,00
1111268,-184,24289,0.00,0,1,0.00,0.0,18,48,-984,32,986,0,0.0000000,0.0000000,0.00,0.00,99.99,0,1,20:59:42,00
1111736,-191,24289,0.00,0,1,0.00,0.0,18,47,-983,21,984,0,0.0000000,0.0000000,0.00,0.00,99.99,0,1,20:59:43,00
1112196,-184,24289,0.00,0,1,0.00,0.0,18,45,-984,32,986,0,0.0000000,0.0000000,0.00,0.00,99.99,0,1,20:59:43,00
1112664,-214,24289,0.00,0,1,0.00,0.0,18,55,-983,36,985,0,0.0000000,0.0000000,0.00,0.00,99.99,0,1,20:59:44,00
1113137,-194,24289,0.00,0,1,0.00,0.0,18,54,-982,37,984,0,0.0000000,0.0000000,0.00,0.00,99.99,0,1,20:59:44,00
1113608,-197,24289,0.00,0,1,0.00,0.0,18,56,-980,21,982,0,0.0000000,0.0000000,0.00,0.00,99.99,0,1,20:59:45,00
1114078,-188,24289,0.00,0,1,0.00,0.0,18,50,-983,37,985,0,0.0000000,0.0000000,0.00,0.00,99.99,0,1,20:59:45,00
1114545,-183,24289,0.00,0,1,0.00,0.0,18,51,-982,31,984,0,0.0000000,0.0000000,0.00,0.00,99.99,0,1,20:59:46,00
1115009,-200,24289,0.00,0,1,0.00,0.0,18,50,-982,37,984,0,0.0000000,0.0000000,0.00,0.00,99.99,0,1,20:59:46,00
1115453,-184,24289,0.00,0,1,0.00,0.0,18,55,-982,36,984,0,0.0000000,0.0000000,0.00,0.00,99.99,0,1,20:59:47,00
1115925,-201,24289,0.00,0,1,0.00,0.0,18,59,-981,34,983,0,0.0000000,0.0000000,0.00,0.00,99.99,0,1,20:59:47,00
1116420,-177,24289,0.00,0,1,0.00,0.0,18,48,-983,27,984,0,0.0000000,0.0000000,0.00,0.00,99.99,0,1,20:59:47,00
1116880,-181,24289,0.00,0,1,0.00,0.0,18,51,-982,28,984,0,0.0000000,0.0000000,0.00,0.00,99.99,0,1,20:59:48,00
1117339,-203,24289,0.00,0,1,0.00,0.0,18,54,-982,31,984,0,0.0000000,0.0000000,0.00,0.00,99.99,0,1,20:59:48,00
1117806,-198,24289,0.00,0,1,0.00,0.0,18,50,-981,33,983,0,0.0000000,0.0000000,0.00,0.00,99.99,0,1,20:59:49,00
1118268,-200,24289,0.00,0,1,0.00,0.0,18,70,-980,31,983,0,0.0000000,0.0000000,0.00,0.00,99.99,0,1,20:59:49,00
1118732,-194,24289,0.00,0,1,0.00,0.0,18,42,-982,31,983,0,0.0000000,0.0000000,0.00,0.00,99.99,0,1,20:59:50,00
1119188,-186,24289,0.00,0,1,0.00,0.0,18,50,-984,32,986,0,0.0000000,0.0000000,0.00,0.00,99.99,0,1,20:59:50,00
1119643,-192,24289,0.00,0,1,0.00,0.0,18,42,-984,30,986,0,0.0000000,0.0000000,0.00,0.00,99.99,0,1,20:59:51,00
1120110,-193,24289,0.00,0,1,0.00,0.0,18,56,-982,35,984,0,0.0000000,0.0000000,0.00,0.00,99.99,0,1,20:59:51,00
1120570,-197,24289,0.00,0,1,0.00,0.0,18,50,-983,30,984,0,0.0000000,0.0000000,0.00,0.00,99.99,0,1,20:59:52,00
1121031,-187,24289,0.00,0,1,0.00,0.0,18,41,-985,27,986,0,0.0000000,0.0000000,0.00,0.00,99.99,0,1,20:59:52,00
1121467,-191,24289,0.00,0,1,0.00,0.0,18,58,-982,32,985,0,0.0000000,0.0000000,0.00,0.00,99.99,0,1,20:59:53,00
1121932,-209,24289,0.00,0,1,0.00,0.0,18,58,-980,24,982,0,0.0000000,0.0000000,0.00,0.00,99.99,0,1,20:59:53,00
1122383,-202,24289,0.00,0,1,0.00,0.0,18,49,-983,36,985,0,0.0000000,0.0000000,0.00,0.00,99.99,0,1,20:59:53,00
1122839,-183,24289,0.00,0,1,0.00,0.0,18,58,-980,31,982,0,0.0000000,0.0000000,0.00,0.00,99.99,0,1,20:59:54,00
1123303,-196,24289,0.00,0,1,0.00,0.0,18,52,-983,30,985,0,0.0000000,0.0000000,0.00,0.00,99.99,0,1,20:59:54,00
1123767,-209,24289,0.00,0,1,0.00,0.0,18,53,-981,30,983,0,0.0000000,0.0000000,0.00,0.00,99.99,0,1,20:59:55,00
1124229,-202,24289,0.00,0,1,0.00,0.0,18,56,-981,33,983,0,0.0000000,0.0000000,0.00,0.00,99.99,0,1,20:59:55,00
1124695,-201,24289,0.00,0,1,0.00,0.0,18,50,-983,31,984,0,0.0000000,0.0000000,0.00,0.00,99.99,0,1,20:59:56,00
1125152,-206,24289,0.00,0,1,0.00,0.0,18,50,-982,33,984,0,0.0000000,0.0000000,0.00,0.00,99.99,0,1,20:59:56,00
1125614,-210,24289,0.00,0,1,0.00,0.0,18,55,-981,30,983,0,0.0000000,0.0000000,0.00,0.00,99.99,0,1,20:59:57,00
1126073,-195,24289,0.00,0,1,0.00,0.0,18,53,-983,33,985,0,0.0000000,0.0000000,0.00,0.00,99.99,0,1,20:59:57,00
1126527,-178,24289,0.00,0,1,0.00,0.0,18,58,-982,32,984,0,0.0000000,0.0000000,0.00,0.00,99.99,0,1,20:59:58,00
1126998,-174,24289,0.00,0,1,0.00,0.0,18,61,-980,29,982,0,0.0000000,0.0000000,0.00,0.00,99.99,0,1,20:59:58,00
1127444,-191,24289,0.00,0,1,0.00,0.0,18,63,-980,27,982,0,0.0000000,0.0000000,0.00,0.00,99.99,0,1,20:59:59,00
1127909,-190,24289,0.00,0,1,0.00,0.0,18,46,-984,34,985,0,0.0000000,0.0000000,0.00,0.00,99.99,0,1,20:59:59,00
1128365,-196,24289,0.00,0,1,0.00,0.0,18,63,-981,34,983,0,0.0000000,0.0000000,0.00,0.00,99.99,0,1,20:59:59,00
1128827,-196,24289,0.00,0,1,0.00,0.0,18,47,-983,29,985,0,0.0000000,0.0000000,0.00,0.00,99.99,0,1,21:00:00,00
1129294,-179,24289,0.00,0,1,0.00,0.0,18,52,-985,36,987,0,0.0000000,0.0000000,0.00,0.00,99.99,0,1,21:00:00,00
1129757,-185,24289,0.00,0,1,0.00,0.0,18,44,-984,31,985,0,0.0000000,0.0000000,0.00,0.00,99.99,0,1,21:00:01,00
1130224,-192,24289,0.00,0,1,0.00,0.0,18,51,-984,31,986,0,0.0000000,0.0000000,0.00,0.00,99.99,0,1,21:00:01,00
1130687,-183,24289,0.00,0,1,0.00,0.0,18,52,-983,34,985,0,0.0000000,0.0000000,0.00,0.00,99.99,0,1,21:00:02,00
1131220,-189,24289,0.00,0,1,0.00,0.0,18,52,-983,32,985,0,0.0000000,0.0000000,0.00,0.00,99.99,0,1,21:00:02,00
1131675,-199,24289,0.00,0,1,0.00,0.0,18,52,-983,36,985,0,0.0000000,0.0000000,0.00,0.00,99.99,0,1,21:00:03,00
1132131,-201,24289,0.00,0,1,0.00,0.0,18,52,-982,38,984,0,0.0000000,0.0000000,0.00,0.00,99.99,0,1,21:00:03,00
1132588,-193,24289,0.00,0,1,0.00,0.0,18,55,-982,28,984,0,0.0000000,0.0000000,0.00,0.00,99.99,0,1,21:00:04,00
1133051,-194,24289,0.00,0,1,0.00,0.0,18,55,-983,29,985,0,0.0000000,0.0000000,0.00,0.00,99.99,0,1,21:00:04,00
1133503,-185,24289,0.00,0,1,0.00,0.0,18,51,-983,33,985,0,0.0000000,0.0000000,0.00,0.00,99.99,0,1,21:00:05,00
1133970,-165,24289,0.00,0,1,0.00,0.0,18,52,-983,29,985,0,0.0000000,0.0000000,0.00,0.00,99.99,0,1,21:00:05,00
1134404,-187,24289,0.00,0,1,0.00,0.0,18,50,-981,34,983,0,0.0000000,0.0000000,0.00,0.00,99.99,0,1,21:00:06,00
1134865,-174,24289,0.00,0,1,0.00,0.0,18,52,-982,29,984,0,0.0000000,0.0000000,0.00,0.00,99.99,0,1,21:00:06,00
1135329,-181,24289,0.00,0,1,0.00,0.0,18,55,-982,33,984,0,0.0000000,0.0000000,0.00,0.00,99.99,0,1,21:00:06,00
1135789,-208,24289,0.00,0,1,0.00,0.0,18,51,-983,30,985,0,0.0000000,0.0000000,0.00,0.00,99.99,0,1,21:00:07,00
1136256,-211,24289,0.00,0,1,0.00,0.0,18,56,-982,35,984,0,0.0000000,0.0000000,0.00,0.00,99.99,0,1,21:00:07,00
1136711,-186,24289,0.00,0,1,0.00,0.0,18,52,-982,33,984,0,0.0000000,0.0000000,0.00,0.00,99.99,0,1,21:00:08,00
1137177,-182,24289,0.00,0,1,0.00,0.0,18,51,-981,30,983,0,0.0000000,0.0000000,0.00,0.00,99.99,0,1,21:00:08,00
1137636,-154,24289,0.00,0,1,0.00,0.0,18,49,-983,29,985,0,0.0000000,0.0000000,0.00,0.00,99.99,0,1,21:00:09,00
1138101,-207,24289,0.00,0,1,0.00,0.0,18,52,-983,33,985,0,0.0000000,0.0000000,0.00,0.00,99.99,0,1,21:00:09,00
1138578,-203,24289,0.00,0,1,0.00,0.0,18,54,-982,30,984,0,0.0000000,0.0000000,0.00,0.00,99.99,0,1,21:00:10,00
1139042,-204,24289,0.00,0,1,0.00,0.0,18,51,-983,29,985,0,0.0000000,0.0000000,0.00,0.00,99.99,0,1,21:00:10,00
1139502,-203,24289,0.00,0,1,0.00,0.0,18,50,-982,34,984,0,0.0000000,0.0000000,0.00,0.00,99.99,0,1,21:00:11,00
1139970,-174,24289,0.00,0,1,0.00,0.0,18,39,-984,28,985,0,0.0000000,0.0000000,0.00,0.00,99.99,0,1,21:00:11,00
1140408,-174,24289,0.00,0,1,0.00,0.0,18,50,-982,31,984,0,0.0000000,0.0000000,0.00,0.00,99.99,0,1,21:00:12,00
1140882,-179,24289,0.00,0,1,0.00,0.0,18,59,-981,35,983,0,0.0000000,0.0000000,0.00,0.00,99.99,0,1,21:00:12,00
1141344,-191,24289,0.00,0,1,0.00,0.0,18,43,-984,34,986,0,0.0000000,0.0000000,0.00,0.00,99.99,0,1,21:00:12,00
1141809,-202,24289,0.00,0,1,0.00,0.0,18,38,-986,33,987,0,0.0000000,0.0000000,0.00,0.00,99.99,0,1,21:00:13,00
1142276,-197,24289,0.00,0,1,0.00,0.0,18,54,-982,30,984,0,0.0000000,0.0000000,0.00,0.00,99.99,0,1,21:00:13,00
1142743,-188,24289,0.00,0,1,0.00,0.0,18,55,-983,29,985,0,0.0000000,0.0000000,0.00,0.00,99.99,0,1,21:00:14,00
1143214,-192,24289,0.00,0,1,0.00,0.0,18,47,-983,32,985,0,0.0000000,0.0000000,0.00,0.00,99.99,0,1,21:00:14,00
1143685,-177,24289,0.00,0,1,0.00,0.0,18,52,-983,29,985,0,0.0000000,0.0000000,0.00,0.00,99.99,0,1,21:00:15,00
1144158,-188,24289,0.00,0,1,0.00,0.0,18,52,-982,31,984,0,0.0000000,0.0000000,0.00,0.00,99.99,0,1,21:00:15,00
1144628,-185,24289,0.00,0,1,0.00,0.0,18,55,-981,31,983,0,0.0000000,0.0000000,0.00,0.00,99.99,0,1,21:00:16,00
1145095,-194,24289,0.00,0,1,0.00,0.0,18,51,-983,32,985,0,0.0000000,0.0000000,0.00,0.00,99.99,0,1,21:00:16,00
1145572,-196,24289,0.00,0,1,0.00,0.0,18,50,-983,33,985,0,0.0000000,0.0000000,0.00,0.00,99.99,0,1,21:00:17,00
1146111,-194,24289,0.00,0,1,0.00,0.0,18,47,-985,32,986,0,0.0000000,0.0000000,0.00,0.00,99.99,0,1,21:00:17,00
1146573,-198,24289,0.00,0,1,0.00,0.0,18,64,-980,28,982,0,0.0000000,0.0000000,0.00,0.00,99.99,0,1,21:00:18,00
1147043,-186,24289,0.00,0,1,0.00,0.0,18,57,-982,32,984,0,0.0000000,0.0000000,0.00,0.00,99.99,0,1,21:00:18,00
1147479,-176,24289,0.00,0,1,0.00,0.0,18,48,-983,31,984,0,0.0000000,0.0000000,0.00,0.00,99.99,0,1,21:00:19,00
1147941,-200,24289,0.00,0,1,0.00,0.0,18,47,-983,30,985,0,0.0000000,0.0000000,0.00,0.00,99.99,0,1,21:00:19,00
1148394,-189,24289,0.00,0,1,0.00,0.0,18,49,-983,33,985,0,0.0000000,0.0000000,0.00,0.00,99.99,0,1,21:00:19,00
1148860,-190,24289,0.00,0,1,0.00,0.0,18,56,-982,26,983,0,0.0000000,0.0000000,0.00,0.00,99.99,0,1,21:00:20,00
1149319,-196,24289,0.00,0,1,0.00,0.0,18,54,-982,30,984,0,0.0000000,0.0000000,0.00,0.00,99.99,0,1,21:00:20,00
1149775,-191,24289,0.00,0,1,0.00,0.0,18,56,-982,29,984,0,0.0000000,0.0000000,0.00,0.00,99.99,0,1,21:00:21,00
1150245,-192,24289,0.00,0,1,0.00,0.0,18,113,-975,29,982,0,0.0000000,0.0000000,0.00,0.00,99.99,0,1,21:00:21,00
1150704,-184,24289,0.00,0,1,0.00,0.0,18,197,-831,12,854,0,0.0000000,0.0000000,0.00,0.00,99.99,0,1,21:00:22,00
1151161,-158,24289,0.00,0,1,0.00,0.0,19,89,-978,20,982,0,0.0000000,0.0000000,0.00,0.00,99.99,0,1,21:00:22,00
1151622,-175,24289,0.00,0,1,0.00,0.0,19,58,-982,33,985,0,0.0000000,0.0000000,0.00,0.00,99.99,0,1,21:00:23,00
1152087,-185,24289,0.00,0,1,0.00,0.0,19,63,-981,31,983,0,0.0000000,0.0000000,0.00,0.00,99.99,0,1,21:00:23,00
1152560,-180,24289,0.00,0,1,0.00,0.0,19,57,-983,31,985,0,0.0000000,0.0000000,0.00,0.00,99.99,0,1,21:00:24,00
1153023,-186,24289,0.00,0,1,0.00,0.0,19,58,-981,29,983,0,0.0000000,0.0000000,0.00,0.00,99.99,0,1,21:00:24,00
1153450,-174,24289,0.00,0,1,19.15,200.0,34,50,-983,28,985,0,0.0000000,0.0000000,0.00,0.00,99.99,0,1,21:00:25,00
1153909,-175,24289,0.00,0,1,19.15,200.0,34,56,-982,34,984,0,0.0000000,0.0000000,0.00,0.00,99.99,0,1,21:00:25,00
1154373,-192,24289,0.00,0,1,12.59,131.4,57,57,-981,14,983,0,0.0000000,0.0000000,0.00,0.00,99.99,0,1,21:00:25,00
1154848,-169,24289,0.00,0,1,18.90,197.4,60,54,-987,66,991,0,0.0000000,0.0000000,0.00,0.00,99.99,0,1,21:00:26,00
1155318,-184,24289,0.00,0,1,18.90,197.4,60,32,-984,10,985,0,0.0000000,0.0000000,0.00,0.00,99.99,0,1,21:00:26,00
1155782,-180,24289,0.00,0,1,18.90,197.4,60,50,-984,49,986,0,0.0000000,0.0000000,0.00,0.00,99.99,0,1,21:00:27,00
1156244,-187,24289,0.00,0,1,18.90,197.4,60,57,-982,29,984,0,0.0000000,0.0000000,0.00,0.00,99.99,0,1,21:00:27,00
1156713,-196,24289,0.00,0,1,18.90,197.4,61,55,-982,35,984,0,0.0000000,0.0000000,0.00,0.00,99.99,0,1,21:00:28,00
1157190,-160,24289,0.00,0,1,14.18,148.1,78,54,-982,30,984,0,0.0000000,0.0000000,0.00,0.00,99.99,0,1,21:00:28,00
1157658,-158,24289,0.00,0,1,25.53,266.7,86,49,-983,34,985,0,0.0000000,0.0000000,0.00,0.00,99.99,0,1,21:00:29,00
1158127,-164,24289,0.00,0,1,25.53,266.7,86,57,-982,31,984,0,0.0000000,0.0000000,0.00,0.00,99.99,0,1,21:00:29,00
1158591,-165,24289,0.00,0,1,25.53,266.7,86,58,-981,30,983,0,0.0000000,0.0000000,0.00,0.00,99.99,0,1,21:00:30,00
1159066,-160,24289,0.00,0,1,25.53,266.7,86,49,-983,34,985,0,0.0000000,0.0000000,0.00,0.00,99.99,0,1,21:00:30,00
1159518,-175,24289,0.00,0,1,0.00,0.0,86,57,-981,31,983,0,0.0000000,0.0000000,0.00,0.00,99.99,0,1,21:00:31,00
1159988,-177,24289,0.00,0,1,0.00,0.0,86,61,-982,30,984,0,0.0000000,0.0000000,0.00,0.00,99.99,0,1,21:00:31,00
1160430,-168,24289,0.00,0,1,0.00,0.0,86,50,-984,28,985,0,0.0000000,0.0000000,0.00,0.00,99.99,0,1,21:00:32,00
1160977,-180,24289,0.00,0,1,34.22,357.3,90,54,-983,27,985,0,0.0000000,0.0000000,0.00,0.00,99.99,0,1,21:00:32,00
1161417,-150,24289,0.00,0,1,15.99,167.0,107,57,-982,32,984,0,0.0000000,0.0000000,0.00,0.00,99.99,0,1,21:00:33,00
1161879,-173,24289,0.00,0,1,41.63,434.8,115,55,-982,31,984,0,0.0000000,0.0000000,0.00,0.00,99.99,0,1,21:00:33,00
1162335,-161,24289,0.00,0,1,41.63,434.8,115,56,-982,29,984,0,0.0000000,0.0000000,0.00,0.00,99.99,0,1,21:00:33,00
1162800,-183,24289,0.00,0,1,10.15,106.0,142,54,-983,26,985,0,0.0000000,0.0000000,0.00,0.00,99.99,0,1,21:00:34,00
1163271,-176,24289,0.00,0,1,22.05,230.2,157,67,-980,37,983,0,0.0000000,0.0000000,0.00,0.00,99.99,0,1,21:00:34,00
1163729,-170,24289,0.00,0,1,7.99,83.4,167,52,-982,38,984,0,0.0000000,0.0000000,0.00,0.00,99.99,0,1,21:00:35,00
1164198,-163,24289,0.00,0,1,45.48,475.0,186,53,-982,24,984,0,0.0000000,0.0000000,0.00,0.00,99.99,0,1,21:00:35,00
1164669,-170,24289,0.00,0,1,2.03,21.2,189,59,-982,32,984,0,0.0000000,0.0000000,0.00,0.00,99.99,0,1,21:00:36,00
1165142,-174,24289,0.00,0,1,15.96,166.7,194,52,-985,43,987,0,0.0000000,0.0000000,0.00,0.00,99.99,0,1,21:00:36,00
1165604,-168,24289,0.00,0,1,5.22,54.5,203,46,-984,12,985,0,0.0000000,0.0000000,0.00,0.00,99.99,0,1,21:00:37,00
1166066,-177,24289,0.00,0,1,31.29,326.8,233,55,-982,34,985,0,0.0000000,0.0000000,0.00,0.00,99.99,0,1,21:00:37,00
1166531,-175,24289,0.00,0,1,37.40,390.6,248,63,-981,32,983,0,0.0000000,0.0000000,0.00,0.00,99.99,0,1,21:00:38,00
1166994,-176,24289,0.00,0,1,37.40,390.6,248,71,-979,34,982,0,0.0000000,0.0000000,0.00,0.00,99.99,0,1,21:00:38,00
1167421,-156,24289,0.00,0,1,37.40,390.6,248,45,-984,38,986,0,0.0000000,0.0000000,0.00,0.00,99.99,0,1,21:00:39,00
1167881,-156,24289,0.00,0,1,37.40,390.6,248,58,-981,28,983,0,0.0000000,0.0000000,0.00,0.00,99.99,0,1,21:00:39,00
1168342,-159,24289,0.00,0,1,1.38,14.4,254,57,-984,33,986,0,0.0000000,0.0000000,0.00,0.00,99.99,0,1,21:00:39,00
1168802,-156,24289,0.00,0,1,31.22,326.1,260,59,-982,35,984,0,0.0000000,0.0000000,0.00,0.00,99.99,0,1,21:00:40,00
1169266,-162,24289,0.00,0,1,3.63,37.9,266,66,-979,38,982,0,0.0000000,0.0000000,0.00,0.00,99.99,0,1,21:00:40,00
1169730,-181,24289,0.00,0,1,9.91,103.5,276,53,-983,33,985,0,0.0000000,0.0000000,0.00,0.00,99.99,0,1,21:00:41,00
1170190,-190,24289,0.00,0,1,7.60,79.4,282,55,-981,25,983,0,0.0000000,0.0000000,0.00,0.00,99.99,0,1,21:00:41,00
1170654,-190,24289,0.00,0,1,6.04,63.1,289,50,-983,36,985,0,0.0000000,0.0000000,0.00,0.00,99.99,0,1,21:00:42,00
1171119,-162,24289,0.00,0,1,4.42,46.2,293,64,-980,28,983,0,0.0000000,0.0000000,0.00,0.00,99.99,0,1,21:00:42,00
1171587,-169,24289,0.00,0,1,4.42,46.2,293,61,-981,25,983,0,0.0000000,0.0000000,0.00,0.00,99.99,0,1,21:00:43,00
1172058,-180,24289,0.00,0,1,4.42,46.2,293,48,-984,39,986,0,0.0000000,0.0000000,0.00,0.00,99.99,0,1,21:00:43,00
1172528,-168,24289,0.00,0,1,2.05,21.4,298,65,-981,30,983,0,0.0000000,0.0000000,0.00,0.00,99.99,0,1,21:00:44,00
1173002,-157,24289,0.00,0,1,2.05,21.4,298,46,-982,31,984,0,0.0000000,0.0000000,0.00,0.00,99.99,0,1,21:00:44,00
1173437,-152,24289,0.00,0,1,2.05,21.4,298,55,-982,31,984,0,0.0000000,0.0000000,0.00,0.00,99.99,0,1,21:00:45,00
1173906,-153,24289,0.00,0,1,2.05,21.4,298,51,-984,34,986,0,0.0000000,0.0000000,0.00,0.00,99.99,0,1,21:00:45,00
1174374,-150,24289,0.00,0,1,2.02,21.1,307,60,-979,29,982,0,0.0000000,0.0000000,0.00,0.00,99.99,0,1,21:00:45,00
1174845,-192,24289,0.00,0,1,12.52,130.7,319,51,-983,29,984,0,0.0000000,0.0000000,0.00,0.00,99.99,0,1,21:00:46,00
1175312,-198,24289,0.00,0,1,23.55,245.9,328,58,-983,34,985,0,0.0000000,0.0000000,0.00,0.00,99.99,0,1,21:00:46,00
1175851,-191,24289,0.00,0,1,23.55,245.9,328,52,-983,34,985,0,0.0000000,0.0000000,0.00,0.00,99.99,0,1,21:00:47,00
1176315,-198,24289,0.00,0,1,23.55,245.9,328,53,-982,25,984,0,0.0000000,0.0000000,0.00,0.00,99.99,0,1,21:00:47,00
1176774,-174,24289,0.00,0,1,23.55,245.9,328,55,-982,38,984,0,0.0000000,0.0000000,0.00,0.00,99.99,0,1,21:00:48,00
1177226,-165,24289,0.00,0,1,0.00,0.0,328,40,-990,65,993,0,0.0000000,0.0000000,0.00,0.00,99.99,0,1,21:00:48,00
1177682,-163,24289,0.00,0,1,0.00,0.0,328,50,-982,20,983,0,0.0000000,0.0000000,0.00,0.00,99.99,0,1,21:00:49,00
1178147,-168,24289,0.00,0,1,0.00,0.0,328,53,-983,36,985,0,0.0000000,0.0000000,0.00,0.00,99.99,0,1,21:00:49,00
1178605,-175,24289,0.00,0,1,0.00,0.0,328,57,-982,30,984,0,0.0000000,0.0000000,0.00,0.00,99.99,0,1,21:00:50,00
1179073,-180,24289,0.00,0,1,2.80,29.2,330,43,-983,28,984,0,0.0000000,0.0000000,0.00,0.00,99.99,0,1,21:00:50,00
1179519,-165,24289,0.00,0,1,1.05,11.0,331,59,-981,38,984,0,0.0000000,0.0000000,0.00,0.00,99.99,0,1,21:00:51,00
1179976,-170,24289,0.00,0,1,1.05,11.0,331,55,-983,31,985,0,0.0000000,0.0000000,0.00,0.00,99.99,0,1,21:00:51,00
1180414,-179,24289,0.00,0,1,1.05,11.0,331,57,-981,34,983,0,0.0000000,0.0000000,0.00,0.00,99.99,0,1,21:00:52,00
1180880,-180,24289,0.00,0,1,1.05,11.0,331,58,-982,36,985,0,0.0000000,0.0000000,0.00,0.00,99.99,0,1,21:00:52,00
1181341,-164,24289,0.00,0,1,1.05,11.0,331,60,-981,23,983,0,0.0000000,0.0000000,0.00,0.00,99.99,0,1,21:00:52,00
1181803,-184,24289,0.00,0,1,0.00,0.0,331,53,-983,35,985,0,0.0000000,0.0000000,0.00,0.00,99.99,0,1,21:00:53,00
1182268,-190,24289,0.00,0,1,0.00,0.0,331,56,-982,31,984,0,0.0000000,0.0000000,0.00,0.00,99.99,0,1,21:00:53,00
1182738,-187,24289,0.00,0,1,0.00,0.0,331,51,-984,40,986,0,0.0000000,0.0000000,0.00,0.00,99.99,0,1,21:00:54,00
1183198,-197,24289,0.00,0,1,0.00,0.0,331,59,-981,30,983,0,0.0000000,0.0000000,0.00,0.00,99.99,0,1,21:00:54,00
1183665,-197,24289,0.00,0,1,0.00,0.0,331,55,-981,33,983,0,0.0000000,0.0000000,0.00,0.00,99.99,0,1,21:00:55,00
1184139,-190,24289,0.00,0,1,0.00,0.0,331,56,-981,37,984,0,0.0000000,0.0000000,0.00,0.00,99.99,0,1,21:00:55,00
1184604,-190,24289,0.00,0,1,0.00,0.0,331,55,-981,33,983,0,0.0000000,0.0000000,0.00,0.00,99.99,0,1,21:00:56,00
1185069,-198,24289,0.00,0,1,0.00,0.0,331,54,-983,32,985,0,0.0000000,0.0000000,0.00,0.00,99.99,0,1,21:00:56,00
1185534,-189,24289,0.00,0,1,27.10,283.0,350,65,-981,21,984,0,0.0000000,0.0000000,0.00,0.00,99.99,0,1,21:00:57,00
1186002,-184,24289,0.00,0,1,21.70,226.7,367,58,-982,36,984,0,0.0000000,0.0000000,0.00,0.00,99.99,0,1,21:00:57,00
1186434,-163,24289,0.00,0,1,12.97,135.4,381,60,-979,35,982,0,0.0000000,0.0000000,0.00,0.00,99.99,0,1,21:00:58,00
1186903,-176,24289,0.00,0,1,28.22,294.7,409,49,-983,33,985,0,0.0000000,0.0000000,0.00,0.00,99.99,0,1,21:00:58,00
1187369,-177,24289,0.00,0,1,20.16,210.5,429,56,-982,36,985,0,0.0000000,0.0000000,0.00,0.00,99.99,0,1,21:00:58,00
1187838,-164,24289,0.00,0,1,17.43,182.0,446,54,-983,36,985,0,0.0000000,0.0000000,0.00,0.00,99.99,0,1,21:00:59,00
1188305,-184,24289,0.00,0,1,26.00,271.5,470,56,-981,31,983,0,0.0000000,0.0000000,0.00,0.00,99.99,0,1,21:00:59,00
1188775,-176,24289,0.00,0,1,26.00,271.5,470,57,-981,35,983,0,0.0000000,0.0000000,0.00,0.00,99.99,0,1,21:01:00,00
1189242,-177,24289,0.00,0,1,2.77,28.9,474,57,-982,30,984,0,0.0000000,0.0000000,0.00,0.00,99.99,0,1,21:01:00,00
1189718,-165,24289,0.00,0,1,3.33,34.8,479,50,-983,37,985,0,0.0000000,0.0000000,0.00,0.00,99.99,0,1,21:01:01,00
1190189,-178,24289,0.00,0,1,1.30,13.6,480,53,-982,31,984,0,0.0000000,0.0000000,0.00,0.00,99.99,0,1,21:01:01,00
1190732,-170,24289,0.00,0,1,1.20,12.5,481,54,-982,33,984,0,0.0000000,0.0000000,0.00,0.00,99.99,0,1,21:01:02,00
1191195,-171,24289,0.00,0,1,4.27,44.5,485,53,-982,31,984,0,0.0000000,0.0000000,0.00,0.00,99.99,0,1,21:01:02,00
1191646,-161,24289,0.00,0,1,0.74,7.7,486,55,-982,30,984,0,0.0000000,0.0000000,0.00,0.00,99.99,0,1,21:01:03,00
1192108,-182,24289,0.00,0,1,0.74,7.7,486,63,-980,29,983,0,0.0000000,0.0000000,0.00,0.00,99.99,0,1,21:01:03,00
1192564,-161,24289,0.00,0,1,4.27,44.6,495,56,-982,28,984,0,0.0000000,0.0000000,0.00,0.00,99.99,0,1,21:01:04,00
1193026,-163,24289,0.00,0,1,53.20,555.6,496,62,-980,29,982,0,0.0000000,0.0000000,0.00,0.00,99.99,0,1,21:01:04,00
1193455,-167,24289,0.00,0,1,4.79,50.0,505,49,-983,32,985,0,0.0000000,0.0000000,0.00,0.00,99.99,0,1,21:01:05,00
1193915,-166,24289,0.00,0,1,2.74,28.6,507,57,-983,31,985,0,0.0000000,0.0000000,0.00,0.00,99.99,0,1,21:01:05,00
1194378,-171,24289,0.00,0,1,2.74,28.6,507,57,-982,31,984,0,0.0000000,0.0000000,0.00,0.00,99.99,0,1,21:01:05,00
1194840,-162,24289,0.00,0,1,8.47,88.5,525,61,-982,24,984,0,0.0000000,0.0000000,0.00,0.00,99.99,0,1,21:01:06,00
1195304,-162,24289,0.00,0,1,26.00,271.5,549,58,-982,35,985,0,0.0000000,0.0000000,0.00,0.00,99.99,0,1,21:01:06,00
1195773,-169,24289,0.00,0,1,11.72,122.4,558,57,-982,34,984,0,0.0000000,0.0000000,0.00,0.00,99.99,0,1,21:01:07,00
1196249,-183,24289,0.00,0,1,0.81,8.5,559,54,-984,34,986,0,0.0000000,0.0000000,0.00,0.00,99.99,0,1,21:01:07,00
1196718,-202,24289,0.00,0,1,38.94,406.7,576,56,-981,36,983,0,0.0000000,0.0000000,0.00,0.00,99.99,0,1,21:01:08,00
1197186,-169,24289,0.00,0,1,5.87,61.3,585,52,-983,30,985,0,0.0000000,0.0000000,0.00,0.00,99.99,0,1,21:01:08,00
1197657,-155,24289,0.00,0,1,13.10,136.8,598,58,-982,31,984,0,0.0000000,0.0000000,0.00,0.00,99.99,0,1,21:01:09,00
1198132,-161,24289,0.00,0,1,26.71,279.0,624,50,-983,39,985,0,0.0000000,0.0000000,0.00,0.00,99.99,0,1,21:01:09,00
1198598,-182,24289,0.00,0,1,29.67,309.8,653,51,-983,28,985,0,0.0000000,0.0000000,0.00,0.00,99.99,0,1,21:01:10,00
1199075,-192,24289,0.00,0,1,5.62,58.7,657,61,-981,32,983,0,0.0000000,0.0000000,0.00,0.00,99.99,0,1,21:01:10,00
1199545,-187,24289,0.00,0,1,5.62,58.7,657,152,-967,28,979,0,0.0000000,0.0000000,0.00,0.00,99.99,0,1,21:01:11,00
1200018,-200,24289,0.00,0,1,5.62,58.7,657,30,-984,28,985,0,0.0000000,0.0000000,0.00,0.00,99.99,0,1,21:01:11,00
1200475,-163,24289,0.00,0,1,5.62,58.7,657,96,-972,26,977,0,0.0000000,0.0000000,0.00,0.00,99.99,0,1,21:01:12,00
1200944,-173,24289,0.00,0,1,0.00,0.0,657,52,-977,16,978,0,0.0000000,0.0000000,0.00,0.00,99.99,0,1,21:01:12,00
1201389,-177,24289,0.00,0,1,0.00,0.0,657,-108,-964,16,971,0,0.0000000,0.0000000,0.00,0.00,99.99,0,1,21:01:12,00
1201857,-202,24289,0.00,0,1,0.00,0.0,657,49,-980,24,982,0,0.0000000,0.0000000,0.00,0.00,99.99,0,1,21:01:13,00
1202330,-189,24289,0.00,0,1,0.00,0.0,657,48,-981,13,982,0,0.0000000,0.0000000,0.00,0.00,99.99,0,1,21:01:13,00
1202801,-183,24289,0.00,0,1,0.00,0.0,657,43,-989,33,991,0,0.0000000,0.0000000,0.00,0.00,99.99,0,1,21:01:14,00
1203268,-206,24289,0.00,0,1,0.00,0.0,657,60,-981,38,984,0,0.0000000,0.0000000,0.00,0.00,99.99,0,1,21:01:14,00
1203739,-203,24289,0.00,0,1,0.00,0.0,657,51,-982,27,983,0,0.0000000,0.0000000,0.00,0.00,99.99,0,1,21:01:15,00
1204208,-185,24289,0.00,0,1,0.00,0.0,657,48,-983,35,984,0,0.0000000,0.0000000,0.00,0.00,99.99,0,1,21:01:15,00
1204680,-186,24289,0.00,0,1,0.00,0.0,657,53,-982,30,984,0,0.0000000,0.0000000,0.00,0.00,99.99,0,1,21:01:16,00
1205151,-200,24289,0.00,0,1,0.00,0.0,657,51,-983,30,985,0,0.0000000,0.0000000,0.00,0.00,99.99,0,1,21:01:16,00
1205691,-198,24289,0.00,0,1,0.00,0.0,657,59,-981,45,984,0,0.0000000,0.0000000,0.00,0.00,99.99,0,1,21:01:17,00
1206161,-193,24289,0.00,0,1,0.00,0.0,657,47,-983,36,985,0,0.0000000,0.0000000,0.00,0.00,99.99,0,1,21:01:17,00
1206630,-194,24289,0.00,0,1,0.00,0.0,657,57,-981,32,983,0,0.0000000,0.0000000,0.00,0.00,99.99,0,1,21:01:18,00
1207100,-191,24289,0.00,0,1,0.00,0.0,657,53,-982,32,984,0,0.0000000,0.0000000,0.00,0.00,99.99,0,1,21:01:18,00
1207564,-187,24289,0.00,0,1,0.00,0.0,657,49,-983,35,984,0,0.0000000,0.0000000,0.00,0.00,99.99,0,1,21:01:19,00
1208026,-202,24289,0.00,0,1,0.00,0.0,657,50,-981,34,983,0,0.0000000,0.0000000,0.00,0.00,99.99,0,1,21:01:19,00
1208479,-197,24289,0.00,0,1,0.00,0.0,657,53,-981,36,983,0,0.0000000,0.0000000,0.00,0.00,99.99,0,1,21:01:20,00
1208938,-184,24289,0.00,0,1,0.00,0.0,657,51,-983,32,985,0,0.0000000,0.0000000,0.00,0.00,99.99,0,1,21:01:20,00
1209381,-188,24289,0.00,0,1,0.00,0.0,657,51,-982,34,984,0,0.0000000,0.0000000,0.00,0.00,99.99,0,1,21:01:20,00
1209844,-191,24289,0.00,0,1,0.00,0.0,657,50,-982,36,984,0,0.0000000,0.0000000,0.00,0.00,99.99,0,1,21:01:21,00
1210314,-201,24289,0.00,0,1,0.00,0.0,657,54,-983,36,985,0,0.0000000,0.0000000,0.00,0.00,99.99,0,1,21:01:21,00
1210786,-181,24289,0.00,0,1,0.00,0.0,657,53,-981,32,983,0,0.0000000,0.0000000,0.00,0.00,99.99,0,1,21:01:22,00
1211258,-176,24289,0.00,0,1,0.00,0.0,657,49,-983,36,984,0,0.0000000,0.0000000,0.00,0.00,99.99,0,1,21:01:22,00
1211729,-192,24289,0.00,0,1,0.00,0.0,657,52,-982,27,984,0,0.0000000,0.0000000,0.00,0.00,99.99,0,1,21:01:23,00
1212197,-194,24289,0.00,0,1,0.00,0.0,657,50,-982,33,984,0,0.0000000,0.0000000,0.00,0.00,99.99,0,1,21:01:23,00
1212666,-194,24289,0.00,0,1,0.00,0.0,657,50,-982,33,984,0,0.0000000,0.0000000,0.00,0.00,99.99,0,1,21:01:24,00
1213140,-194,24289,0.00,0,1,0.00,0.0,657,51,-983,32,985,0,0.0000000,0.0000000,0.00,0.00,99.99,0,1,21:01:24,00
1213609,-208,24289,0.00,0,1,0.00,0.0,657,50,-982,30,984,0,0.0000000,0.0000000,0.00,0.00,99.99,0,1,21:01:25,00
1214078,-186,24289,0.00,0,1,0.00,0.0,657,50,-984,36,986,0,0.0000000,0.0000000,0.00,0.00,99.99,0,1,21:01:25,00
1214543,-190,24289,0.00,0,1,0.00,0.0,657,53,-982,31,984,0,0.0000000,0.0000000,0.00,0.00,99.99,0,1,21:01:26,00
1215015,-198,24289,0.00,0,1,0.00,0.0,657,41,-985,34,987,0,0.0000000,0.0000000,0.00,0.00,99.99,0,1,21:01:26,00
1215463,-195,24289,0.00,0,1,0.00,0.0,657,53,-982,34,984,0,0.0000000,0.0000000,0.00,0.00,99.99,0,1,21:01:27,00
1215937,-201,24289,0.00,0,1,0.00,0.0,657,58,-979,23,981,0,0.0000000,0.0000000,0.00,0.00,99.99,0,1,21:01:27,00
1216390,-200,24289,0.00,0,1,0.00,0.0,657,50,-982,27,984,0,0.0000000,0.0000000,0.00,0.00,99.99,0,1,21:01:27,00
1216859,-205,24289,0.00,0,1,0.00,0.0,657,47,-981,32,983,0,0.0000000,0.0000000,0.00,0.00,99.99,0,1,21:01:28,00
1217331,-214,24289,0.00,0,1,0.00,0.0,657,50,-982,34,984,0,0.0000000,0.0000000,0.00,0.00,99.99,0,1,21:01:28,00
1217806,-170,24289,0.00,0,1,0.00,0.0,657,50,-982,31,984,0,0.0000000,0.0000000,0.00,0.00,99.99,0,1,21:01:29,00
1218280,-176,24289,0.00,0,1,0.00,0.0,657,51,-983,33,985,0,0.0000000,0.0000000,0.00,0.00,99.99,0,1,21:01:29,00
1218749,-173,24289,0.00,0,1,0.00,0.0,657,51,-983,32,985,0,0.0000000,0.0000000,0.00,0.00,99.99,0,1,21:01:30,00
1219227,-179,24289,0.00,0,1,0.00,0.0,657,48,-983,30,985,0,0.0000000,0.0000000,0.00,0.00,99.99,0,1,21:01:30,00
1219699,-182,24289,0.00,0,1,0.00,0.0,657,58,-979,36,981,0,0.0000000,0.0000000,0.00,0.00,99.99,0,1,21:01:31,00
1220174,-194,24289,0.00,0,1,0.00,0.0,657,48,-982,32,984,0,0.0000000,0.0000000,0.00,0.00,99.99,0,1,21:01:31,00
1220716,-191,24289,0.00,0,1,0.00,0.0,657,56,-981,34,983,0,0.0000000,0.0000000,0.00,0.00,99.99,0,1,21:01:32,00
1221176,-192,24289,0.00,0,1,0.00,0.0,657,49,-983,67,987,0,0.0000000,0.0000000,0.00,0.00,99.99,0,1,21:01:32,00
1221642,-203,24289,0.00,0,1,0.00,0.0,657,63,-978,32,981,0,0.0000000,0.0000000,0.00,0.00,99.99,0,1,21:01:33,00
1222108,-175,24289,0.00,0,1,0.00,0.0,657,49,-982,37,984,0,0.0000000,0.0000000,0.00,0.00,99.99,0,1,21:01:33,00
1222578,-205,24289,0.00,0,1,0.00,0.0,657,51,-983,36,985,0,0.0000000,0.0000000,0.00,0.00,99.99,0,1,21:01:34,00
1223048,-209,24289,0.00,0,1,0.00,0.0,657,50,-983,31,985,0,0.0000000,0.0000000,0.00,0.00,99.99,0,1,21:01:34,00
1223519,-195,24289,0.00,0,1,0.00,0.0,657,44,-982,28,983,0,0.0000000,0.0000000,0.00,0.00,99.99,0,1,21:01:35,00
1223986,-197,24289,0.00,0,1,0.00,0.0,657,34,-986,37,987,0,0.0000000,0.0000000,0.00,0.00,99.99,0,1,21:01:35,00
1224414,-187,24289,0.00,0,1,0.00,0.0,657,46,-983,36,985,0,0.0000000,0.0000000,0.00,0.00,99.99,0,1,21:01:35,00
1224886,-184,24289,0.00,0,1,0.00,0.0,657,52,-981,30,983,0,0.0000000,0.0000000,0.00,0.00,99.99,0,1,21:01:36,00
1225354,-186,24289,0.00,0,1,0.00,0.0,657,52,-982,35,984,0,0.0000000,0.0000000,0.00,0.00,99.99,0,1,21:01:36,00
1225829,-189,24289,0.00,0,1,0.00,0.0,657,48,-984,39,986,0,0.0000000,0.0000000,0.00,0.00,99.99,0,1,21:01:37,00
1226298,-185,24289,0.00,0,1,0.00,0.0,657,48,-982,33,984,0,0.0000000,0.0000000,0.00,0.00,99.99,0,1,21:01:37,00
1226761,-203,24289,0.00,0,1,0.00,0.0,657,50,-983,32,984,0,0.0000000,0.0000000,0.00,0.00,99.99,0,1,21:01:38,00
1227240,-210,24289,0.00,0,1,0.00,0.0,657,49,-982,40,984,0,0.0000000,0.0000000,0.00,0.00,99.99,0,1,21:01:38,00
1227723,-207,24289,0.00,0,1,0.00,0.0,657,51,-982,33,984,0,0.0000000,0.0000000,0.00,0.00,99.99,0,1,21:01:39,00
1228195,-190,24289,0.00,0,1,0.00,0.0,657,50,-983,31,984,0,0.0000000,0.0000000,0.00,0.00,99.99,0,1,21:01:39,00
1228667,-192,24289,0.00,0,1,0.00,0.0,657,51,-983,35,985,0,0.0000000,0.0000000,0.00,0.00,99.99,0,1,21:01:40,00
1229141,-177,24289,0.00,0,1,0.00,0.0,657,52,-982,37,984,0,0.0000000,0.0000000,0.00,0.00,99.99,0,1,21:01:40,00
1229618,-197,24289,0.00,0,1,0.00,0.0,657,50,-982,29,984,0,0.0000000,0.0000000,0.00,0.00,99.99,0,1,21:01:41,00
1230100,-190,24289,0.00,0,1,0.00,0.0,657,55,-983,38,985,0,0.0000000,0.0000000,0.00,0.00,99.99,0,1,21:01:41,00
1230578,-212,24289,0.00,0,1,0.00,0.0,657,51,-982,35,984,0,0.0000000,0.0000000,0.00,0.00,99.99,0,1,21:01:42,00
1231063,-211,24289,0.00,0,1,0.00,0.0,657,50,-983,35,985,0,0.0000000,0.0000000,0.00,0.00,99.99,0,1,21:01:42,00
1231548,-204,24289,0.00,0,1,0.00,0.0,657,48,-983,34,984,0,0.0000000,0.0000000,0.00,0.00,99.99,0,1,21:01:43,00
1232036,-187,24289,0.00,0,1,0.00,0.0,657,55,-978,31,981,0,0.0000000,0.0000000,0.00,0.00,99.99,0,1,21:01:43,00
1232499,-193,24289,0.00,0,1,0.00,0.0,657,48,-983,31,984,0,0.0000000,0.0000000,0.00,0.00,99.99,0,1,21:01:44,00
1232975,-200,24289,0.00,0,1,0.00,0.0,657,48,-981,36,983,0,0.0000000,0.0000000,0.00,0.00,99.99,0,1,21:01:44,00
1233422,-189,24289,0.00,0,1,0.00,0.0,657,50,-981,32,983,0,0.0000000,0.0000000,0.00,0.00,99.99,0,1,21:01:45,00
1233899,-210,24289,0.00,0,1,0.00,0.0,657,48,-983,32,984,0,0.0000000,0.0000000,0.00,0.00,99.99,0,1,21:01:45,00
1234365,-172,24289,0.00,0,1,0.00,0.0,657,53,-982,36,984,0,0.0000000,0.0000000,0.00,0.00,99.99,0,1,21:01:45,00
1234846,-178,24289,0.00,0,1,0.00,0.0,657,55,-982,35,985,0,0.0000000,0.0000000,0.00,0.00,99.99,0,1,21:01:46,00
1235323,-172,24289,0.00,0,1,0.00,0.0,657,57,-981,44,984,0,0.0000000,0.0000000,0.00,0.00,99.99,0,1,21:01:46,00
1235883,-210,24289,0.00,0,1,0.00,0.0,657,56,-982,31,984,0,0.0000000,0.0000000,0.00,0.00,99.99,0,1,21:01:47,00
1236348,-211,24289,0.00,0,1,0.00,0.0,657,44,-985,37,987,0,0.0000000,0.0000000,0.00,0.00,99.99,0,1,21:01:47,00
1236826,-207,24289,0.00,0,1,0.00,0.0,657,51,-982,26,983,0,0.0000000,0.0000000,0.00,0.00,99.99,0,1,21:01:48,00
1237302,-185,24289,0.00,0,1,0.00,0.0,657,49,-983,30,984,0,0.0000000,0.0000000,0.00,0.00,99.99,0,1,21:01:48,00
1237775,-176,24289,0.00,0,1,0.00,0.0,657,53,-978,32,980,0,0.0000000,0.0000000,0.00,0.00,99.99,0,1,21:01:49,00
1238258,-201,24289,0.00,0,1,0.00,0.0,657,55,-980,25,981,0,0.0000000,0.0000000,0.00,0.00,99.99,0,1,21:01:49,00
1238729,-182,24289,0.00,0,1,0.00,0.0,657,56,-981,37,983,0,0.0000000,0.0000000,0.00,0.00,99.99,0,1,21:01:50,00
1239217,-189,24289,0.00,0,1,0.00,0.0,657,51,-982,35,984,0,0.0000000,0.0000000,0.00,0.00,99.99,0,1,21:01:50,00
1239702,-200,24289,0.00,0,1,0.00,0.0,657,50,-980,33,982,0,0.0000000,0.0000000,0.00,0.00,99.99,0,1,21:01:51,00
1240186,-199,24289,0.00,0,1,0.00,0.0,657,49,-984,38,986,0,0.0000000,0.0000000,0.00,0.00,99.99,0,1,21:01:51,00
1240657,-181,24289,0.00,0,1,0.00,0.0,657,52,-983,30,985,0,0.0000000,0.0000000,0.00,0.00,99.99,0,1,21:01:52,00
1241128,-180,24289,0.00,0,1,0.00,0.0,657,49,-982,39,984,0,0.0000000,0.0000000,0.00,0.00,99.99,0,1,21:01:52,00
1241613,-194,24289,0.00,0,1,0.00,0.0,657,42,-987,37,988,0,0.0000000,0.0000000,0.00,0.00,99.99,0,1,21:01:53,00
1242094,-193,24289,0.00,0,1,0.00,0.0,657,61,-981,32,983,0,0.0000000,0.0000000,0.00,0.00,99.99,0,1,21:01:53,00
