timestamp_ms,current_mA,voltage_mV,temperature_C,temperature_valid,wheel_speed_valid,wheel_speed_kmph,wheel_rpm,wheel_spoke_count,ax_x100,ay_x100,az_x100,amag_x100,gps_location_valid,gps_lat,gps_long,gps_alt_m,gps_speed_kmph,gps_hdop,gps_sats,gps_time_valid,gps_time_utc,gps_centisecond
29196,-22,24289,15.21,1,1,7.75,81.0,437,82,-980,48,984,1,46.3719828,-70.9427793,187.70,0.07,0.64,12,1,19:26:17,00
29653,-23,24289,15.20,1,1,4.85,50.6,441,79,-980,48,985,1,46.3719828,-70.9427793,187.70,0.07,0.64,12,1,19:26:17,00
30117,-24,24289,15.19,1,1,4.90,51.1,446,79,-978,43,982,1,46.3719823,-70.9427797,187.80,0.06,0.64,12,1,19:26:18,00
30576,-26,24289,15.14,1,1,3.29,34.4,449,81,-979,42,983,1,46.3719823,-70.9427797,187.80,0.06,0.64,12,1,19:26:18,00
31034,-31,24289,15.19,1,1,4.29,44.8,453,81,-980,48,984,1,46.3719820,-70.9427805,187.80,0.04,0.62,12,1,19:26:19,00
31493,-30,24289,15.15,1,1,3.99,41.7,457,79,-980,34,983,1,46.3719820,-70.9427805,187.80,0.04,0.62,12,1,19:26:19,00
31948,-43,24289,15.23,1,1,3.85,40.2,461,80,-980,45,984,1,46.3719817,-70.9427815,187.80,0.00,0.62,12,1,19:26:20,00
32415,-23,24289,15.26,1,1,3.41,35.6,464,79,-980,44,984,1,46.3719817,-70.9427815,187.70,0.00,0.62,12,1,19:26:20,00
32874,-32,24289,15.25,1,1,3.17,33.1,467,80,-979,46,983,1,46.3719817,-70.9427815,187.70,0.00,0.62,12,1,19:26:20,00
33330,-19,24289,15.20,1,1,3.07,32.1,470,79,-980,50,984,1,46.3719810,-70.9427818,187.70,0.02,0.62,12,1,19:26:21,00
33793,-31,24289,15.20,1,1,2.85,29.8,473,81,-978,39,982,1,46.3719810,-70.9427818,187.70,0.02,0.62,12,1,19:26:21,00
34254,-17,24289,15.25,1,1,2.32,24.3,475,77,-980,66,985,1,46.3719805,-70.9427820,187.70,0.06,0.62,12,1,19:26:22,00
34787,-17,24289,15.19,1,1,1.67,17.5,477,83,-980,65,986,1,46.3719805,-70.9427820,187.70,0.06,0.62,12,1,19:26:22,00
35239,0,24289,15.32,1,1,3.11,32.5,480,105,-968,23,974,1,46.3719803,-70.9427827,187.70,0.09,0.62,12,1,19:26:23,00
35688,-30,24289,15.25,1,1,2.80,29.2,482,82,-978,26,981,1,46.3719803,-70.9427827,187.70,0.09,0.62,12,1,19:26:23,00
36144,-32,24289,15.29,1,1,1.72,18.0,484,84,-978,69,984,1,46.3719803,-70.9427827,187.70,0.09,0.62,12,1,19:26:23,00
36597,-32,24289,15.16,1,1,2.46,25.6,486,83,-981,58,986,1,46.3719798,-70.9427832,187.60,0.43,0.64,12,1,19:26:24,00
37051,-43,24289,15.27,1,1,2.35,24.6,488,83,-980,53,985,1,46.3719798,-70.9427832,187.60,0.43,0.64,12,1,19:26:24,00
37499,-37,24289,15.22,1,1,2.14,22.3,490,80,-979,47,983,1,46.3719780,-70.9427847,187.30,1.04,0.62,12,1,19:26:25,00
37949,-20,24289,15.21,1,1,2.13,22.2,492,81,-979,44,983,1,46.3719780,-70.9427847,187.30,1.04,0.62,12,1,19:26:25,00
38406,-38,24289,15.23,1,1,1.76,18.3,494,82,-980,48,984,1,46.3719768,-70.9427848,187.30,0.43,0.62,12,1,19:26:26,00
38857,-42,24289,15.19,1,1,1.32,13.8,495,81,-980,43,985,1,46.3719768,-70.9427848,187.30,0.43,0.62,12,1,19:26:26,00
39309,-43,24289,15.21,1,1,1.69,17.7,496,79,-981,51,985,1,46.3719768,-70.9427848,187.30,0.43,0.62,12,1,19:26:26,00
39758,-46,24289,15.26,1,1,1.35,14.1,498,81,-980,49,984,1,46.3719770,-70.9427847,187.30,0.19,0.62,12,1,19:26:27,00
40213,-30,24289,15.23,1,1,1.24,13.0,499,80,-978,46,983,1,46.3719770,-70.9427847,187.30,0.19,0.62,12,1,19:26:27,00
40673,-34,24289,15.18,1,1,1.08,11.2,500,83,-979,55,984,1,46.3719778,-70.9427848,187.30,0.44,0.62,12,1,19:26:28,00
41125,-51,24289,15.16,1,1,0.83,8.7,501,82,-979,40,983,1,46.3719778,-70.9427848,187.30,0.44,0.62,12,1,19:26:28,00
41581,-41,24289,15.25,1,1,0.83,8.7,501,82,-980,61,986,1,46.3719803,-70.9427858,187.30,0.09,0.62,12,1,19:26:29,00
42039,-48,24289,15.20,1,1,0.83,8.7,501,82,-978,35,982,1,46.3719803,-70.9427858,187.10,0.09,0.65,12,1,19:26:29,00
42492,-37,24289,15.22,1,1,0.83,8.7,501,83,-979,37,984,1,46.3719803,-70.9427858,187.10,0.09,0.65,12,1,19:26:29,00
42952,-34,24289,15.27,1,1,0.83,8.7,501,81,-978,37,982,1,46.3719820,-70.9427877,187.30,0.30,0.67,12,1,19:26:30,00
43405,-31,24289,15.27,1,1,0.00,0.0,501,79,-979,28,983,1,46.3719820,-70.9427877,187.30,0.30,0.67,12,1,19:26:30,00
43860,-27,24289,15.28,1,1,0.00,0.0,501,81,-981,47,985,1,46.3719832,-70.9427882,187.30,0.07,0.64,12,1,19:26:31,00
44315,-19,24289,15.22,1,1,0.00,0.0,501,82,-981,64,986,1,46.3719832,-70.9427882,187.30,0.07,0.64,12,1,19:26:31,00
44778,-23,24289,15.21,1,1,0.00,0.0,501,83,-979,59,985,1,46.3719843,-70.9427882,187.30,0.19,0.64,12,1,19:26:32,00
45235,-7,24289,15.33,1,1,0.00,0.0,501,77,-979,29,982,1,46.3719843,-70.9427882,187.30,0.19,0.64,12,1,19:26:32,00
45692,-43,24289,15.28,1,1,0.00,0.0,501,80,-978,25,982,1,46.3719843,-70.9427882,187.30,0.19,0.64,12,1,19:26:32,00
46150,-38,24289,15.36,1,1,0.00,0.0,501,83,-984,78,991,1,46.3719818,-70.9427888,187.20,0.22,0.64,12,1,19:26:33,00
46608,-45,24289,15.29,1,1,0.00,0.0,501,80,-978,19,981,1,46.3719818,-70.9427888,187.20,0.22,0.64,12,1,19:26:33,00
47069,-47,24289,15.27,1,1,0.00,0.0,501,82,-979,25,983,1,46.3719817,-70.9427895,187.20,0.06,0.64,12,1,19:26:34,00
47533,-48,24289,15.33,1,1,0.00,0.0,501,81,-978,42,983,1,46.3719817,-70.9427895,187.20,0.06,0.64,12,1,19:26:34,00
47994,-44,24289,15.28,1,1,0.00,0.0,501,78,-978,24,982,1,46.3719827,-70.9427897,187.30,0.00,0.62,12,1,19:26:35,00
48453,-38,24289,15.36,1,1,0.00,0.0,501,81,-979,45,983,1,46.3719827,-70.9427897,187.30,0.00,0.62,12,1,19:26:35,00
48916,-48,24289,15.30,1,1,0.00,0.0,501,81,-980,53,985,1,46.3719852,-70.9427887,187.30,0.13,0.62,12,1,19:26:36,00
49437,-40,24289,15.29,1,1,0.00,0.0,501,79,-980,40,984,1,46.3719852,-70.9427887,187.60,0.13,0.64,12,1,19:26:36,00
49889,-9,24289,15.29,1,1,0.00,0.0,501,82,-979,48,983,1,46.3719852,-70.9427887,187.60,0.13,0.64,12,1,19:26:36,00
50336,-6,24289,15.27,1,1,0.00,0.0,501,80,-978,36,981,1,46.3719868,-70.9427892,187.70,0.06,0.64,12,1,19:26:37,00
50787,-2,24289,15.26,1,1,0.00,0.0,501,81,-980,47,984,1,46.3719868,-70.9427892,187.70,0.06,0.64,12,1,19:26:37,00
51236,-26,24289,15.28,1,1,0.00,0.0,501,82,-980,54,985,1,46.3719868,-70.9427898,187.70,0.13,0.64,12,1,19:26:38,00
51688,-42,24289,15.24,1,1,0.00,0.0,501,81,-977,16,981,1,46.3719868,-70.9427898,187.70,0.13,0.64,12,1,19:26:38,00
52144,-26,24289,15.27,1,1,0.00,0.0,501,81,-977,38,981,1,46.3719875,-70.9427897,187.70,0.04,0.64,12,1,19:26:39,00
52590,-30,24289,15.26,1,1,0.00,0.0,501,80,-979,48,984,1,46.3719875,-70.9427897,187.90,0.04,0.64,12,1,19:26:39,00
53045,-27,24289,15.29,1,1,0.00,0.0,501,85,-979,51,984,1,46.3719875,-70.9427897,187.90,0.04,0.64,12,1,19:26:39,00
53497,-45,24289,15.16,1,1,0.00,0.0,501,78,-979,53,984,1,46.3719885,-70.9427903,188.20,0.13,0.64,12,1,19:26:40,00
53947,-28,24289,15.20,1,1,0.00,0.0,501,81,-978,33,982,1,46.3719885,-70.9427903,188.20,0.13,0.64,12,1,19:26:40,00
54409,-23,24289,15.23,1,1,0.00,0.0,501,80,-980,45,984,1,46.3719892,-70.9427897,188.30,0.02,0.64,12,1,19:26:41,00
54867,-16,24289,15.23,1,1,0.00,0.0,501,81,-979,46,983,1,46.3719892,-70.9427897,188.30,0.02,0.64,12,1,19:26:41,00
55327,-12,24289,15.31,1,1,0.00,0.0,501,81,-979,48,983,1,46.3719888,-70.9427902,188.30,0.22,0.64,12,1,19:26:42,00
55782,-34,24289,15.31,1,1,0.00,0.0,501,82,-979,46,984,1,46.3719888,-70.9427902,188.40,0.22,0.64,12,1,19:26:42,00
56238,-41,24289,15.43,1,1,0.00,0.0,501,81,-978,44,983,1,46.3719888,-70.9427902,188.40,0.22,0.64,12,1,19:26:42,00
56698,-32,24289,15.30,1,1,0.00,0.0,501,82,-979,46,984,1,46.3719888,-70.9427888,188.40,0.07,0.64,12,1,19:26:43,00
57163,-40,24289,15.33,1,1,0.00,0.0,501,82,-980,47,984,1,46.3719888,-70.9427888,188.40,0.07,0.64,12,1,19:26:43,00
57616,-48,24289,15.36,1,1,0.00,0.0,501,81,-979,46,984,1,46.3719890,-70.9427898,188.40,0.17,0.64,12,1,19:26:44,00
58073,-51,24289,15.38,1,1,0.00,0.0,501,80,-979,38,983,1,46.3719890,-70.9427898,188.40,0.17,0.64,12,1,19:26:44,00
58533,-61,24289,15.33,1,1,0.00,0.0,501,82,-979,44,983,1,46.3719883,-70.9427905,188.40,0.04,0.64,12,1,19:26:45,00
58993,-76,24289,15.29,1,1,0.00,0.0,501,82,-979,43,984,1,46.3719883,-70.9427905,188.30,0.04,0.64,12,1,19:26:45,00
59453,-78,24289,15.32,1,1,0.00,0.0,501,80,-978,50,983,1,46.3719883,-70.9427905,188.30,0.04,0.64,12,1,19:26:45,00
59907,-65,24289,15.33,1,1,0.00,0.0,501,81,-979,48,983,1,46.3719875,-70.9427908,188.20,0.04,0.64,12,1,19:26:46,00
60362,-70,24289,15.31,1,1,0.00,0.0,501,81,-978,53,983,1,46.3719875,-70.9427908,188.20,0.04,0.64,12,1,19:26:46,00
60825,-49,24289,15.25,1,1,0.00,0.0,501,81,-979,36,983,1,46.3719872,-70.9427912,188.10,0.06,0.64,12,1,19:26:47,00
61289,-34,24289,15.26,1,1,0.00,0.0,501,81,-980,50,984,1,46.3719872,-70.9427912,188.10,0.06,0.64,12,1,19:26:47,00
61747,-50,24289,15.20,1,1,0.00,0.0,501,81,-981,45,985,1,46.3719870,-70.9427915,188.10,0.04,0.64,12,1,19:26:48,00
62205,-36,24289,15.33,1,1,0.00,0.0,501,83,-979,44,983,1,46.3719870,-70.9427915,188.10,0.04,0.64,12,1,19:26:48,00
62663,-56,24289,15.23,1,1,0.00,0.0,501,75,-982,87,988,1,46.3719870,-70.9427915,188.10,0.04,0.64,12,1,19:26:48,00
63124,-55,24289,15.27,1,1,0.00,0.0,501,78,-983,54,987,1,46.3719870,-70.9427917,188.00,0.11,0.64,12,1,19:26:49,00
63593,-58,24289,15.26,1,1,0.00,0.0,501,83,-980,59,986,1,46.3719870,-70.9427917,188.00,0.11,0.64,12,1,19:26:49,00
64118,-47,24289,15.28,1,1,0.00,0.0,501,82,-981,44,985,1,46.3719868,-70.9427912,187.80,0.15,0.64,12,1,19:26:50,00
64567,-58,24289,15.26,1,1,0.00,0.0,501,81,-979,43,984,1,46.3719868,-70.9427912,187.80,0.15,0.64,12,1,19:26:50,00
65019,-59,24289,15.24,1,1,0.00,0.0,501,82,-981,51,986,1,46.3719867,-70.9427908,187.80,0.04,0.64,12,1,19:26:51,00
65471,-34,24289,15.27,1,1,0.00,0.0,501,82,-981,49,986,1,46.3719867,-70.9427908,187.80,0.04,0.64,12,1,19:26:51,00
65927,-45,24289,15.27,1,1,0.00,0.0,501,84,-980,45,985,1,46.3719867,-70.9427908,187.80,0.04,0.64,12,1,19:26:51,00
66379,-43,24289,15.27,1,1,0.00,0.0,501,81,-979,40,983,1,46.3719863,-70.9427907,187.80,0.04,0.64,12,1,19:26:52,00
66835,-37,24289,15.26,1,1,0.00,0.0,501,81,-980,39,984,1,46.3719863,-70.9427907,187.80,0.04,0.64,12,1,19:26:52,00
67288,-27,24289,15.29,1,1,0.00,0.0,501,82,-980,42,984,1,46.3719862,-70.9427902,187.90,0.07,0.64,12,1,19:26:53,00
67749,-36,24289,15.27,1,1,0.00,0.0,501,82,-979,43,984,1,46.3719862,-70.9427902,187.90,0.07,0.64,12,1,19:26:53,00
68210,-33,24289,15.35,1,1,0.00,0.0,501,82,-980,43,984,1,46.3719858,-70.9427902,187.90,0.04,0.64,12,1,19:26:54,00
68658,-41,24289,15.27,1,1,0.00,0.0,501,81,-980,43,984,1,46.3719858,-70.9427902,187.80,0.04,0.64,12,1,19:26:54,00
69109,-58,24289,15.27,1,1,0.00,0.0,501,81,-980,44,984,1,46.3719858,-70.9427902,187.80,0.04,0.64,12,1,19:26:54,00
69572,-67,24289,15.29,1,1,0.00,0.0,501,82,-982,45,986,1,46.3719855,-70.9427900,187.90,0.09,0.64,12,1,19:26:55,00
70028,-71,24289,15.23,1,1,0.00,0.0,501,81,-979,45,983,1,46.3719855,-70.9427900,187.90,0.09,0.64,12,1,19:26:55,00
70491,-61,24289,15.31,1,1,0.00,0.0,501,82,-980,46,984,1,46.3719853,-70.9427898,187.90,0.04,0.64,12,1,19:26:56,00
70948,-58,24289,15.24,1,1,0.00,0.0,501,82,-978,45,983,1,46.3719853,-70.9427898,187.90,0.04,0.64,12,1,19:26:56,00
71406,-39,24289,15.26,1,1,0.00,0.0,501,82,-981,45,986,1,46.3719852,-70.9427897,187.90,0.00,0.64,12,1,19:26:57,00
71863,-38,24289,15.31,1,1,0.00,0.0,501,83,-980,44,985,1,46.3719852,-70.9427897,187.90,0.00,0.64,12,1,19:26:57,00
72321,-24,24289,15.36,1,1,0.00,0.0,501,82,-980,42,984,1,46.3719852,-70.9427897,187.90,0.00,0.64,12,1,19:26:57,00
72785,-29,24289,15.34,1,1,0.00,0.0,501,82,-980,45,985,1,46.3719852,-70.9427895,187.90,0.04,0.64,12,1,19:26:58,00
73244,-20,24289,15.35,1,1,0.00,0.0,501,81,-979,45,984,1,46.3719852,-70.9427895,187.90,0.04,0.64,12,1,19:26:58,00
73707,-43,24289,15.28,1,1,0.00,0.0,501,81,-979,43,983,1,46.3719852,-70.9427897,188.00,0.13,0.64,12,1,19:26:59,00
74168,-48,24289,15.31,1,1,0.00,0.0,501,83,-982,45,986,1,46.3719852,-70.9427897,188.00,0.13,0.64,12,1,19:26:59,00
74630,-43,24289,15.29,1,1,0.00,0.0,501,82,-979,44,983,1,46.3719852,-70.9427897,188.00,0.04,0.64,12,1,19:27:00,00
75095,-43,24289,15.26,1,1,0.00,0.0,501,82,-979,45,984,1,46.3719852,-70.9427897,188.00,0.04,0.64,12,1,19:27:00,00
75555,-44,24289,15.31,1,1,0.00,0.0,501,82,-979,49,984,1,46.3719852,-70.9427897,188.00,0.04,0.64,12,1,19:27:00,00
76024,-40,24289,15.35,1,1,0.00,0.0,501,82,-977,46,981,1,46.3719848,-70.9427897,188.10,0.02,0.64,12,1,19:27:01,00
76482,-54,24289,15.28,1,1,0.00,0.0,501,81,-980,47,984,1,46.3719848,-70.9427897,188.10,0.02,0.64,12,1,19:27:01,00
76942,-51,24289,15.29,1,1,0.00,0.0,501,83,-979,52,984,1,46.3719852,-70.9427895,188.10,0.00,0.64,12,1,19:27:02,00
77410,-44,24289,15.38,1,1,0.00,0.0,501,81,-981,45,985,1,46.3719852,-70.9427895,188.10,0.00,0.64,12,1,19:27:02,00
77869,-48,24289,15.29,1,1,0.00,0.0,501,83,-981,44,986,1,46.3719853,-70.9427892,188.10,0.06,0.64,12,1,19:27:03,00
78332,-36,24289,15.35,1,1,0.00,0.0,501,82,-979,43,984,1,46.3719853,-70.9427892,188.20,0.06,0.64,12,1,19:27:03,00
78854,-33,24289,15.36,1,1,0.00,0.0,501,81,-979,47,984,1,46.3719852,-70.9427888,188.20,0.02,0.64,12,1,19:27:04,00
79303,-26,24289,15.37,1,1,0.00,0.0,501,82,-980,44,985,1,46.3719852,-70.9427888,188.30,0.02,0.64,12,1,19:27:04,00
79758,-23,24289,15.28,1,1,0.00,0.0,501,82,-979,44,983,1,46.3719852,-70.9427888,188.30,0.02,0.64,12,1,19:27:04,00
80210,11,24289,15.35,1,1,0.00,0.0,501,82,-980,47,985,1,46.3719853,-70.9427892,188.40,0.07,0.64,12,1,19:27:05,00
80665,0,24289,15.30,1,1,0.00,0.0,501,80,-983,50,988,1,46.3719853,-70.9427892,188.40,0.07,0.64,12,1,19:27:05,00
81118,-9,24289,15.31,1,1,0.00,0.0,501,81,-980,46,984,1,46.3719855,-70.9427893,188.50,0.04,0.64,12,1,19:27:06,00
81567,-6,24289,15.32,1,1,0.00,0.0,501,82,-979,34,983,1,46.3719855,-70.9427893,188.50,0.04,0.64,12,1,19:27:06,00
82030,-3,24289,15.29,1,1,0.00,0.0,501,81,-979,41,983,1,46.3719855,-70.9427897,188.50,0.04,0.64,12,1,19:27:07,00
82485,-13,24289,15.27,1,1,0.00,0.0,501,82,-979,45,984,1,46.3719855,-70.9427897,188.50,0.04,0.64,12,1,19:27:07,00
82940,-12,24289,15.32,1,1,0.00,0.0,501,82,-979,46,984,1,46.3719855,-70.9427897,188.50,0.04,0.64,12,1,19:27:07,00
83398,-13,24289,15.33,1,1,0.00,0.0,501,81,-979,45,984,1,46.3719857,-70.9427898,188.60,0.06,0.64,12,1,19:27:08,00
83855,0,24289,15.36,1,1,0.00,0.0,501,81,-979,45,983,1,46.3719857,-70.9427898,188.60,0.06,0.64,12,1,19:27:08,00
84322,-11,24289,15.24,1,1,0.00,0.0,501,82,-979,43,984,1,46.3719857,-70.9427898,188.70,0.04,0.64,12,1,19:27:09,00
84779,-14,24289,15.33,1,1,0.00,0.0,501,81,-981,45,986,1,46.3719857,-70.9427898,188.70,0.04,0.64,12,1,19:27:09,00
85236,-3,24289,15.37,1,1,0.00,0.0,501,82,-979,46,984,1,46.3719853,-70.9427900,188.70,0.06,0.64,12,1,19:27:10,00
85693,-18,24289,15.32,1,1,0.00,0.0,501,82,-976,49,981,1,46.3719853,-70.9427900,188.80,0.06,0.64,12,1,19:27:10,00
86148,-18,24289,15.28,1,1,0.00,0.0,501,82,-979,47,983,1,46.3719853,-70.9427900,188.80,0.06,0.64,12,1,19:27:10,00
86611,-21,24289,15.30,1,1,0.00,0.0,501,82,-978,43,983,1,46.3719853,-70.9427900,188.80,0.02,0.64,12,1,19:27:11,00
87069,-11,24289,15.25,1,1,0.00,0.0,501,80,-979,46,984,1,46.3719853,-70.9427900,188.80,0.02,0.64,12,1,19:27:11,00
87527,-8,24289,15.31,1,1,0.00,0.0,501,81,-980,43,984,1,46.3719855,-70.9427897,188.80,0.04,0.64,12,1,19:27:12,00
87984,-16,24289,15.25,1,1,0.00,0.0,501,81,-979,45,984,1,46.3719855,-70.9427897,188.80,0.04,0.64,12,1,19:27:12,00
88448,-19,24289,15.27,1,1,0.00,0.0,501,83,-982,47,986,1,46.3719855,-70.9427892,188.80,0.02,0.64,12,1,19:27:13,00
88918,-66,24289,15.27,1,1,0.00,0.0,501,82,-979,47,984,1,46.3719855,-70.9427892,188.70,0.02,0.64,12,1,19:27:13,00
89377,-41,24289,15.25,1,1,0.00,0.0,501,81,-980,44,984,1,46.3719855,-70.9427892,188.70,0.02,0.64,12,1,19:27:13,00
89839,-38,24289,15.30,1,1,0.00,0.0,501,82,-978,43,982,1,46.3719857,-70.9427893,188.70,0.04,0.64,12,1,19:27:14,00
90303,-32,24289,15.29,1,1,0.00,0.0,501,81,-979,44,984,1,46.3719857,-70.9427893,188.70,0.04,0.64,12,1,19:27:14,00
90771,-46,24289,15.29,1,1,0.00,0.0,501,82,-976,45,981,1,46.3719858,-70.9427893,188.70,0.06,0.64,12,1,19:27:15,00
91241,-36,24289,15.30,1,1,0.00,0.0,501,81,-980,41,984,1,46.3719858,-70.9427893,188.70,0.06,0.64,12,1,19:27:15,00
91705,-51,24289,15.31,1,1,0.00,0.0,501,80,-980,43,984,1,46.3719860,-70.9427893,188.70,0.11,0.64,12,1,19:27:16,00
92166,-57,24289,15.30,1,1,0.00,0.0,501,82,-979,42,983,1,46.3719860,-70.9427893,188.70,0.11,0.64,12,1,19:27:16,00
92627,-35,24289,15.39,1,1,0.00,0.0,501,81,-979,47,984,1,46.3719860,-70.9427893,188.70,0.11,0.64,12,1,19:27:16,00
93089,-47,24289,15.36,1,1,0.00,0.0,501,81,-979,45,983,1,46.3719865,-70.9427898,188.60,0.00,0.64,12,1,19:27:17,00
93628,-43,24289,15.28,1,1,0.00,0.0,501,81,-978,46,983,1,46.3719865,-70.9427898,188.60,0.00,0.64,12,1,19:27:17,00
94082,-43,24289,15.28,1,1,0.00,0.0,501,81,-979,41,983,1,46.3719863,-70.9427897,188.60,0.06,0.64,12,1,19:27:18,00
94534,-48,24289,15.27,1,1,0.00,0.0,501,81,-979,47,984,1,46.3719863,-70.9427897,188.60,0.06,0.64,12,1,19:27:18,00
94989,-39,24289,15.28,1,1,0.00,0.0,501,80,-980,43,984,1,46.3719862,-70.9427890,188.50,0.04,0.64,12,1,19:27:19,00
95444,-51,24289,15.30,1,1,0.00,0.0,501,81,-977,38,981,1,46.3719862,-70.9427890,188.50,0.04,0.64,12,1,19:27:19,00
95909,-43,24289,15.32,1,1,0.00,0.0,501,81,-976,42,981,1,46.3719862,-70.9427882,188.50,0.02,0.64,12,1,19:27:20,00
96359,-47,24289,15.29,1,1,0.00,0.0,501,83,-980,44,984,1,46.3719862,-70.9427882,188.50,0.02,0.64,12,1,19:27:20,00
96816,-43,24289,15.37,1,1,0.00,0.0,501,84,-978,45,982,1,46.3719862,-70.9427882,188.50,0.02,0.64,12,1,19:27:20,00
97269,-14,24289,15.29,1,1,0.00,0.0,501,80,-979,31,983,1,46.3719862,-70.9427877,188.50,0.04,0.64,12,1,19:27:21,00
97721,-21,24289,15.26,1,1,0.00,0.0,501,80,-977,27,981,1,46.3719862,-70.9427877,188.50,0.04,0.64,12,1,19:27:21,00
98185,-26,24289,15.32,1,1,0.00,0.0,501,82,-980,45,984,1,46.3719860,-70.9427872,188.40,0.04,0.64,12,1,19:27:22,00
98643,-32,24289,15.35,1,1,0.00,0.0,501,83,-980,46,984,1,46.3719860,-70.9427872,188.40,0.04,0.64,12,1,19:27:22,00
99106,-32,24289,15.29,1,1,0.00,0.0,501,82,-978,43,982,1,46.3719858,-70.9427865,188.40,0.04,0.64,12,1,19:27:23,00
99566,-31,24289,15.36,1,1,0.00,0.0,501,81,-978,41,982,1,46.3719858,-70.9427865,188.30,0.04,0.64,12,1,19:27:23,00
100023,-28,24289,15.31,1,1,0.00,0.0,501,82,-979,39,983,1,46.3719858,-70.9427865,188.30,0.04,0.64,12,1,19:27:23,00
100490,-45,24289,15.31,1,1,0.00,0.0,502,81,-980,45,984,1,46.3719857,-70.9427858,188.30,0.04,0.64,12,1,19:27:24,00
100954,-54,24289,15.21,1,1,0.00,0.0,502,82,-979,45,983,1,46.3719857,-70.9427858,188.30,0.04,0.64,12,1,19:27:24,00
101419,-53,24289,15.28,1,1,0.00,0.0,502,81,-980,45,985,1,46.3719857,-70.9427853,188.30,0.04,0.60,12,1,19:27:25,00
101884,-51,24289,15.32,1,1,0.00,0.0,502,79,-980,41,984,1,46.3719857,-70.9427853,188.30,0.04,0.60,12,1,19:27:25,00
102345,-30,24289,15.31,1,1,0.00,0.0,502,80,-979,36,983,1,46.3719855,-70.9427847,188.30,0.02,0.60,12,1,19:27:26,00
102813,-9,24289,15.31,1,1,0.00,0.0,502,82,-981,40,985,1,46.3719855,-70.9427847,188.30,0.02,0.60,12,1,19:27:26,00
103274,-13,24289,15.40,1,1,0.00,0.0,502,80,-979,42,983,1,46.3719855,-70.9427847,188.30,0.02,0.60,12,1,19:27:26,00
103736,-27,24289,15.32,1,1,0.00,0.0,502,81,-979,44,984,1,46.3719855,-70.9427843,188.30,0.04,0.60,12,1,19:27:27,00
104195,-14,24289,15.41,1,1,0.00,0.0,502,82,-980,45,985,1,46.3719855,-70.9427843,188.30,0.04,0.60,12,1,19:27:27,00
104653,11,24289,15.33,1,1,0.00,0.0,502,82,-980,43,984,1,46.3719855,-70.9427838,188.40,0.02,0.60,12,1,19:27:28,00
105119,-4,24289,15.35,1,1,0.00,0.0,502,82,-979,43,983,1,46.3719855,-70.9427838,188.40,0.02,0.60,12,1,19:27:28,00
105582,-18,24289,15.31,1,1,0.00,0.0,502,79,-979,36,983,1,46.3719855,-70.9427828,188.40,0.02,0.60,12,1,19:27:29,00
106045,-11,24289,15.39,1,1,0.00,0.0,502,80,-979,40,983,1,46.3719855,-70.9427828,188.40,0.02,0.60,12,1,19:27:29,00
106507,-11,24289,15.41,1,1,0.00,0.0,502,82,-980,48,984,1,46.3719855,-70.9427828,188.40,0.02,0.60,12,1,19:27:29,00
106967,-18,24289,15.41,1,1,0.00,0.0,502,81,-980,44,984,1,46.3719855,-70.9427822,188.40,0.04,0.60,12,1,19:27:30,00
107433,-19,24289,15.37,1,1,0.00,0.0,502,81,-980,43,984,1,46.3719855,-70.9427822,188.40,0.04,0.60,12,1,19:27:30,00
107890,-25,24289,15.31,1,1,0.00,0.0,502,81,-979,41,983,1,46.3719853,-70.9427812,188.40,0.02,0.64,12,1,19:27:31,00
108418,-16,24289,15.49,1,1,0.00,0.0,502,82,-981,43,986,1,46.3719853,-70.9427812,188.40,0.02,0.64,12,1,19:27:31,00
108864,-27,24289,15.38,1,1,0.00,0.0,502,81,-979,40,983,1,46.3719853,-70.9427808,188.40,0.02,0.64,12,1,19:27:32,00
109316,-15,24289,15.37,1,1,0.00,0.0,502,81,-979,43,983,1,46.3719853,-70.9427808,188.40,0.02,0.64,12,1,19:27:32,00
109768,-9,24289,15.38,1,1,0.00,0.0,502,81,-979,42,983,1,46.3719853,-70.9427813,188.40,0.07,0.64,12,1,19:27:33,00
110224,4,24289,15.37,1,1,0.00,0.0,502,82,-980,41,985,1,46.3719853,-70.9427813,188.30,0.07,0.65,12,1,19:27:33,00
110679,3,24289,15.36,1,1,0.00,0.0,502,80,-979,37,983,1,46.3719855,-70.9427813,188.30,0.04,0.65,12,1,19:27:34,00
111132,-21,24289,15.36,1,1,0.00,0.0,502,81,-978,31,982,1,46.3719855,-70.9427813,188.20,0.04,0.60,12,1,19:27:34,00
111587,-18,24289,15.39,1,1,0.00,0.0,502,82,-979,40,983,1,46.3719855,-70.9427813,188.20,0.04,0.60,12,1,19:27:34,00
112045,-10,24289,15.34,1,1,0.00,0.0,502,81,-980,42,984,1,46.3719855,-70.9427810,188.30,0.02,0.60,12,1,19:27:35,00
112496,-20,24289,15.30,1,1,0.00,0.0,502,82,-980,48,985,1,46.3719855,-70.9427810,188.30,0.02,0.60,12,1,19:27:35,00
112952,-16,24289,15.33,1,1,0.00,0.0,502,82,-981,46,985,1,46.3719882,-70.9427800,188.50,1.24,0.67,12,1,19:27:36,00
113412,-21,24289,15.34,1,1,0.00,0.0,502,82,-979,45,984,1,46.3719882,-70.9427800,188.50,1.24,0.67,12,1,19:27:36,00
113870,-9,24289,15.31,1,1,0.00,0.0,502,82,-980,47,985,1,46.3719892,-70.9427792,188.50,0.04,0.67,12,1,19:27:37,00
114334,-10,24289,15.36,1,1,0.00,0.0,502,81,-981,45,986,1,46.3719892,-70.9427792,188.50,0.04,0.60,12,1,19:27:37,00
114790,-2,24289,15.33,1,1,0.00,0.0,502,81,-980,45,984,1,46.3719892,-70.9427792,188.50,0.04,0.60,12,1,19:27:37,00
115245,22,24289,15.43,1,1,0.00,0.0,502,82,-979,48,984,1,46.3719893,-70.9427788,188.50,0.00,0.60,12,1,19:27:38,00
115707,-12,24289,15.33,1,1,0.00,0.0,502,82,-980,46,984,1,46.3719893,-70.9427788,188.50,0.00,0.60,12,1,19:27:38,00
116168,-5,24289,15.43,1,1,0.00,0.0,502,82,-980,44,984,1,46.3719892,-70.9427782,188.50,0.00,0.60,12,1,19:27:39,00
116636,2,24289,15.28,1,1,0.00,0.0,502,83,-979,44,984,1,46.3719892,-70.9427782,188.50,0.00,0.60,12,1,19:27:39,00
117092,-16,24289,15.37,1,1,0.00,0.0,502,81,-979,42,983,1,46.3719892,-70.9427775,188.40,0.02,0.60,12,1,19:27:40,00
117554,-2,24289,15.34,1,1,0.00,0.0,502,81,-984,42,988,1,46.3719892,-70.9427775,188.40,0.02,0.60,12,1,19:27:40,00
118016,-7,24289,15.27,1,1,0.00,0.0,502,82,-981,46,985,1,46.3719890,-70.9427772,188.30,0.06,0.60,12,1,19:27:41,00
118482,-6,24289,15.33,1,1,0.00,0.0,502,82,-981,49,985,1,46.3719890,-70.9427772,188.30,0.06,0.60,12,1,19:27:41,00
118952,0,24289,15.33,1,1,0.00,0.0,502,82,-980,41,984,1,46.3719888,-70.9427768,188.30,0.04,0.60,12,1,19:27:42,00
119410,-1,24289,15.28,1,1,0.00,0.0,502,82,-980,42,984,1,46.3719888,-70.9427768,188.20,0.04,0.60,12,1,19:27:42,00
119875,9,24289,15.32,1,1,0.00,0.0,502,83,-980,42,984,1,46.3719888,-70.9427768,188.20,0.04,0.60,12,1,19:27:42,00
120338,-4,24289,15.33,1,1,0.00,0.0,502,81,-980,44,984,1,46.3719888,-70.9427767,188.10,0.02,0.60,12,1,19:27:43,00
120803,-2,24289,15.27,1,1,0.00,0.0,502,82,-980,48,985,1,46.3719888,-70.9427767,188.10,0.02,0.60,12,1,19:27:43,00
121273,14,24289,15.31,1,1,0.00,0.0,502,82,-981,48,985,1,46.3719887,-70.9427767,188.10,0.00,0.60,12,1,19:27:44,00
121732,-25,24289,15.28,1,1,0.00,0.0,503,83,-980,44,985,1,46.3719887,-70.9427767,188.10,0.00,0.60,12,1,19:27:44,00
122196,6,24289,15.34,1,1,0.00,0.0,503,82,-980,45,984,1,46.3719888,-70.9427765,188.10,0.02,0.60,12,1,19:27:45,00
122660,-3,24289,15.31,1,1,0.00,0.0,503,79,-979,50,984,1,46.3719888,-70.9427765,188.10,0.02,0.60,12,1,19:27:45,00
123202,6,24289,15.41,1,1,0.00,0.0,503,82,-979,44,983,1,46.3719893,-70.9427762,188.10,0.02,0.60,12,1,19:27:46,00
123663,-3,24289,15.28,1,1,0.00,0.0,503,82,-980,44,984,1,46.3719893,-70.9427762,188.10,0.02,0.60,12,1,19:27:46,00
124119,-24,24289,15.27,1,1,0.00,0.0,503,82,-980,45,985,1,46.3719890,-70.9427765,188.10,0.04,0.60,12,1,19:27:47,00
124572,-17,24289,15.29,1,1,0.00,0.0,503,82,-979,44,984,1,46.3719890,-70.9427765,188.00,0.04,0.60,12,1,19:27:47,00
125027,-34,24289,15.27,1,1,0.00,0.0,503,82,-980,45,984,1,46.3719890,-70.9427768,188.00,0.04,0.60,12,1,19:27:48,00
125482,-22,24289,15.26,1,1,0.00,0.0,503,83,-980,44,984,1,46.3719890,-70.9427768,188.00,0.04,0.60,12,1,19:27:48,00
125945,-29,24289,15.27,1,1,0.00,0.0,503,82,-981,49,986,1,46.3719890,-70.9427768,188.00,0.04,0.60,12,1,19:27:48,00
126403,-40,24289,15.25,1,1,0.00,0.0,503,82,-980,44,984,1,46.3719888,-70.9427768,188.00,0.06,0.60,12,1,19:27:49,00
126863,-26,24289,15.31,1,1,0.00,0.0,503,82,-978,30,982,1,46.3719888,-70.9427768,188.00,0.06,0.60,12,1,19:27:49,00
127314,-13,24289,15.32,1,1,0.00,0.0,503,82,-980,36,984,1,46.3719885,-70.9427765,188.00,0.02,0.60,12,1,19:27:50,00
127770,-41,24289,15.35,1,1,0.00,0.0,503,83,-980,44,984,1,46.3719885,-70.9427765,188.00,0.02,0.60,12,1,19:27:50,00
128237,-19,24289,15.31,1,1,0.00,0.0,503,84,-983,50,988,1,46.3719883,-70.9427767,188.00,0.02,0.63,12,1,19:27:51,00
128698,-27,24289,15.31,1,1,0.00,0.0,503,82,-981,45,985,1,46.3719883,-70.9427767,188.00,0.02,0.63,12,1,19:27:51,00
129158,-25,24289,15.36,1,1,0.00,0.0,503,82,-980,48,984,1,46.3719883,-70.9427768,188.00,0.04,0.63,12,1,19:27:52,00
129622,-19,24289,15.32,1,1,0.00,0.0,503,82,-979,41,983,1,46.3719883,-70.9427768,188.00,0.04,0.63,12,1,19:27:52,00
130079,-17,24289,15.24,1,1,0.00,0.0,503,83,-980,44,984,1,46.3719882,-70.9427770,188.00,0.13,0.63,12,1,19:27:53,00
130546,-25,24289,15.25,1,1,0.00,0.0,503,83,-980,52,985,1,46.3719882,-70.9427770,188.00,0.13,0.60,12,1,19:27:53,00
131000,-21,24289,15.30,1,1,0.00,0.0,503,84,-981,50,986,1,46.3719880,-70.9427770,188.00,0.02,0.60,12,1,19:27:54,00
131458,-10,24289,15.34,1,1,0.00,0.0,503,82,-980,45,985,1,46.3719880,-70.9427770,188.00,0.02,0.60,12,1,19:27:54,00
131917,-21,24289,15.32,1,1,0.00,0.0,503,82,-980,46,984,1,46.3719880,-70.9427770,188.00,0.02,0.60,12,1,19:27:54,00
132385,-22,24289,15.27,1,1,0.00,0.0,503,82,-979,47,984,1,46.3719878,-70.9427770,188.00,0.00,0.60,12,1,19:27:55,00
132855,-26,24289,15.30,1,1,0.00,0.0,503,83,-980,48,985,1,46.3719878,-70.9427770,188.00,0.00,0.60,12,1,19:27:55,00
133319,-37,24289,15.23,1,1,0.00,0.0,503,83,-980,46,985,1,46.3719875,-70.9427770,187.90,0.04,0.60,12,1,19:27:56,00
133778,-39,24289,15.33,1,1,0.00,0.0,503,88,-976,43,981,1,46.3719875,-70.9427770,187.90,0.04,0.60,12,1,19:27:56,00
134239,-32,24289,15.36,1,1,0.00,0.0,503,82,-981,48,985,1,46.3719873,-70.9427770,187.90,0.11,0.60,12,1,19:27:57,00
134703,-35,24289,15.32,1,1,0.00,0.0,503,84,-979,47,984,1,46.3719873,-70.9427770,187.90,0.11,0.60,12,1,19:27:57,00
135177,-41,24289,15.33,1,1,0.00,0.0,503,84,-978,42,983,1,46.3719872,-70.9427772,187.90,0.04,0.60,12,1,19:27:58,00
135639,-30,24289,15.27,1,1,0.00,0.0,503,84,-979,40,984,1,46.3719872,-70.9427772,187.90,0.04,0.60,12,1,19:27:58,00
136103,-29,24289,15.26,1,1,0.00,0.0,503,84,-979,31,983,1,46.3719868,-70.9427770,187.90,0.04,0.60,12,1,19:27:59,00
136572,-30,24289,15.23,1,1,0.00,0.0,503,81,-979,34,983,1,46.3719868,-70.9427770,187.90,0.04,0.60,12,1,19:27:59,00
137037,-28,24289,15.28,1,1,0.00,0.0,503,82,-980,42,984,1,46.3719863,-70.9427768,187.90,0.06,0.60,12,1,19:28:00,00
137514,-9,24289,15.25,1,1,0.00,0.0,503,82,-981,44,985,1,46.3719863,-70.9427768,187.80,0.06,0.60,12,1,19:28:00,00
138046,-23,24289,15.24,1,1,0.00,0.0,503,79,-977,10,980,1,46.3719860,-70.9427768,187.80,0.02,0.60,12,1,19:28:01,00
138499,-24,24289,15.25,1,1,0.00,0.0,503,83,-980,44,985,1,46.3719860,-70.9427768,187.80,0.02,0.60,12,1,19:28:01,00
138956,-17,24289,15.26,1,1,0.00,0.0,503,83,-981,48,986,1,46.3719860,-70.9427768,187.80,0.02,0.60,12,1,19:28:01,00
139416,-25,24289,15.27,1,1,0.00,0.0,503,79,-980,48,984,1,46.3719858,-70.9427767,187.80,0.00,0.60,12,1,19:28:02,00
139876,-16,24289,15.25,1,1,0.00,0.0,503,84,-981,47,986,1,46.3719858,-70.9427767,187.80,0.00,0.60,12,1,19:28:02,00
140330,-3,24289,15.27,1,1,0.00,0.0,503,84,-980,47,984,1,46.3719858,-70.9427765,187.80,0.04,0.60,12,1,19:28:03,00
140791,-20,24289,15.26,1,1,0.00,0.0,503,83,-980,43,985,1,46.3719858,-70.9427765,187.80,0.04,0.60,12,1,19:28:03,00
141250,-14,24289,15.25,1,1,0.00,0.0,503,82,-982,37,986,1,46.3719860,-70.9427762,187.80,0.09,0.64,12,1,19:28:04,00
141711,-24,24289,15.23,1,1,0.00,0.0,503,84,-981,46,986,1,46.3719860,-70.9427762,187.80,0.09,0.64,12,1,19:28:04,00
142180,-15,24289,15.35,1,1,0.00,0.0,503,83,-980,46,985,1,46.3719858,-70.9427762,187.70,0.02,0.60,12,1,19:28:05,00
142641,-22,24289,15.24,1,1,0.00,0.0,503,83,-980,47,984,1,46.3719858,-70.9427762,187.70,0.02,0.60,12,1,19:28:05,00
143106,-8,24289,15.23,1,1,0.00,0.0,503,83,-980,47,984,1,46.3719860,-70.9427760,187.70,0.04,0.60,12,1,19:28:06,00
143569,-6,24289,15.24,1,1,0.00,0.0,503,83,-979,47,984,1,46.3719860,-70.9427760,187.70,0.04,0.60,12,1,19:28:06,00
144030,-14,24289,15.15,1,1,0.00,0.0,503,83,-981,46,985,1,46.3719860,-70.9427760,187.70,0.04,0.60,12,1,19:28:06,00
144496,-1,24289,15.22,1,1,0.00,0.0,503,82,-980,48,984,1,46.3719860,-70.9427762,187.70,0.02,0.60,12,1,19:28:07,00
144964,-4,24289,15.23,1,1,0.00,0.0,503,83,-980,46,985,1,46.3719860,-70.9427762,187.70,0.02,0.60,12,1,19:28:07,00
145428,-19,24289,15.22,1,1,0.00,0.0,503,81,-980,44,985,1,46.3719858,-70.9427762,187.70,0.09,0.62,12,1,19:28:08,00
145893,-13,24289,15.24,1,1,0.00,0.0,503,84,-979,43,984,1,46.3719858,-70.9427762,187.70,0.09,0.62,12,1,19:28:08,00
146360,-16,24289,15.25,1,1,0.00,0.0,503,82,-981,43,985,1,46.3719855,-70.9427760,187.60,0.04,0.60,12,1,19:28:09,00
146829,-23,24289,15.18,1,1,0.00,0.0,503,82,-980,43,984,1,46.3719855,-70.9427760,187.60,0.04,0.60,12,1,19:28:09,00
147294,-16,24289,15.20,1,1,0.00,0.0,503,83,-981,44,985,1,46.3719853,-70.9427755,187.60,0.02,0.60,12,1,19:28:10,00
147762,-33,24289,15.20,1,1,0.00,0.0,503,83,-980,42,984,1,46.3719853,-70.9427755,187.60,0.02,0.60,12,1,19:28:10,00
148225,-11,24289,15.27,1,1,0.00,0.0,503,82,-979,38,983,1,46.3719852,-70.9427753,187.60,0.04,0.60,12,1,19:28:11,00
148690,-26,24289,15.19,1,1,0.00,0.0,503,82,-980,38,984,1,46.3719852,-70.9427753,187.60,0.04,0.64,12,1,19:28:11,00
149160,-27,24289,15.28,1,1,0.00,0.0,503,86,-978,48,983,1,46.3719850,-70.9427752,187.60,0.06,0.64,12,1,19:28:12,00
149626,-39,24289,15.21,1,1,0.00,0.0,503,83,-980,46,984,1,46.3719850,-70.9427752,187.60,0.06,0.60,12,1,19:28:12,00
150091,-33,24289,15.26,1,1,0.00,0.0,503,83,-980,54,985,1,46.3719850,-70.9427752,187.60,0.06,0.60,12,1,19:28:12,00
150558,-30,24289,15.30,1,1,0.00,0.0,503,87,-982,59,988,1,46.3719850,-70.9427753,187.60,0.00,0.60,12,1,19:28:13,00
151023,-36,24289,15.26,1,1,0.00,0.0,503,84,-983,51,988,1,46.3719850,-70.9427753,187.60,0.00,0.60,12,1,19:28:13,00
151497,-40,24289,15.25,1,1,0.00,0.0,503,84,-981,44,985,1,46.3719848,-70.9427753,187.70,0.04,0.60,12,1,19:28:14,00
151963,-38,24289,15.26,1,1,0.00,0.0,503,83,-981,54,986,1,46.3719848,-70.9427753,187.70,0.04,0.60,12,1,19:28:14,00
152426,-22,24289,15.21,1,1,0.00,0.0,503,84,-980,41,984,1,46.3719850,-70.9427752,187.70,0.04,0.60,12,1,19:28:15,00
152965,-19,24289,15.22,1,1,0.00,0.0,503,83,-981,61,987,1,46.3719850,-70.9427752,187.70,0.04,0.60,12,1,19:28:15,00
153425,6,24289,15.26,1,1,0.00,0.0,503,83,-980,48,985,1,46.3719848,-70.9427753,187.80,0.04,0.60,12,1,19:28:16,00
153887,0,24289,15.26,1,1,0.00,0.0,503,82,-980,40,984,1,46.3719848,-70.9427753,187.80,0.04,0.60,12,1,19:28:16,00
154340,0,24289,15.23,1,1,0.00,0.0,503,81,-983,42,987,1,46.3719845,-70.9427752,187.80,0.04,0.60,12,1,19:28:17,00
154798,-18,24289,15.23,1,1,0.00,0.0,503,83,-980,46,984,1,46.3719845,-70.9427752,187.80,0.04,0.60,12,1,19:28:17,00
155255,-12,24289,15.20,1,1,0.00,0.0,503,82,-980,61,985,1,46.3719842,-70.9427750,187.80,0.04,0.60,12,1,19:28:18,00
155718,-26,24289,15.21,1,1,0.00,0.0,503,83,-980,57,985,1,46.3719842,-70.9427750,187.80,0.04,0.60,12,1,19:28:18,00
156187,-29,24289,15.29,1,1,0.00,0.0,503,82,-982,60,987,1,46.3719838,-70.9427752,187.80,0.09,0.60,12,1,19:28:19,00
156646,-24,24289,15.19,1,1,0.00,0.0,503,83,-979,49,984,1,46.3719838,-70.9427752,187.80,0.09,0.60,12,1,19:28:19,00
157106,-40,24289,15.24,1,1,0.00,0.0,503,82,-982,55,987,1,46.3719838,-70.9427752,187.80,0.09,0.60,12,1,19:28:19,00
157570,-31,24289,15.20,1,1,0.00,0.0,503,83,-981,64,986,1,46.3719835,-70.9427748,187.80,0.04,0.60,12,1,19:28:20,00
158033,-31,24289,15.26,1,1,0.00,0.0,503,83,-980,49,984,1,46.3719835,-70.9427748,187.80,0.04,0.60,12,1,19:28:20,00
158498,-36,24289,15.23,1,1,0.00,0.0,503,83,-980,47,985,1,46.3719833,-70.9427748,187.90,0.04,0.60,12,1,19:28:21,00
158955,-35,24289,15.23,1,1,0.00,0.0,503,82,-981,49,985,1,46.3719833,-70.9427748,187.90,0.04,0.60,12,1,19:28:21,00
159416,-36,24289,15.21,1,1,0.00,0.0,503,84,-980,47,985,1,46.3719833,-70.9427750,188.00,0.02,0.60,12,1,19:28:22,00
159875,-25,24289,15.28,1,1,0.00,0.0,503,83,-980,47,984,1,46.3719833,-70.9427750,188.00,0.02,0.60,12,1,19:28:22,00
160339,-22,24289,15.28,1,1,0.00,0.0,503,84,-980,53,985,1,46.3719833,-70.9427752,188.00,0.09,0.60,12,1,19:28:23,00
160804,-17,24289,15.23,1,1,0.00,0.0,503,84,-980,50,985,1,46.3719833,-70.9427752,188.00,0.09,0.60,12,1,19:28:23,00
161265,-6,24289,15.18,1,1,0.00,0.0,503,83,-981,48,986,1,46.3719833,-70.9427747,188.00,0.13,0.60,12,1,19:28:24,00
161738,-23,24289,15.24,1,1,0.00,0.0,503,87,-980,47,985,1,46.3719833,-70.9427747,188.00,0.13,0.60,12,1,19:28:24,00
162204,-12,24289,15.26,1,1,0.00,0.0,503,84,-979,53,985,1,46.3719833,-70.9427750,188.00,0.04,0.60,12,1,19:28:25,00
162670,-30,24289,15.25,1,1,0.00,0.0,503,82,-980,41,985,1,46.3719833,-70.9427750,188.00,0.04,0.60,12,1,19:28:25,00
163136,-18,24289,15.31,1,1,0.00,0.0,503,89,-980,54,985,1,46.3719833,-70.9427750,188.00,0.04,0.60,12,1,19:28:25,00
163597,-35,24289,15.23,1,1,0.00,0.0,503,83,-979,31,983,1,46.3719833,-70.9427755,188.00,0.02,0.60,12,1,19:28:26,00
164055,-20,24289,15.24,1,1,0.00,0.0,503,83,-981,58,986,1,46.3719833,-70.9427755,188.00,0.02,0.60,12,1,19:28:26,00
164512,-25,24289,15.25,1,1,0.00,0.0,503,85,-981,45,986,1,46.3719833,-70.9427758,188.00,0.04,0.60,12,1,19:28:27,00
164972,-21,24289,15.30,1,1,0.00,0.0,503,84,-978,36,982,1,46.3719833,-70.9427758,188.00,0.04,0.60,12,1,19:28:27,00
165436,-32,24289,15.25,1,1,0.00,0.0,503,82,-979,35,983,1,46.3719832,-70.9427758,188.10,0.02,0.60,12,1,19:28:28,00
165904,-15,24289,15.19,1,1,0.00,0.0,503,83,-981,51,986,1,46.3719832,-70.9427758,188.10,0.02,0.60,12,1,19:28:28,00
166365,-27,24289,15.22,1,1,0.00,0.0,503,82,-979,37,983,1,46.3719828,-70.9427762,188.00,0.02,0.60,12,1,19:28:29,00
166826,-26,24289,15.16,1,1,0.00,0.0,503,84,-982,49,987,1,46.3719828,-70.9427762,188.00,0.02,0.60,12,1,19:28:29,00
167286,-16,24289,15.20,1,1,0.00,0.0,503,84,-980,41,985,1,46.3719827,-70.9427763,188.00,0.02,0.60,12,1,19:28:30,00
167816,-28,24289,15.23,1,1,0.00,0.0,503,81,-979,29,983,1,46.3719827,-70.9427763,188.00,0.02,0.60,12,1,19:28:30,00
168273,-21,24289,15.24,1,1,0.00,0.0,503,82,-982,53,987,1,46.3719827,-70.9427763,188.00,0.02,0.60,12,1,19:28:31,00
168726,-29,24289,15.20,1,1,0.00,0.0,503,86,-980,54,985,1,46.3719827,-70.9427763,188.00,0.02,0.60,12,1,19:28:31,00
169182,-22,24289,15.30,1,1,0.00,0.0,503,85,-980,44,985,1,46.3719823,-70.9427768,188.00,0.20,0.60,12,1,19:28:32,00
169636,-46,24289,15.25,1,1,0.00,0.0,503,83,-980,45,985,1,46.3719823,-70.9427768,188.00,0.20,0.60,12,1,19:28:32,00
170103,-22,24289,15.28,1,1,0.00,0.0,503,83,-981,47,986,1,46.3719823,-70.9427768,188.00,0.20,0.60,12,1,19:28:32,00
170561,-31,24289,15.19,1,1,0.00,0.0,503,83,-980,44,984,1,46.3719823,-70.9427772,187.90,0.09,0.64,12,1,19:28:33,00
171018,-29,24289,15.20,1,1,0.00,0.0,503,81,-982,52,987,1,46.3719823,-70.9427772,187.90,0.09,0.64,12,1,19:28:33,00
171476,-39,24289,15.23,1,1,0.00,0.0,503,87,-977,48,982,1,46.3719820,-70.9427777,187.90,0.13,0.60,12,1,19:28:34,00
171932,-39,24289,15.20,1,1,0.00,0.0,503,83,-976,29,980,1,46.3719820,-70.9427777,187.90,0.13,0.60,12,1,19:28:34,00
172403,-35,24289,15.22,1,1,0.00,0.0,503,84,-981,40,986,1,46.3719818,-70.9427782,187.90,0.06,0.60,12,1,19:28:35,00
172868,-31,24289,15.13,1,1,0.00,0.0,503,87,-978,44,983,1,46.3719818,-70.9427782,187.90,0.06,0.60,12,1,19:28:35,00
173335,-15,24289,15.12,1,1,0.00,0.0,503,80,-980,53,985,1,46.3719818,-70.9427782,187.90,0.02,0.60,12,1,19:28:36,00
173796,-34,24289,15.26,1,1,0.00,0.0,503,85,-979,44,984,1,46.3719818,-70.9427782,187.90,0.02,0.60,12,1,19:28:36,00
174263,-15,24289,15.26,1,1,0.00,0.0,503,88,-978,42,983,1,46.3719822,-70.9427780,187.90,0.06,0.60,12,1,19:28:37,00
174736,-17,24289,15.20,1,1,0.00,0.0,503,83,-979,33,983,1,46.3719822,-70.9427780,187.90,0.06,0.60,12,1,19:28:37,00
175199,-19,24289,15.24,1,1,0.00,0.0,503,82,-980,42,985,1,46.3719822,-70.9427782,187.90,0.06,0.60,12,1,19:28:38,00
175666,-22,24289,15.24,1,1,0.00,0.0,503,84,-981,51,985,1,46.3719822,-70.9427782,187.80,0.06,0.60,12,1,19:28:38,00
176128,-18,24289,15.15,1,1,0.00,0.0,503,82,-979,45,984,1,46.3719822,-70.9427782,187.80,0.06,0.60,12,1,19:28:38,00
176596,-19,24289,15.22,1,1,0.00,0.0,503,82,-979,51,984,1,46.3719818,-70.9427783,187.80,0.04,0.60,12,1,19:28:39,00
177075,-18,24289,15.23,1,1,0.00,0.0,503,82,-979,46,984,1,46.3719818,-70.9427783,187.80,0.04,0.60,12,1,19:28:39,00
177542,-19,24289,15.17,1,1,0.00,0.0,503,83,-981,45,985,1,46.3719817,-70.9427787,187.70,0.04,0.60,12,1,19:28:40,00
178011,-20,24289,15.17,1,1,0.00,0.0,503,82,-982,49,986,1,46.3719817,-70.9427787,187.70,0.04,0.60,12,1,19:28:40,00
178486,-25,24289,15.21,1,1,0.00,0.0,503,83,-980,46,985,1,46.3719813,-70.9427787,187.60,0.06,0.60,12,1,19:28:41,00
178953,-23,24289,15.24,1,1,0.00,0.0,503,81,-982,52,987,1,46.3719813,-70.9427787,187.60,0.06,0.60,12,1,19:28:41,00
179426,-17,24289,15.23,1,1,0.00,0.0,503,83,-980,43,984,1,46.3719813,-70.9427788,187.50,0.11,0.60,12,1,19:28:42,00
179892,-14,24289,15.21,1,1,0.00,0.0,503,84,-978,45,983,1,46.3719813,-70.9427788,187.50,0.11,0.60,12,1,19:28:42,00
180359,-17,24289,15.21,1,1,0.00,0.0,503,85,-981,55,986,1,46.3719813,-70.9427795,187.40,0.02,0.64,12,1,19:28:43,00
180823,-29,24289,15.23,1,1,0.00,0.0,503,83,-983,52,987,1,46.3719813,-70.9427795,187.40,0.02,0.64,12,1,19:28:43,00
181294,-22,24289,15.21,1,1,0.00,0.0,503,84,-981,52,986,1,46.3719812,-70.9427802,187.40,0.02,0.64,12,1,19:28:44,00
181764,-17,24289,15.27,1,1,0.00,0.0,503,83,-982,52,987,1,46.3719812,-70.9427802,187.30,0.02,0.60,12,1,19:28:44,00
182227,-7,24289,15.27,1,1,0.00,0.0,503,85,-981,21,985,1,46.3719808,-70.9427808,187.30,0.00,0.60,12,1,19:28:45,00
182775,-10,24289,15.23,1,1,0.00,0.0,503,82,-980,34,984,1,46.3719808,-70.9427808,187.20,0.00,0.60,12,1,19:28:45,00
183231,-6,24289,15.23,1,1,0.00,0.0,503,85,-982,45,987,1,46.3719807,-70.9427817,187.20,0.00,0.60,12,1,19:28:46,00
183686,-20,24289,15.22,1,1,0.00,0.0,503,85,-985,49,990,1,46.3719807,-70.9427817,187.10,0.00,0.60,12,1,19:28:46,00
184143,-12,24289,15.21,1,1,0.00,0.0,503,82,-989,41,994,1,46.3719807,-70.9427817,187.10,0.00,0.60,12,1,19:28:46,00
184600,-18,24289,15.19,1,1,0.00,0.0,503,82,-978,28,982,1,46.3719805,-70.9427827,187.10,0.02,0.60,12,1,19:28:47,00
185058,-16,24289,15.20,1,1,0.00,0.0,503,82,-982,49,986,1,46.3719805,-70.9427827,187.10,0.02,0.60,12,1,19:28:47,00
185514,-24,24289,15.16,1,1,0.00,0.0,503,80,-978,27,982,1,46.3719802,-70.9427830,187.00,0.04,0.60,12,1,19:28:48,00
185971,-10,24289,15.16,1,1,0.00,0.0,503,86,-980,41,985,1,46.3719802,-70.9427830,187.00,0.04,0.60,12,1,19:28:48,00
186436,-32,24289,15.17,1,1,0.00,0.0,503,83,-980,44,984,1,46.3719798,-70.9427837,187.00,0.09,0.60,12,1,19:28:49,00
186893,-31,24289,15.16,1,1,0.00,0.0,503,83,-980,46,985,1,46.3719798,-70.9427837,187.00,0.09,0.60,12,1,19:28:49,00
187350,-9,24289,15.26,1,1,0.00,0.0,503,84,-981,45,985,1,46.3719795,-70.9427842,187.00,0.06,0.60,12,1,19:28:50,00
187813,-26,24289,15.22,1,1,0.00,0.0,503,84,-980,43,984,1,46.3719795,-70.9427842,187.00,0.06,0.60,12,1,19:28:50,00
188279,-9,24289,15.23,1,1,0.00,0.0,503,82,-978,42,983,1,46.3719797,-70.9427847,187.00,0.07,0.60,12,1,19:28:51,00
188748,-24,24289,15.20,1,1,0.00,0.0,503,83,-980,42,985,1,46.3719797,-70.9427847,187.10,0.07,0.60,12,1,19:28:51,00
189213,-21,24289,15.20,1,1,0.00,0.0,503,83,-981,43,985,1,46.3719797,-70.9427850,187.10,0.04,0.60,12,1,19:28:52,00
189678,-6,24289,15.18,1,1,0.00,0.0,503,83,-981,44,985,1,46.3719797,-70.9427850,187.00,0.04,0.60,12,1,19:28:52,00
190149,-25,24289,15.13,1,1,0.00,0.0,503,84,-980,46,985,1,46.3719797,-70.9427850,187.00,0.04,0.60,12,1,19:28:52,00
190615,-18,24289,15.17,1,1,0.00,0.0,503,88,-981,53,986,1,46.3719797,-70.9427852,187.00,0.06,0.60,12,1,19:28:53,00
191081,-18,24289,15.17,1,1,0.00,0.0,503,84,-981,52,986,1,46.3719797,-70.9427852,187.00,0.06,0.60,12,1,19:28:53,00
191543,-14,24289,15.11,1,1,0.00,0.0,503,84,-981,52,986,1,46.3719795,-70.9427857,187.00,0.07,0.60,12,1,19:28:54,00
192011,-14,24289,15.20,1,1,0.00,0.0,503,84,-981,56,986,1,46.3719795,-70.9427857,187.00,0.07,0.60,12,1,19:28:54,00
192477,-14,24289,15.19,1,1,0.00,0.0,503,84,-979,51,984,1,46.3719793,-70.9427852,186.90,0.20,0.60,12,1,19:28:55,00
192947,-11,24289,15.10,1,1,0.00,0.0,503,85,-980,50,984,1,46.3719793,-70.9427852,186.90,0.20,0.60,12,1,19:28:55,00
193418,-16,24289,15.12,1,1,0.00,0.0,503,84,-981,48,985,1,46.3719797,-70.9427852,186.80,0.13,0.60,12,1,19:28:56,00
193886,-18,24289,15.12,1,1,0.00,0.0,503,83,-980,46,984,1,46.3719797,-70.9427852,186.80,0.13,0.60,12,1,19:28:56,00
194356,-17,24289,15.18,1,1,0.00,0.0,503,84,-980,45,985,1,46.3719798,-70.9427848,186.70,0.04,0.60,12,1,19:28:57,00
194830,-11,24289,15.19,1,1,0.00,0.0,503,84,-980,44,985,1,46.3719798,-70.9427848,186.70,0.04,0.60,12,1,19:28:57,00
195305,-4,24289,15.20,1,1,0.00,0.0,503,83,-981,45,985,1,46.3719798,-70.9427847,186.60,0.04,0.60,12,1,19:28:58,00
195779,-10,24289,15.10,1,1,0.00,0.0,503,83,-981,46,985,1,46.3719798,-70.9427847,186.60,0.04,0.60,12,1,19:28:58,00
196249,-1,24289,15.20,1,1,0.00,0.0,503,83,-979,45,984,1,46.3719798,-70.9427845,186.60,0.00,0.60,12,1,19:28:59,00
196719,-9,24289,15.20,1,1,0.00,0.0,503,83,-979,45,983,1,46.3719798,-70.9427845,186.50,0.00,0.60,12,1,19:28:59,00
197191,-10,24289,15.24,1,1,0.00,0.0,503,83,-980,45,985,1,46.3719800,-70.9427842,186.50,0.02,0.60,12,1,19:29:00,00
197733,-10,24289,15.13,1,1,0.00,0.0,503,82,-980,42,984,1,46.3719800,-70.9427842,186.40,0.02,0.64,12,1,19:29:00,00
198201,-15,24289,15.19,1,1,0.00,0.0,503,82,-979,43,984,1,46.3719800,-70.9427840,186.40,0.04,0.64,12,1,19:29:01,00
198663,-7,24289,15.10,1,1,0.00,0.0,503,83,-981,44,985,1,46.3719800,-70.9427840,186.30,0.04,0.64,12,1,19:29:01,00
199121,5,24289,15.19,1,1,0.00,0.0,503,83,-981,43,985,1,46.3719800,-70.9427840,186.30,0.04,0.64,12,1,19:29:01,00
199585,-22,24289,15.16,1,1,0.00,0.0,503,83,-980,43,985,1,46.3719800,-70.9427838,186.30,0.00,0.64,12,1,19:29:02,00
200043,-21,24289,15.13,1,1,0.00,0.0,503,83,-981,43,985,1,46.3719800,-70.9427838,186.30,0.00,0.64,12,1,19:29:02,00
200508,-16,24289,15.15,1,1,0.00,0.0,503,83,-981,45,985,1,46.3719800,-70.9427833,186.20,0.02,0.64,12,1,19:29:03,00
200974,-16,24289,15.12,1,1,0.00,0.0,503,84,-981,46,985,1,46.3719800,-70.9427833,186.20,0.02,0.64,12,1,19:29:03,00
201440,-15,24289,15.07,1,1,0.00,0.0,503,83,-979,43,984,1,46.3719800,-70.9427833,186.20,0.04,0.60,12,1,19:29:04,00
201903,-21,24289,15.10,1,1,0.00,0.0,503,83,-981,44,985,1,46.3719800,-70.9427833,186.20,0.04,0.60,12,1,19:29:04,00
202369,-15,24289,15.10,1,1,0.00,0.0,503,83,-980,45,985,1,46.3719798,-70.9427833,186.20,0.00,0.60,12,1,19:29:05,00
202839,-16,24289,15.05,1,1,0.00,0.0,503,83,-981,46,986,1,46.3719798,-70.9427833,186.20,0.00,0.60,12,1,19:29:05,00
203304,-1,24289,15.10,1,1,0.00,0.0,503,83,-980,44,985,1,46.3719797,-70.9427832,186.20,0.04,0.60,12,1,19:29:06,00
203768,-9,24289,15.06,1,1,0.00,0.0,503,82,-980,43,985,1,46.3719797,-70.9427832,186.10,0.04,0.60,12,1,19:29:06,00
204227,2,24289,15.11,1,1,0.00,0.0,503,84,-980,42,984,1,46.3719795,-70.9427830,186.10,0.06,0.60,12,1,19:29:07,00
204690,-11,24289,15.05,1,1,0.00,0.0,503,82,-980,41,984,1,46.3719795,-70.9427830,186.10,0.06,0.60,12,1,19:29:07,00
205153,-9,24289,15.09,1,1,0.00,0.0,503,82,-980,40,984,1,46.3719795,-70.9427830,186.10,0.06,0.60,12,1,19:29:07,00
205618,-14,24289,15.11,1,1,0.00,0.0,503,83,-980,43,985,1,46.3719793,-70.9427830,186.00,0.06,0.60,12,1,19:29:08,00
206082,-14,24289,15.05,1,1,0.00,0.0,503,83,-980,44,984,1,46.3719793,-70.9427830,186.00,0.06,0.60,12,1,19:29:08,00
206542,-2,24289,15.10,1,1,0.00,0.0,503,83,-981,48,986,1,46.3719790,-70.9427828,185.90,0.02,0.60,12,1,19:29:09,00
207002,6,24289,14.99,1,1,0.00,0.0,503,84,-981,46,985,1,46.3719790,-70.9427828,185.90,0.02,0.60,12,1,19:29:09,00
207465,9,24289,15.02,1,1,0.00,0.0,503,82,-980,44,984,1,46.3719788,-70.9427827,185.80,0.00,0.60,12,1,19:29:10,00
207928,-5,24289,15.03,1,1,0.00,0.0,503,84,-983,53,988,1,46.3719788,-70.9427827,185.80,0.00,0.60,12,1,19:29:10,00
208389,-8,24289,15.05,1,1,0.00,0.0,503,83,-981,54,986,1,46.3719787,-70.9427825,185.80,0.04,0.60,12,1,19:29:11,00
208854,-11,24289,15.04,1,1,0.00,0.0,503,82,-980,41,984,1,46.3719787,-70.9427825,185.80,0.04,0.60,12,1,19:29:11,00
209317,-11,24289,15.03,1,1,0.00,0.0,503,83,-979,40,984,1,46.3719785,-70.9427823,185.70,0.04,0.60,12,1,19:29:12,00
209788,-32,24289,15.05,1,1,0.00,0.0,503,83,-979,38,984,1,46.3719785,-70.9427823,185.70,0.04,0.60,12,1,19:29:12,00
210255,0,24289,14.99,1,1,0.00,0.0,503,82,-981,45,985,1,46.3719783,-70.9427823,185.70,0.04,0.60,12,1,19:29:13,00
210719,-11,24289,15.07,1,1,0.00,0.0,503,84,-982,49,987,1,46.3719783,-70.9427823,185.70,0.04,0.60,12,1,19:29:13,00
211183,-20,24289,15.15,1,1,0.00,0.0,503,84,-980,43,984,1,46.3719783,-70.9427823,185.70,0.04,0.60,12,1,19:29:13,00
211644,-6,24289,15.06,1,1,0.00,0.0,503,82,-981,44,985,1,46.3719783,-70.9427823,185.70,0.02,0.60,12,1,19:29:14,00
212116,-24,24289,15.13,1,1,0.00,0.0,503,82,-981,46,986,1,46.3719783,-70.9427823,185.70,0.02,0.60,12,1,19:29:14,00
212653,-17,24289,15.05,1,1,0.00,0.0,503,83,-980,46,985,1,46.3719782,-70.9427823,185.70,0.02,0.60,12,1,19:29:15,00
213106,-20,24289,15.06,1,1,0.00,0.0,503,83,-980,44,984,1,46.3719782,-70.9427823,185.70,0.02,0.60,12,1,19:29:15,00
213557,-10,24289,15.07,1,1,0.00,0.0,503,83,-981,46,985,1,46.3719780,-70.9427822,185.70,0.00,0.60,12,1,19:29:16,00
214007,-22,24289,15.02,1,1,0.00,0.0,503,83,-981,43,985,1,46.3719780,-70.9427822,185.70,0.00,0.60,12,1,19:29:16,00
214469,-11,24289,15.05,1,1,0.00,0.0,503,82,-980,44,984,1,46.3719778,-70.9427822,185.70,0.04,0.60,12,1,19:29:17,00
214922,-7,24289,15.06,1,1,0.00,0.0,503,83,-982,42,986,1,46.3719778,-70.9427822,185.70,0.04,0.60,12,1,19:29:17,00
215378,-9,24289,15.14,1,1,0.00,0.0,503,83,-980,40,985,1,46.3719775,-70.9427817,185.70,0.04,0.60,12,1,19:29:18,00
215836,-21,24289,15.09,1,1,0.00,0.0,503,83,-980,44,984,1,46.3719775,-70.9427817,185.70,0.04,0.60,12,1,19:29:18,00
216292,-1,24289,15.07,1,1,0.00,0.0,503,83,-980,44,985,1,46.3719773,-70.9427813,185.70,0.06,0.60,12,1,19:29:19,00
216762,-14,24289,14.89,1,1,0.00,0.0,503,127,-1060,70,1070,1,46.3719773,-70.9427813,185.70,0.06,0.60,12,1,19:29:19,00
217217,-12,24289,15.11,1,1,0.00,0.0,503,84,-982,44,986,1,46.3719772,-70.9427808,185.70,0.06,0.60,12,1,19:29:20,00
217673,-17,24289,15.07,1,1,0.00,0.0,503,86,-979,46,984,1,46.3719772,-70.9427808,185.70,0.06,0.60,12,1,19:29:20,00
218130,-19,24289,15.05,1,1,0.00,0.0,503,84,-979,42,984,1,46.3719772,-70.9427808,185.70,0.06,0.60,12,1,19:29:20,00
218587,-9,24289,15.07,1,1,0.00,0.0,503,82,-979,36,983,1,46.3719768,-70.9427805,185.70,0.00,0.62,12,1,19:29:21,00
219051,-3,24289,14.99,1,1,0.00,0.0,503,87,-977,44,982,1,46.3719768,-70.9427805,185.70,0.00,0.62,12,1,19:29:21,00
219504,-3,24289,15.00,1,1,0.00,0.0,503,83,-980,49,984,1,46.3719768,-70.9427805,185.60,0.00,0.62,12,1,19:29:22,00
219960,2,24289,15.03,1,1,0.00,0.0,503,81,-980,40,984,1,46.3719768,-70.9427805,185.60,0.00,0.62,12,1,19:29:22,00
220422,2,24289,15.06,1,1,0.00,0.0,503,82,-980,47,985,1,46.3719767,-70.9427803,185.60,0.00,0.62,12,1,19:29:23,00
220886,-8,24289,15.06,1,1,0.00,0.0,503,83,-982,48,986,1,46.3719767,-70.9427803,185.60,0.00,0.62,12,1,19:29:23,00
221349,14,24289,15.05,1,1,0.00,0.0,503,83,-980,44,985,1,46.3719767,-70.9427802,185.60,0.04,0.60,12,1,19:29:24,00
221808,-1,24289,14.97,1,1,0.00,0.0,503,82,-979,43,983,1,46.3719767,-70.9427802,185.60,0.04,0.60,12,1,19:29:24,00
222269,-3,24289,14.99,1,1,0.00,0.0,503,84,-979,38,984,1,46.3719767,-70.9427800,185.60,0.04,0.60,12,1,19:29:25,00
222735,-10,24289,15.08,1,1,0.00,0.0,503,80,-983,48,988,1,46.3719767,-70.9427800,185.60,0.04,0.63,12,1,19:29:25,00
223201,-15,24289,15.11,1,1,0.00,0.0,503,82,-980,47,985,1,46.3719765,-70.9427800,185.60,0.19,0.63,12,1,19:29:26,00
223670,-13,24289,14.97,1,1,0.00,0.0,503,82,-981,47,985,1,46.3719765,-70.9427800,185.50,0.19,0.63,12,1,19:29:26,00
224133,-17,24289,14.95,1,1,0.00,0.0,503,82,-980,50,985,1,46.3719765,-70.9427800,185.50,0.19,0.63,12,1,19:29:26,00
224604,-19,24289,15.06,1,1,0.00,0.0,503,84,-980,42,984,1,46.3719763,-70.9427798,185.30,0.09,0.62,12,1,19:29:27,00
225072,-21,24289,14.98,1,1,0.00,0.0,503,83,-981,48,986,1,46.3719763,-70.9427798,185.30,0.09,0.62,12,1,19:29:27,00
225539,-19,24289,15.07,1,1,0.00,0.0,503,85,-979,44,984,1,46.3719763,-70.9427797,185.30,0.07,0.61,12,1,19:29:28,00
226010,-28,24289,14.96,1,1,0.00,0.0,503,84,-982,51,986,1,46.3719763,-70.9427797,185.30,0.07,0.61,12,1,19:29:28,00
226478,-14,24289,15.06,1,1,0.00,0.0,503,83,-981,48,986,1,46.3719763,-70.9427798,185.40,0.00,0.60,12,1,19:29:29,00
226947,-18,24289,15.02,1,1,0.00,0.0,503,84,-981,55,986,1,46.3719763,-70.9427798,185.40,0.00,0.60,12,1,19:29:29,00
227479,-17,24289,15.03,1,1,0.00,0.0,503,83,-981,54,986,1,46.3719762,-70.9427795,185.40,0.00,0.60,12,1,19:29:30,00
227933,-26,24289,14.88,1,1,0.00,0.0,503,83,-978,40,982,1,46.3719762,-70.9427795,185.40,0.00,0.60,12,1,19:29:30,00
228394,-17,24289,14.97,1,1,0.00,0.0,503,82,-981,30,985,1,46.3719762,-70.9427795,185.30,0.00,0.60,12,1,19:29:31,00
228856,-11,24289,15.04,1,1,0.00,0.0,503,80,-980,42,984,1,46.3719762,-70.9427795,185.30,0.00,0.60,12,1,19:29:31,00
229309,3,24289,14.95,1,1,0.00,0.0,503,81,-980,46,985,1,46.3719762,-70.9427797,185.30,0.04,0.64,12,1,19:29:32,00
229767,-14,24289,14.98,1,1,0.00,0.0,503,80,-978,29,981,1,46.3719762,-70.9427797,185.30,0.04,0.64,12,1,19:29:32,00
230224,9,24289,15.06,1,1,0.00,0.0,503,82,-979,32,983,1,46.3719762,-70.9427797,185.30,0.06,0.64,12,1,19:29:33,00
230693,-12,24289,14.93,1,1,0.00,0.0,503,83,-980,54,985,1,46.3719762,-70.9427797,185.30,0.06,0.60,12,1,19:29:33,00
231154,-17,24289,14.98,1,1,0.00,0.0,503,82,-983,43,987,1,46.3719762,-70.9427797,185.30,0.06,0.60,12,1,19:29:33,00
231613,-19,24289,15.05,1,1,0.00,0.0,503,85,-980,60,986,1,46.3719762,-70.9427795,185.30,0.07,0.60,12,1,19:29:34,00
232066,-13,24289,14.98,1,1,0.00,0.0,503,78,-981,46,985,1,46.3719762,-70.9427795,185.30,0.07,0.60,12,1,19:29:34,00
232533,-13,24289,15.10,1,1,0.00,0.0,503,81,-979,35,983,1,46.3719760,-70.9427797,185.40,0.02,0.60,12,1,19:29:35,00
232999,0,24289,14.96,1,1,0.00,0.0,503,81,-980,45,985,1,46.3719760,-70.9427797,185.40,0.02,0.60,12,1,19:29:35,00
233458,-7,24289,15.08,1,1,0.00,0.0,503,82,-983,59,988,1,46.3719760,-70.9427802,185.40,0.04,0.60,12,1,19:29:36,00
233915,-13,24289,15.04,1,1,0.00,0.0,503,84,-981,50,986,1,46.3719760,-70.9427802,185.40,0.04,0.60,12,1,19:29:36,00
234374,-24,24289,15.09,1,1,0.00,0.0,503,83,-981,43,985,1,46.3719762,-70.9427807,185.40,0.04,0.60,12,1,19:29:37,00
234834,-24,24289,15.09,1,1,0.00,0.0,503,84,-981,47,985,1,46.3719762,-70.9427807,185.40,0.04,0.60,12,1,19:29:37,00
235302,-6,24289,15.12,1,1,0.00,0.0,503,83,-981,49,985,1,46.3719758,-70.9427812,185.40,0.04,0.60,12,1,19:29:38,00
235762,-1,24289,15.14,1,1,0.00,0.0,503,82,-980,41,984,1,46.3719758,-70.9427812,185.40,0.04,0.60,12,1,19:29:38,00
236220,4,24289,15.13,1,1,0.00,0.0,503,83,-979,51,984,1,46.3719758,-70.9427813,185.40,0.02,0.60,12,1,19:29:39,00
236677,-5,24289,15.09,1,1,0.00,0.0,503,81,-985,42,989,1,46.3719758,-70.9427813,185.50,0.02,0.60,12,1,19:29:39,00
237144,-8,24289,15.05,1,1,0.00,0.0,503,83,-981,45,986,1,46.3719758,-70.9427813,185.50,0.02,0.60,12,1,19:29:39,00
237613,-6,24289,15.09,1,1,0.00,0.0,503,78,-984,46,988,1,46.3719757,-70.9427817,185.50,0.00,0.60,12,1,19:29:40,00
238081,5,24289,15.15,1,1,0.00,0.0,503,83,-980,47,984,1,46.3719757,-70.9427817,185.50,0.00,0.60,12,1,19:29:40,00
238546,4,24289,15.07,1,1,0.00,0.0,503,83,-981,46,985,1,46.3719757,-70.9427818,185.40,0.06,0.60,12,1,19:29:41,00
239011,2,24289,15.12,1,1,0.00,0.0,503,77,-986,50,991,1,46.3719757,-70.9427818,185.40,0.06,0.60,12,1,19:29:41,00
239479,-3,24289,15.07,1,1,0.00,0.0,503,85,-981,47,986,1,46.3719757,-70.9427820,185.40,0.02,0.60,12,1,19:29:42,00
239946,1,24289,15.13,1,1,0.00,0.0,503,83,-982,47,987,1,46.3719757,-70.9427820,185.40,0.02,0.60,12,1,19:29:42,00
240408,-16,24289,15.15,1,1,0.00,0.0,503,81,-980,46,985,1,46.3719757,-70.9427822,185.50,0.04,0.60,12,1,19:29:43,00
240874,0,24289,15.04,1,1,0.00,0.0,503,84,-982,55,987,1,46.3719757,-70.9427822,185.50,0.04,0.60,12,1,19:29:43,00
241341,2,24289,15.14,1,1,0.00,0.0,503,83,-981,53,986,1,46.3719760,-70.9427828,185.60,0.28,0.64,12,1,19:29:44,00
241802,0,24289,15.09,1,1,0.00,0.0,503,83,-981,54,986,1,46.3719760,-70.9427828,185.60,0.28,0.64,12,1,19:29:44,00
242346,10,24289,15.09,1,1,0.00,0.0,503,82,-980,44,984,1,46.3719762,-70.9427830,185.60,0.17,0.64,12,1,19:29:45,00
242797,3,24289,15.16,1,1,0.00,0.0,503,84,-981,58,986,1,46.3719762,-70.9427830,185.60,0.17,0.64,12,1,19:29:45,00
243252,-5,24289,15.16,1,1,0.00,0.0,503,83,-978,44,983,1,46.3719763,-70.9427830,185.60,0.07,0.64,12,1,19:29:46,00
243712,-1,24289,15.12,1,1,0.00,0.0,503,84,-979,50,984,1,46.3719763,-70.9427830,185.50,0.07,0.64,12,1,19:29:46,00
244170,0,24289,15.11,1,1,0.00,0.0,503,83,-979,48,984,1,46.3719765,-70.9427832,185.50,0.00,0.64,12,1,19:29:47,00
244629,0,24289,15.15,1,1,0.00,0.0,503,81,-979,48,984,1,46.3719765,-70.9427832,185.50,0.00,0.64,12,1,19:29:47,00
245087,-25,24289,15.09,1,1,0.00,0.0,503,81,-978,45,983,1,46.3719765,-70.9427832,185.50,0.00,0.64,12,1,19:29:47,00
245548,-7,24289,15.11,1,1,0.00,0.0,503,81,-980,49,984,1,46.3719765,-70.9427830,185.50,0.06,0.64,12,1,19:29:48,00
246004,-21,24289,15.10,1,1,0.00,0.0,503,82,-980,52,985,1,46.3719765,-70.9427830,185.50,0.06,0.64,12,1,19:29:48,00
246461,-9,24289,15.12,1,1,0.00,0.0,503,84,-980,50,985,1,46.3719767,-70.9427825,185.50,0.11,0.66,12,1,19:29:49,00
246924,-11,24289,15.13,1,1,0.00,0.0,503,83,-981,31,985,1,46.3719767,-70.9427825,185.50,0.11,0.66,12,1,19:29:49,00
247378,-3,24289,15.21,1,1,0.00,0.0,503,87,-980,55,986,1,46.3719767,-70.9427822,185.50,0.13,0.64,12,1,19:29:50,00
247833,-2,24289,15.05,1,1,0.00,0.0,503,79,-981,59,986,1,46.3719767,-70.9427822,185.50,0.13,0.64,12,1,19:29:50,00
248288,8,24289,15.03,1,1,0.00,0.0,503,84,-980,54,985,1,46.3719767,-70.9427825,185.60,0.15,0.66,12,1,19:29:51,00
248748,-3,24289,15.08,1,1,0.00,0.0,503,96,-978,19,982,1,46.3719767,-70.9427825,185.60,0.15,0.66,12,1,19:29:51,00
249213,-8,24289,15.14,1,1,0.00,0.0,503,72,-996,84,1002,1,46.3719765,-70.9427832,185.60,0.24,0.66,12,1,19:29:52,00
249673,-21,24289,14.97,1,1,0.00,0.0,503,91,-977,60,983,1,46.3719765,-70.9427832,185.50,0.24,0.66,12,1,19:29:52,00
250133,-15,24289,14.99,1,1,0.00,0.0,503,78,-1029,49,1033,1,46.3719760,-70.9427842,185.50,0.41,0.66,12,1,19:29:53,00
250595,-17,24289,14.95,1,1,0.00,0.0,503,104,-971,75,979,1,46.3719760,-70.9427842,185.40,0.41,0.63,12,1,19:29:53,00
251055,-16,24289,14.96,1,1,0.00,0.0,503,112,-958,76,967,1,46.3719760,-70.9427842,185.40,0.41,0.63,12,1,19:29:53,00
251520,-15,24289,14.99,1,1,0.00,0.0,503,119,-985,100,997,1,46.3719757,-70.9427843,185.30,0.06,0.63,12,1,19:29:54,00
251984,-22,24289,14.84,1,1,0.00,0.0,503,130,-943,196,972,1,46.3719757,-70.9427843,185.30,0.06,0.63,12,1,19:29:54,00
252446,-17,24289,14.87,1,1,0.00,0.0,503,112,-951,192,977,1,46.3719757,-70.9427848,185.40,0.02,0.60,12,1,19:29:55,00
252910,-13,24289,14.83,1,1,0.00,0.0,503,106,-977,127,991,1,46.3719757,-70.9427848,185.40,0.02,0.60,12,1,19:29:55,00
253373,-18,24289,14.81,1,1,0.00,0.0,503,119,-994,94,1005,1,46.3719753,-70.9427845,185.30,0.04,0.63,12,1,19:29:56,00
253848,-14,24289,14.87,1,1,0.00,0.0,503,85,-998,39,1002,1,46.3719753,-70.9427845,185.30,0.04,0.63,12,1,19:29:56,00
254315,-24,24289,14.83,1,1,0.00,0.0,503,88,-986,35,991,1,46.3719755,-70.9427840,185.40,0.07,0.63,12,1,19:29:57,00
254778,-19,24289,14.92,1,1,0.00,0.0,503,96,-991,50,997,1,46.3719755,-70.9427840,185.40,0.07,0.63,12,1,19:29:57,00
255241,-2,24289,14.93,1,1,0.00,0.0,503,84,-950,42,954,1,46.3719755,-70.9427832,185.40,0.15,0.63,12,1,19:29:58,00
255702,-27,24289,14.90,1,1,0.00,0.0,503,71,-998,53,1002,1,46.3719755,-70.9427832,185.40,0.15,0.60,12,1,19:29:58,00
256177,-18,24289,14.98,1,1,0.00,0.0,503,14,-984,38,984,1,46.3719755,-70.9427832,185.40,0.15,0.60,12,1,19:29:58,00
256640,-36,24289,14.86,1,1,0.00,0.0,503,-7,-981,16,981,1,46.3719757,-70.9427833,185.50,0.17,0.60,12,1,19:29:59,00
257169,-25,24289,14.99,1,1,0.00,0.0,503,4,-989,39,989,1,46.3719757,-70.9427830,185.50,0.02,0.60,12,1,19:30:00,00
257626,-26,24289,14.86,1,1,0.00,0.0,503,-22,-1004,61,1006,1,46.3719757,-70.9427830,185.50,0.02,0.60,12,1,19:30:00,00
258086,-10,24289,14.95,1,1,0.00,0.0,503,85,-1064,-25,1067,1,46.3719757,-70.9427830,185.50,0.02,0.60,12,1,19:30:00,00
258548,-9,24289,14.87,1,1,0.00,0.0,503,56,-974,21,976,1,46.3719762,-70.9427828,185.40,0.09,0.60,12,1,19:30:01,00
259003,-6,24289,14.93,1,1,0.00,0.0,503,51,-986,-3,987,1,46.3719762,-70.9427828,185.40,0.09,0.60,12,1,19:30:01,00
259464,-16,24289,14.95,1,1,0.00,0.0,503,54,-976,11,978,1,46.3719768,-70.9427832,185.40,0.30,0.60,12,1,19:30:02,00
259924,-29,24289,14.81,1,1,0.00,0.0,504,34,-985,23,986,1,46.3719768,-70.9427832,185.40,0.30,0.60,12,1,19:30:02,00
260386,-31,24289,14.82,1,1,0.00,0.0,504,62,-979,52,983,1,46.3719767,-70.9427835,185.30,0.15,0.60,12,1,19:30:03,00
260848,-38,24289,14.83,1,1,0.00,0.0,504,56,-984,53,987,1,46.3719767,-70.9427835,185.30,0.15,0.60,12,1,19:30:03,00
261311,-30,24289,14.79,1,1,0.00,0.0,504,50,-982,38,984,1,46.3719765,-70.9427832,185.20,0.17,0.60,12,1,19:30:04,00
261774,-41,24289,14.77,1,1,0.00,0.0,504,52,-995,22,996,1,46.3719765,-70.9427832,185.20,0.17,0.60,12,1,19:30:04,00
262238,-32,24289,14.83,1,1,0.00,0.0,504,49,-981,39,983,1,46.3719765,-70.9427833,185.20,0.07,0.60,12,1,19:30:05,00
262698,-31,24289,14.83,1,1,0.00,0.0,504,61,-978,51,981,1,46.3719765,-70.9427833,185.20,0.07,0.60,12,1,19:30:05,00
263162,-32,24289,14.95,1,1,0.00,0.0,504,53,-981,45,984,1,46.3719768,-70.9427845,185.20,0.17,0.60,12,1,19:30:06,00
263625,-27,24289,14.81,1,1,0.00,0.0,504,57,-979,52,982,1,46.3719768,-70.9427845,185.00,0.17,0.60,12,1,19:30:06,00
264095,-27,24289,14.86,1,1,0.00,0.0,504,52,-1014,43,1017,1,46.3719768,-70.9427845,185.00,0.17,0.60,12,1,19:30:06,00
264563,-12,24289,14.91,1,1,0.00,0.0,504,58,-946,-6,948,1,46.3719770,-70.9427848,184.80,0.09,0.60,12,1,19:30:07,00
265024,-19,24289,14.84,1,1,0.00,0.0,504,52,-995,48,997,1,46.3719770,-70.9427848,184.80,0.09,0.60,12,1,19:30:07,00
265495,476,24289,15.33,1,1,0.00,0.0,505,32,-992,49,994,1,46.3719768,-70.9427842,184.70,0.26,0.60,12,1,19:30:08,00
265955,556,24289,15.14,1,1,0.00,0.0,505,39,-981,46,983,1,46.3719768,-70.9427842,184.70,0.26,0.60,12,1,19:30:08,00
266418,-30,24289,14.73,1,1,0.48,5.0,506,64,-987,50,991,1,46.3719767,-70.9427840,184.60,0.07,0.60,12,1,19:30:09,00
266880,-22,24289,14.88,1,1,0.48,5.0,506,67,-984,29,987,1,46.3719767,-70.9427840,184.60,0.07,0.60,12,1,19:30:09,00
267346,-20,24289,14.82,1,1,0.48,5.0,506,63,-983,14,985,1,46.3719765,-70.9427840,184.60,0.06,0.60,12,1,19:30:10,00
267825,-28,24289,14.81,1,1,0.48,5.0,506,54,-984,37,986,1,46.3719765,-70.9427840,184.60,0.06,0.60,12,1,19:30:10,00
268301,-11,24289,14.87,1,1,0.48,5.0,506,53,-982,39,984,1,46.3719763,-70.9427840,184.60,0.07,0.60,12,1,19:30:11,00
268774,-16,24289,14.89,1,1,0.00,0.0,506,54,-983,32,985,1,46.3719763,-70.9427840,184.60,0.07,0.60,12,1,19:30:11,00
269241,-17,24289,14.78,1,1,0.00,0.0,507,59,-981,30,983,1,46.3719758,-70.9427830,184.60,0.19,0.60,12,1,19:30:12,00
269713,-32,24289,14.79,1,1,0.00,0.0,507,49,-978,27,979,1,46.3719758,-70.9427830,184.70,0.19,0.60,12,1,19:30:12,00
270198,-16,24289,14.82,1,1,0.00,0.0,507,52,-983,72,987,1,46.3719757,-70.9427822,184.70,0.00,0.60,12,1,19:30:13,00
270681,-14,24289,14.82,1,1,0.00,0.0,507,58,-973,34,975,1,46.3719757,-70.9427822,184.70,0.00,0.60,12,1,19:30:13,00
271158,-33,24289,14.78,1,1,0.00,0.0,508,54,-979,28,980,1,46.3719757,-70.9427822,184.70,0.00,0.60,12,1,19:30:13,00
271626,-33,24289,14.76,1,1,0.00,0.0,508,59,-976,19,978,1,46.3719757,-70.9427818,184.80,0.02,0.60,12,1,19:30:14,00
272166,-25,24289,14.99,1,1,0.00,0.0,508,55,-977,0,979,1,46.3719757,-70.9427818,184.80,0.02,0.60,12,1,19:30:14,00
272623,-26,24289,14.84,1,1,0.00,0.0,508,68,-971,-2,973,1,46.3719755,-70.9427817,184.80,0.04,0.60,12,1,19:30:15,00
273100,-32,24289,14.81,1,1,0.00,0.0,508,52,-984,41,987,1,46.3719755,-70.9427817,184.80,0.04,0.60,12,1,19:30:15,00
273563,-28,24289,14.72,1,1,0.00,0.0,508,50,-983,45,986,1,46.3719757,-70.9427807,184.80,0.43,0.60,12,1,19:30:16,00
274021,-26,24289,14.89,1,1,0.00,0.0,508,57,-971,-16,972,1,46.3719757,-70.9427807,184.80,0.43,0.60,12,1,19:30:16,00
274480,-31,24289,14.75,1,1,0.00,0.0,508,56,-986,52,989,1,46.3719762,-70.9427797,184.80,0.24,0.60,12,1,19:30:17,00
274939,-26,24289,14.72,1,1,0.00,0.0,508,46,-951,10,952,1,46.3719762,-70.9427797,184.80,0.24,0.60,12,1,19:30:17,00
275405,-29,24289,14.62,1,1,0.00,0.0,508,53,-986,-14,987,1,46.3719763,-70.9427798,184.70,0.15,0.60,12,1,19:30:18,00
275869,1708,24289,15.79,1,1,0.00,0.0,508,14,-984,9,984,1,46.3719763,-70.9427798,184.70,0.15,0.60,12,1,19:30:18,00
276327,6480,24289,16.98,1,1,0.00,0.0,509,-17,-962,30,962,1,46.3719763,-70.9427805,184.70,0.09,0.60,12,1,19:30:19,00
276786,12923,24289,17.97,1,1,1.04,10.9,510,-21,-1029,33,1030,1,46.3719763,-70.9427805,184.70,0.09,0.60,12,1,19:30:19,00
277250,19108,24289,17.69,1,1,1.85,19.3,512,92,-950,-16,954,1,46.3719762,-70.9427808,184.70,0.07,0.60,12,1,19:30:20,00
277723,-41,24289,14.76,1,1,2.97,31.0,515,170,-975,10,989,1,46.3719762,-70.9427808,184.70,0.07,0.60,12,1,19:30:20,00
278195,-31,24289,14.90,1,1,2.36,24.7,517,61,-989,51,992,1,46.3719762,-70.9427808,184.70,0.07,0.60,12,1,19:30:21,00
278659,-41,24289,14.83,1,1,1.82,19.0,518,89,-963,15,967,1,46.3719762,-70.9427808,184.50,0.07,0.60,12,1,19:30:21,00
279123,-46,24289,14.82,1,1,1.82,19.0,518,131,-984,23,993,1,46.3719762,-70.9427808,184.50,0.07,0.60,12,1,19:30:21,00
279601,-39,24289,14.78,1,1,0.42,4.4,519,49,-1007,17,1008,1,46.3719762,-70.9427808,184.50,0.07,0.60,12,1,19:30:21,00
280069,-36,24289,14.81,1,1,1.92,20.1,521,63,-909,30,911,1,46.3719762,-70.9427808,184.50,0.07,0.60,12,1,19:30:21,00
280536,-34,24289,14.79,1,1,1.96,20.5,523,19,-1039,26,1039,1,46.3719765,-70.9427812,184.50,0.15,0.60,12,1,19:30:23,00
280997,-42,24289,14.76,1,1,1.82,19.0,524,13,-949,42,950,1,46.3719765,-70.9427812,184.50,0.15,0.60,12,1,19:30:23,00
281463,-41,24289,14.75,1,1,1.30,13.6,526,18,-993,17,994,1,46.3719762,-70.9427812,184.40,0.06,0.60,12,1,19:30:24,00
281930,-18,24289,14.74,1,1,1.30,13.6,526,47,-995,28,997,1,46.3719762,-70.9427812,184.40,0.06,0.60,12,1,19:30:24,00
282398,-26,24289,14.73,1,1,1.30,13.6,526,30,-971,43,973,1,46.3719762,-70.9427805,184.40,0.11,0.60,12,1,19:30:25,00
282879,-36,24289,14.74,1,1,1.30,13.6,526,57,-977,26,979,1,46.3719762,-70.9427805,184.40,0.11,0.60,12,1,19:30:25,00
283357,-33,24289,14.73,1,1,1.30,13.6,526,55,-980,28,982,1,46.3719767,-70.9427797,184.40,0.33,0.60,12,1,19:30:26,00
283837,-31,24289,14.75,1,1,0.00,0.0,526,51,-984,35,986,1,46.3719767,-70.9427797,184.40,0.33,0.60,12,1,19:30:26,00
284312,-13,24289,14.75,1,1,0.00,0.0,526,50,-983,31,985,1,46.3719795,-70.9427732,184.40,3.00,0.60,12,1,19:30:27,00
284779,-16,24289,14.82,1,1,0.00,0.0,526,49,-981,27,982,1,46.3719795,-70.9427732,184.40,3.00,0.60,12,1,19:30:27,00
285244,-11,24289,14.80,1,1,0.00,0.0,526,53,-983,33,985,1,46.3719825,-70.9427672,184.40,1.67,0.60,12,1,19:30:28,00
285723,-23,24289,14.77,1,1,0.00,0.0,526,46,-979,20,980,1,46.3719825,-70.9427672,184.40,1.67,0.60,12,1,19:30:28,00
286200,-18,24289,14.91,1,1,0.00,0.0,526,52,-978,19,980,1,46.3719825,-70.9427672,184.40,1.67,0.60,12,1,19:30:28,00
286683,-12,24289,14.76,1,1,0.00,0.0,526,46,-982,37,984,1,46.3719825,-70.9427672,184.40,1.67,0.60,12,1,19:30:28,00
287220,-12,24289,14.86,1,1,0.00,0.0,526,54,-981,31,983,1,46.3719825,-70.9427672,184.40,1.67,0.60,12,1,19:30:28,00
287691,-19,24289,14.82,1,1,0.00,0.0,527,56,-980,30,982,1,46.3719813,-70.9427708,184.20,1.67,0.60,12,1,19:30:30,00
288165,-21,24289,14.90,1,1,0.00,0.0,527,44,-985,50,987,1,46.3719813,-70.9427708,184.20,1.67,0.60,12,1,19:30:30,00
288640,-19,24289,14.80,1,1,0.00,0.0,527,56,-984,34,987,1,46.3719795,-70.9427752,184.20,1.19,0.62,12,1,19:30:31,00
289120,-9,24289,14.76,1,1,0.00,0.0,527,54,-981,12,983,1,46.3719795,-70.9427752,184.20,1.19,0.62,12,1,19:30:31,00
289578,8,24289,14.86,1,1,0.00,0.0,527,48,-982,21,983,1,46.3719788,-70.9427767,184.20,0.15,0.60,12,1,19:30:32,00
290055,7,24289,14.87,1,1,0.00,0.0,527,48,-983,43,985,1,46.3719788,-70.9427767,184.20,0.15,0.60,12,1,19:30:32,00
290516,3,24289,14.92,1,1,0.00,0.0,527,52,-990,-36,992,1,46.3719790,-70.9427763,184.20,0.17,0.62,12,1,19:30:33,00
290985,3,24289,14.80,1,1,0.00,0.0,528,58,-981,-41,983,1,46.3719790,-70.9427763,184.20,0.17,0.62,12,1,19:30:33,00
291467,-21,24289,14.76,1,1,0.00,0.0,528,50,-985,54,988,1,46.3719790,-70.9427765,184.20,0.17,0.60,12,1,19:30:34,00
291933,-19,24289,14.80,1,1,0.00,0.0,528,76,-1033,74,1038,1,46.3719790,-70.9427765,184.20,0.17,0.60,12,1,19:30:34,00
292398,-2,24289,14.79,1,1,0.00,0.0,528,58,-981,48,983,1,46.3719792,-70.9427767,184.20,0.02,0.60,12,1,19:30:35,00
292867,6,24289,14.87,1,1,0.00,0.0,528,60,-972,43,975,1,46.3719792,-70.9427767,184.20,0.02,0.60,12,1,19:30:35,00
293329,20,24289,14.94,1,1,0.00,0.0,528,-22,-1010,123,1018,1,46.3719753,-70.9427822,184.20,3.00,0.60,12,1,19:30:36,00
293809,-12,24289,14.79,1,1,0.00,0.0,528,24,-957,15,957,1,46.3719753,-70.9427822,18.88,3.00,0.64,12,1,19:30:36,00
294276,9,24289,14.84,1,1,0.00,0.0,528,64,-972,-59,976,1,46.3719753,-70.9427822,18.88,3.00,0.64,12,1,19:30:36,00
294749,6,24289,14.93,1,1,0.00,0.0,528,53,-971,-34,973,1,46.3719762,-70.9427812,184.50,3.00,0.64,12,1,19:30:37,00
295225,7,24289,15.03,1,1,0.00,0.0,528,43,-982,20,983,1,46.3719762,-70.9427812,184.50,3.00,0.64,12,1,19:30:37,00
295696,13,24289,14.88,1,1,0.00,0.0,528,42,-979,18,981,1,46.3719760,-70.9427823,184.60,0.26,0.64,12,1,19:30:38,00
296205,18,24289,15.02,1,1,0.00,0.0,528,55,-983,36,985,1,46.3719760,-70.9427823,184.60,0.26,0.64,12,1,19:30:38,00
296676,7,24289,14.92,1,1,0.00,0.0,528,55,-982,30,984,1,46.3719782,-70.9427815,184.20,0.44,0.61,12,1,19:30:39,00
297150,8,24289,14.82,1,1,0.00,0.0,528,54,-982,37,984,1,46.3719782,-70.9427815,184.20,0.44,0.61,12,1,19:30:39,00
297621,11,24289,14.79,1,1,0.00,0.0,528,50,-982,35,984,1,46.3719785,-70.9427815,184.30,0.22,0.60,12,1,19:30:40,00
298097,139,24289,15.09,1,1,0.00,0.0,528,40,-983,34,984,1,46.3719785,-70.9427815,184.30,0.22,0.60,12,1,19:30:40,00
298572,3044,24289,16.25,1,1,0.00,0.0,528,26,-983,35,984,1,46.3719780,-70.9427808,184.30,0.11,0.60,12,1,19:30:41,00
299042,8921,24289,17.54,1,1,0.00,0.0,529,8,-979,21,979,1,46.3719780,-70.9427808,184.30,0.11,0.60,12,1,19:30:41,00
299514,16846,24289,18.66,1,1,0.88,9.2,530,-28,-981,2,981,1,46.3719782,-70.9427802,184.30,0.30,0.60,12,1,19:30:42,00
299983,-20,24289,14.94,1,1,0.91,9.5,531,37,-978,47,980,1,46.3719782,-70.9427802,184.30,0.30,0.60,12,1,19:30:42,00
300461,-25,24289,14.93,1,1,0.91,9.5,531,63,-979,5,981,1,46.3719798,-70.9427788,184.20,0.35,0.64,12,1,19:30:43,00
300935,-17,24289,14.95,1,1,1.15,12.0,533,73,-974,16,977,1,46.3719798,-70.9427788,184.20,0.35,0.64,12,1,19:30:43,00
301407,-28,24289,14.81,1,1,1.03,10.8,534,58,-988,53,991,1,46.3719812,-70.9427773,184.10,0.02,0.60,12,1,19:30:44,00
301881,-18,24289,14.92,1,1,1.03,10.8,534,90,-986,24,990,1,46.3719812,-70.9427773,184.10,0.02,0.60,12,1,19:30:44,00
302437,-26,24289,14.90,1,1,1.03,10.8,534,52,-977,-26,979,1,46.3719818,-70.9427760,184.00,0.04,0.60,12,1,19:30:45,00
302895,-11,24289,15.10,1,1,0.38,3.9,535,0,-969,80,972,1,46.3719818,-70.9427760,184.00,0.04,0.60,12,1,19:30:45,00
303364,2028,24289,15.69,1,1,0.38,3.9,535,12,-985,40,985,1,46.3719825,-70.9427742,184.00,0.09,0.60,12,1,19:30:46,00
303822,7413,24289,17.24,1,1,0.38,3.9,535,0,-984,21,984,1,46.3719825,-70.9427742,184.00,0.09,0.60,12,1,19:30:46,00
304288,14377,24289,18.51,1,1,0.29,3.1,536,-22,-981,25,981,1,46.3719825,-70.9427742,184.00,0.09,0.60,12,1,19:30:46,00
304750,19377,24289,19.15,1,1,1.07,11.2,537,-34,-975,22,976,1,46.3719828,-70.9427737,183.90,0.04,0.60,12,1,19:30:47,00
305214,19377,24289,19.33,1,1,2.05,21.5,539,-12,-983,19,983,1,46.3719828,-70.9427737,183.90,0.04,0.60,12,1,19:30:47,00
305680,-76,24289,15.09,1,1,3.07,32.1,542,33,-975,29,976,1,46.3719832,-70.9427732,183.90,0.04,0.60,12,1,19:30:48,00
306144,-80,24289,15.11,1,1,3.32,34.6,546,189,-983,61,1003,1,46.3719832,-70.9427732,183.90,0.04,0.60,12,1,19:30:48,00
306608,-75,24289,15.09,1,1,2.36,24.6,547,71,-984,58,989,1,46.3719840,-70.9427717,183.90,0.65,0.60,12,1,19:30:49,00
307072,-65,24289,15.00,1,1,2.36,24.6,547,59,-982,47,985,1,46.3719840,-70.9427717,183.90,0.65,0.60,12,1,19:30:49,00
307542,-74,24289,14.97,1,1,0.40,4.2,548,76,-979,33,983,1,46.3719857,-70.9427677,183.90,1.67,0.60,12,1,19:30:50,00
308012,-62,24289,14.99,1,1,0.40,4.2,548,58,-973,61,976,1,46.3719857,-70.9427677,183.90,1.67,0.60,12,1,19:30:50,00
308475,-56,24289,15.01,1,1,1.10,11.5,550,36,-982,51,984,1,46.3719873,-70.9427640,183.90,1.02,0.61,12,1,19:30:51,00
308940,-52,24289,15.01,1,1,1.19,12.4,551,38,-986,40,987,1,46.3719873,-70.9427640,183.90,1.02,0.61,12,1,19:30:51,00
309406,-51,24289,14.94,1,1,1.77,18.5,553,42,-983,45,985,1,46.3719877,-70.9427632,183.90,0.09,0.61,12,1,19:30:52,00
309868,-50,24289,14.87,1,1,1.23,12.9,554,38,-981,29,982,1,46.3719877,-70.9427632,183.80,0.09,0.60,12,1,19:30:52,00
310342,-39,24289,15.05,1,1,1.88,19.7,556,41,-988,20,989,1,46.3719877,-70.9427632,183.80,0.09,0.60,12,1,19:30:52,00
310806,-45,24289,15.02,1,1,1.66,17.4,557,50,-979,31,981,1,46.3719872,-70.9427637,183.80,0.35,0.60,12,1,19:30:53,00
311271,-17,24289,14.93,1,1,1.58,16.5,559,44,-962,19,963,1,46.3719872,-70.9427637,183.80,0.35,0.60,12,1,19:30:53,00
311735,-26,24289,15.05,1,1,2.03,21.2,561,32,-978,29,979,1,46.3719875,-70.9427627,183.80,0.57,0.60,12,1,19:30:54,00
312204,-25,24289,15.07,1,1,1.79,18.7,563,55,-967,13,968,1,46.3719875,-70.9427627,183.80,0.57,0.60,12,1,19:30:54,00
312676,-25,24289,15.00,1,1,1.81,18.9,565,41,-985,42,987,1,46.3719898,-70.9427565,183.80,2.48,0.60,12,1,19:30:55,00
313143,-22,24289,15.02,1,1,1.42,14.9,566,43,-981,32,982,1,46.3719898,-70.9427565,183.80,2.48,0.60,12,1,19:30:55,00
313615,-15,24289,14.97,1,1,1.84,19.2,568,27,-988,27,989,1,46.3719932,-70.9427482,183.80,2.72,0.60,12,1,19:30:56,00
314082,-28,24289,14.99,1,1,1.14,11.9,569,15,-973,36,973,1,46.3719932,-70.9427482,183.80,2.72,0.60,12,1,19:30:56,00
314548,-20,24289,15.05,1,1,1.03,10.7,570,15,-984,53,985,1,46.3719940,-70.9427462,183.80,0.17,0.60,12,1,19:30:57,00
315015,3,24289,15.09,1,1,1.03,10.7,570,42,-981,34,983,1,46.3719940,-70.9427462,183.80,0.17,0.60,12,1,19:30:57,00
315479,-9,24289,14.97,1,1,0.66,6.9,571,64,-985,29,988,1,46.3719927,-70.9427483,183.70,0.93,0.60,12,1,19:30:58,00
315940,3,24289,15.19,1,1,0.66,6.9,571,52,-980,34,982,1,46.3719927,-70.9427483,183.70,0.93,0.60,12,1,19:30:58,00
316411,-11,24289,15.05,1,1,0.40,4.2,572,46,-981,36,983,1,46.3719908,-70.9427520,183.70,1.41,0.60,12,1,19:30:59,00
316873,-14,24289,15.09,1,1,0.40,4.2,572,51,-985,35,986,1,46.3719908,-70.9427520,183.80,1.41,0.60,12,1,19:30:59,00
317410,-13,24289,15.13,1,1,0.40,4.2,572,52,-984,34,986,1,46.3719888,-70.9427570,183.80,1.57,0.60,12,1,19:31:00,00
317861,-8,24289,15.13,1,1,0.40,4.2,572,50,-984,33,985,1,46.3719888,-70.9427570,183.70,1.57,0.63,12,1,19:31:00,00
318316,-6,24289,15.14,1,1,0.40,4.2,572,54,-983,31,985,1,46.3719888,-70.9427570,183.70,1.57,0.63,12,1,19:31:00,00
318768,-4,24289,15.09,1,1,0.00,0.0,572,52,-983,39,985,1,46.3719867,-70.9427623,183.70,1.67,0.60,12,1,19:31:01,00
319225,-4,24289,15.22,1,1,0.00,0.0,572,32,-978,38,979,1,46.3719867,-70.9427623,183.70,1.67,0.60,12,1,19:31:01,00
319690,14,24289,15.36,1,1,0.00,0.0,572,49,-980,38,982,1,46.3719845,-70.9427677,183.70,1.70,0.60,12,1,19:31:02,00
320142,1620,24289,15.98,1,1,0.00,0.0,572,28,-984,41,985,1,46.3719845,-70.9427677,183.70,1.70,0.60,12,1,19:31:02,00
320598,6306,24289,17.35,1,1,0.00,0.0,573,22,-989,35,990,1,46.3719823,-70.9427728,183.80,1.56,0.60,12,1,19:31:03,00
321058,13460,24289,18.45,1,1,0.00,0.0,573,15,-985,25,986,1,46.3719823,-70.9427728,183.80,1.56,0.60,12,1,19:31:03,00
321522,19238,24289,19.41,1,1,0.97,10.1,575,-20,-989,16,989,1,46.3719808,-70.9427767,183.80,1.00,0.60,12,1,19:31:04,00
321982,9138,24289,15.31,1,1,2.25,23.5,577,44,-980,7,981,1,46.3719808,-70.9427767,183.80,1.00,0.60,12,1,19:31:04,00
322440,-60,24289,15.25,1,1,2.00,20.9,579,48,-985,24,987,1,46.3719805,-70.9427773,183.80,0.13,0.60,12,1,19:31:05,00
322900,75,24289,15.33,1,1,1.94,20.3,581,55,-948,6,949,1,46.3719805,-70.9427773,183.80,0.13,0.60,12,1,19:31:05,00
323362,1898,24289,15.31,1,1,2.54,26.5,583,62,-1002,24,1004,1,46.3719805,-70.9427773,183.80,0.13,0.60,12,1,19:31:05,00
323824,-39,24289,15.31,1,1,1.74,18.1,585,199,-969,9,989,1,46.3719803,-70.9427772,183.80,0.04,0.60,12,1,19:31:06,00
324290,-16,24289,15.25,1,1,1.74,18.1,585,-31,-992,30,993,1,46.3719803,-70.9427772,183.80,0.04,0.60,12,1,19:31:06,00
324750,-24,24289,15.32,1,1,1.74,18.1,585,-19,-982,48,983,1,46.3719803,-70.9427772,183.80,0.00,0.60,12,1,19:31:07,00
325215,-27,24289,15.36,1,1,1.74,18.1,585,25,-980,2,980,1,46.3719803,-70.9427772,183.80,0.00,0.60,12,1,19:31:07,00
325682,-13,24289,15.30,1,1,1.74,18.1,585,30,-991,28,992,1,46.3719802,-70.9427770,183.80,0.00,0.60,12,1,19:31:08,00
326146,-20,24289,15.36,1,1,0.00,0.0,585,85,-986,14,990,1,46.3719802,-70.9427770,183.80,0.00,0.60,12,1,19:31:08,00
326614,-14,24289,15.23,1,1,0.00,0.0,585,23,-990,6,990,1,46.3719798,-70.9427772,183.80,0.15,0.60,12,1,19:31:09,00
327075,-7,24289,15.41,1,1,0.00,0.0,585,62,-982,32,985,1,46.3719798,-70.9427772,183.80,0.15,0.60,12,1,19:31:09,00
327540,-15,24289,15.35,1,1,0.00,0.0,586,37,-993,37,994,1,46.3719797,-70.9427772,183.80,0.09,0.60,12,1,19:31:10,00
328009,-3,24289,15.45,1,1,0.00,0.0,586,22,-986,-2,987,1,46.3719797,-70.9427772,183.80,0.09,0.60,12,1,19:31:10,00
328474,-20,24289,15.34,1,1,0.47,4.9,587,20,-998,59,1000,1,46.3719807,-70.9427747,183.80,1.09,0.60,12,1,19:31:11,00
328944,-8,24289,15.38,1,1,0.47,4.9,587,-12,-981,-58,983,1,46.3719807,-70.9427747,183.70,1.09,0.60,12,1,19:31:11,00
329411,7,24289,15.34,1,1,0.47,4.9,587,-22,-984,49,986,1,46.3719835,-70.9427677,183.70,2.83,0.60,12,1,19:31:12,00
329878,3,24289,15.33,1,1,0.47,4.9,587,27,-986,47,987,1,46.3719835,-70.9427677,183.80,2.83,0.60,12,1,19:31:12,00
330346,-14,24289,15.29,1,1,0.47,4.9,587,57,-976,4,978,1,46.3719835,-70.9427677,183.80,2.83,0.60,12,1,19:31:12,00
330813,-27,24289,15.35,1,1,0.00,0.0,587,49,-986,1,988,1,46.3719867,-70.9427598,183.80,2.48,0.60,12,1,19:31:13,00
331286,9,24289,15.28,1,1,0.00,0.0,587,32,-960,22,961,1,46.3719867,-70.9427598,183.80,2.48,0.60,12,1,19:31:13,00
331750,0,24289,15.34,1,1,0.00,0.0,587,35,-982,11,983,1,46.3719883,-70.9427562,183.70,0.57,0.61,12,1,19:31:14,00
332285,1,24289,15.42,1,1,0.00,0.0,587,33,-983,25,983,1,46.3719883,-70.9427562,183.70,0.57,0.61,12,1,19:31:14,00
332737,-3,24289,15.30,1,1,0.00,0.0,587,28,-985,8,985,1,46.3719887,-70.9427555,183.70,0.09,0.60,12,1,19:31:15,00
333192,-18,24289,15.41,1,1,0.00,0.0,587,48,-982,30,983,1,46.3719887,-70.9427555,183.70,0.09,0.60,12,1,19:31:15,00
333659,-20,24289,15.36,1,1,0.00,0.0,587,17,-982,33,983,1,46.3719888,-70.9427548,183.70,0.24,0.60,12,1,19:31:16,00
334122,-7,24289,15.40,1,1,0.00,0.0,587,40,-983,25,984,1,46.3719888,-70.9427548,183.70,0.24,0.60,12,1,19:31:16,00
334578,-4,24289,15.46,1,1,0.00,0.0,587,35,-983,27,984,1,46.3719887,-70.9427555,183.60,0.33,0.60,12,1,19:31:17,00
335039,-25,24289,15.46,1,1,0.00,0.0,587,36,-983,26,984,1,46.3719887,-70.9427555,183.60,0.33,0.60,12,1,19:31:17,00
335499,-7,24289,15.46,1,1,0.00,0.0,587,39,-982,21,983,1,46.3719882,-70.9427570,183.60,0.44,0.60,12,1,19:31:18,00
335965,-21,24289,15.53,1,1,0.00,0.0,587,21,-982,26,983,1,46.3719882,-70.9427570,183.70,0.44,0.60,12,1,19:31:18,00
336425,-7,24289,15.49,1,1,0.00,0.0,587,54,-982,31,983,1,46.3719873,-70.9427577,183.70,0.39,0.60,12,1,19:31:19,00
336883,-14,24289,15.50,1,1,0.00,0.0,587,25,-984,20,985,1,46.3719873,-70.9427577,183.80,0.39,0.60,12,1,19:31:19,00
337339,-13,24289,15.52,1,1,0.00,0.0,587,39,-984,22,985,1,46.3719873,-70.9427577,183.80,0.39,0.60,12,1,19:31:19,00
337800,-21,24289,15.55,1,1,0.00,0.0,587,11,-982,27,983,1,46.3719870,-70.9427578,183.80,0.07,0.63,12,1,19:31:20,00
338262,0,24289,15.57,1,1,0.00,0.0,587,36,-984,17,985,1,46.3719870,-70.9427578,183.80,0.07,0.63,12,1,19:31:20,00
338726,-4,24289,15.61,1,1,0.00,0.0,587,44,-982,28,983,1,46.3719870,-70.9427577,183.80,0.06,0.60,12,1,19:31:21,00
339189,-2,24289,15.65,1,1,0.00,0.0,587,35,-983,28,984,1,46.3719870,-70.9427577,183.80,0.06,0.60,12,1,19:31:21,00
339657,4,24289,15.56,1,1,0.00,0.0,587,42,-991,35,992,1,46.3719865,-70.9427573,183.80,0.17,0.60,12,1,19:31:22,00
340120,6,24289,15.62,1,1,0.00,0.0,587,36,-982,28,983,1,46.3719865,-70.9427573,183.80,0.17,0.60,12,1,19:31:22,00
340589,-7,24289,15.63,1,1,0.00,0.0,587,33,-984,28,984,1,46.3719860,-70.9427577,183.90,0.09,0.60,12,1,19:31:23,00
341045,-10,24289,15.64,1,1,0.00,0.0,587,32,-986,25,987,1,46.3719860,-70.9427577,183.90,0.09,0.60,12,1,19:31:23,00
341505,-7,24289,15.67,1,1,0.00,0.0,587,33,-982,27,983,1,46.3719860,-70.9427578,183.90,0.02,0.60,12,1,19:31:24,00
341964,-5,24289,15.64,1,1,0.00,0.0,587,39,-981,29,982,1,46.3719860,-70.9427578,183.90,0.02,0.60,12,1,19:31:24,00
342429,6,24289,15.67,1,1,0.00,0.0,587,33,-982,27,983,1,46.3719858,-70.9427582,183.90,0.19,0.60,12,1,19:31:25,00
342906,-10,24289,15.66,1,1,0.00,0.0,587,38,-983,28,984,1,46.3719858,-70.9427582,183.90,0.19,0.60,12,1,19:31:25,00
343375,1,24289,15.62,1,1,0.00,0.0,587,36,-983,24,984,1,46.3719862,-70.9427582,183.90,0.06,0.60,12,1,19:31:26,00
343845,3,24289,15.73,1,1,0.00,0.0,587,38,-981,29,982,1,46.3719862,-70.9427582,183.90,0.06,0.60,12,1,19:31:26,00
344311,32,24289,15.76,1,1,0.00,0.0,587,35,-984,22,985,1,46.3719862,-70.9427582,183.90,0.06,0.60,12,1,19:31:26,00
344773,9,24289,15.74,1,1,0.00,0.0,587,39,-979,27,980,1,46.3719862,-70.9427582,183.90,0.04,0.60,12,1,19:31:27,00
345239,10,24289,15.78,1,1,0.00,0.0,587,22,-985,26,986,1,46.3719862,-70.9427582,183.90,0.04,0.60,12,1,19:31:27,00
345704,12,24289,15.73,1,1,0.00,0.0,587,65,-982,30,985,1,46.3719858,-70.9427580,183.90,0.11,0.60,12,1,19:31:28,00
346169,4,24289,15.75,1,1,0.00,0.0,587,42,-980,22,981,1,46.3719858,-70.9427580,183.90,0.11,0.60,12,1,19:31:28,00
346636,14,24289,15.79,1,1,0.00,0.0,587,36,-982,24,983,1,46.3719860,-70.9427585,183.90,0.11,0.60,12,1,19:31:29,00
347167,10,24289,15.84,1,1,0.00,0.0,587,29,-984,34,985,1,46.3719860,-70.9427585,183.90,0.11,0.60,12,1,19:31:29,00
347629,7,24289,15.77,1,1,0.00,0.0,587,35,-982,24,983,1,46.3719858,-70.9427585,183.90,0.13,0.60,12,1,19:31:30,00
348089,5,24289,15.77,1,1,0.00,0.0,587,23,-983,32,984,1,46.3719858,-70.9427585,183.90,0.13,0.60,12,1,19:31:30,00
348543,2,24289,15.77,1,1,0.00,0.0,587,31,-985,28,986,1,46.3719855,-70.9427587,183.80,0.04,0.62,12,1,19:31:31,00
349010,-5,24289,15.78,1,1,0.00,0.0,587,45,-989,26,991,1,46.3719855,-70.9427587,183.80,0.04,0.62,12,1,19:31:31,00
349472,1,24289,15.84,1,1,0.00,0.0,587,41,-982,27,983,1,46.3719852,-70.9427583,183.70,0.11,0.60,12,1,19:31:32,00
349932,-11,24289,15.76,1,1,0.00,0.0,587,32,-986,29,987,1,46.3719852,-70.9427583,183.70,0.11,0.60,12,1,19:31:32,00
350400,12,24289,15.81,1,1,0.00,0.0,587,36,-981,18,982,1,46.3719850,-70.9427582,183.70,0.11,0.60,12,1,19:31:33,00
350869,2,24289,15.81,1,1,0.00,0.0,587,30,-984,27,985,1,46.3719850,-70.9427582,183.60,0.11,0.60,12,1,19:31:33,00
351331,17,24289,15.78,1,1,0.00,0.0,587,35,-982,25,983,1,46.3719848,-70.9427580,183.60,0.07,0.60,12,1,19:31:34,00
351796,11,24289,15.85,1,1,0.00,0.0,587,36,-984,23,985,1,46.3719848,-70.9427580,183.50,0.07,0.64,12,1,19:31:34,00
352258,14,24289,15.85,1,1,0.00,0.0,587,35,-982,25,983,1,46.3719848,-70.9427580,183.50,0.07,0.64,12,1,19:31:34,00
352719,7,24289,15.88,1,1,0.00,0.0,587,35,-984,22,985,1,46.3719852,-70.9427582,183.40,0.06,0.60,12,1,19:31:35,00
353173,10,24289,15.89,1,1,0.00,0.0,587,34,-982,28,983,1,46.3719852,-70.9427582,183.40,0.06,0.60,12,1,19:31:35,00
353638,-10,24289,15.72,1,1,0.00,0.0,587,30,-984,28,985,1,46.3719852,-70.9427580,183.40,0.09,0.60,12,1,19:31:36,00
354110,-9,24289,15.77,1,1,0.00,0.0,587,40,-983,23,984,1,46.3719852,-70.9427580,183.40,0.09,0.60,12,1,19:31:36,00
354588,-5,24289,15.77,1,1,0.00,0.0,587,27,-980,21,981,1,46.3719848,-70.9427582,183.30,0.09,0.60,12,1,19:31:37,00
355058,-13,24289,15.75,1,1,0.00,0.0,587,38,-984,23,985,1,46.3719848,-70.9427582,183.30,0.09,0.60,12,1,19:31:37,00
355534,-12,24289,15.81,1,1,0.00,0.0,587,41,-979,16,980,1,46.3719847,-70.9427588,183.30,0.13,0.64,12,1,19:31:38,00
356008,-7,24289,15.69,1,1,0.00,0.0,587,31,-986,27,987,1,46.3719847,-70.9427588,183.30,0.13,0.64,12,1,19:31:38,00
356489,2,24289,15.74,1,1,0.00,0.0,587,37,-983,25,984,1,46.3719847,-70.9427592,183.30,0.00,0.60,12,1,19:31:39,00
356972,5,24289,15.79,1,1,0.00,0.0,587,35,-981,28,982,1,46.3719847,-70.9427592,183.30,0.00,0.60,12,1,19:31:39,00
357443,-21,24289,15.80,1,1,0.00,0.0,587,48,-982,21,984,1,46.3719848,-70.9427590,183.30,0.13,0.60,12,1,19:31:40,00
357926,-9,24289,15.73,1,1,0.00,0.0,587,36,-979,28,980,1,46.3719848,-70.9427590,183.30,0.13,0.60,12,1,19:31:40,00
358405,-14,24289,15.70,1,1,0.00,0.0,587,32,-984,23,985,1,46.3719850,-70.9427590,183.30,0.02,0.60,12,1,19:31:41,00
358881,-17,24289,15.83,1,1,0.00,0.0,587,40,-988,32,989,1,46.3719850,-70.9427590,183.30,0.02,0.60,12,1,19:31:41,00
359353,-13,24289,15.72,1,1,0.00,0.0,587,39,-975,40,976,1,46.3719848,-70.9427592,183.30,0.06,0.60,12,1,19:31:42,00
359832,-29,24289,15.71,1,1,0.00,0.0,587,38,-978,41,979,1,46.3719848,-70.9427592,183.30,0.06,0.60,12,1,19:31:42,00
360307,-14,24289,15.72,1,1,0.00,0.0,587,33,-976,15,977,1,46.3719848,-70.9427592,183.30,0.06,0.60,12,1,19:31:42,00
360769,-28,24289,15.67,1,1,0.00,0.0,587,33,-988,22,989,1,46.3719848,-70.9427595,183.10,0.04,0.60,12,1,19:31:43,00
361229,-8,24289,15.81,1,1,0.00,0.0,587,36,-981,27,982,1,46.3719848,-70.9427595,183.10,0.04,0.60,12,1,19:31:43,00
361706,-22,24289,15.75,1,1,0.00,0.0,587,32,-978,40,979,1,46.3719852,-70.9427595,183.10,0.02,0.60,12,1,19:31:44,00
362245,-39,24289,15.80,1,1,0.00,0.0,587,33,-989,29,990,1,46.3719852,-70.9427595,183.10,0.02,0.60,12,1,19:31:44,00
362709,-46,24289,15.68,1,1,0.00,0.0,587,34,-974,24,975,1,46.3719855,-70.9427593,183.10,0.02,0.60,12,1,19:31:45,00
363174,-38,24289,15.82,1,1,0.00,0.0,587,37,-983,30,984,1,46.3719855,-70.9427593,183.10,0.02,0.60,12,1,19:31:45,00
363641,-41,24289,15.69,1,1,0.00,0.0,587,32,-980,25,981,1,46.3719855,-70.9427598,183.00,0.26,0.60,12,1,19:31:46,00
364114,-42,24289,15.68,1,1,0.00,0.0,587,28,-981,48,982,1,46.3719855,-70.9427598,183.00,0.26,0.60,12,1,19:31:46,00
364567,-38,24289,15.72,1,1,0.00,0.0,587,29,-986,23,986,1,46.3719860,-70.9427600,183.00,0.09,0.60,12,1,19:31:47,00
365030,-37,24289,15.73,1,1,0.00,0.0,587,35,-982,25,983,1,46.3719860,-70.9427600,183.00,0.09,0.60,12,1,19:31:47,00
365485,-39,24289,15.72,1,1,0.00,0.0,587,25,-983,24,984,1,46.3719865,-70.9427605,183.10,0.00,0.60,12,1,19:31:48,00
365947,-41,24289,15.74,1,1,0.00,0.0,587,32,-983,23,984,1,46.3719865,-70.9427605,183.10,0.00,0.60,12,1,19:31:48,00
366412,-39,24289,15.79,1,1,0.00,0.0,587,34,-982,30,984,1,46.3719870,-70.9427608,183.10,0.11,0.60,12,1,19:31:49,00
366865,-44,24289,15.77,1,1,0.00,0.0,587,33,-977,32,978,1,46.3719870,-70.9427608,183.10,0.11,0.60,12,1,19:31:49,00
367319,-35,24289,15.76,1,1,0.00,0.0,587,36,-986,31,987,1,46.3719873,-70.9427615,183.10,0.07,0.60,12,1,19:31:50,00
367787,-23,24289,15.80,1,1,0.00,0.0,587,36,-984,29,985,1,46.3719873,-70.9427615,183.20,0.07,0.60,12,1,19:31:50,00
368247,-13,24289,15.80,1,1,0.00,0.0,587,40,-982,28,983,1,46.3719873,-70.9427615,183.20,0.07,0.60,12,1,19:31:50,00
368710,-30,24289,15.73,1,1,0.00,0.0,587,35,-980,28,981,1,46.3719877,-70.9427620,183.30,0.06,0.60,12,1,19:31:51,00
369176,-15,24289,15.81,1,1,0.00,0.0,587,34,-982,29,983,1,46.3719877,-70.9427620,183.30,0.06,0.60,12,1,19:31:51,00
369645,-29,24289,15.78,1,1,0.00,0.0,587,37,-983,31,984,1,46.3719880,-70.9427628,183.30,0.06,0.60,12,1,19:31:52,00
370107,-30,24289,15.81,1,1,0.00,0.0,587,35,-982,32,983,1,46.3719880,-70.9427628,183.30,0.06,0.60,12,1,19:31:52,00
370575,-35,24289,15.77,1,1,0.00,0.0,587,32,-982,27,983,1,46.3719883,-70.9427632,183.30,0.06,0.60,12,1,19:31:53,00
371048,-33,24289,15.80,1,1,0.00,0.0,587,29,-983,28,984,1,46.3719883,-70.9427632,183.30,0.06,0.60,12,1,19:31:53,00
371519,-23,24289,15.83,1,1,0.00,0.0,587,34,-982,29,983,1,46.3719885,-70.9427633,183.30,0.02,0.60,12,1,19:31:54,00
371994,-21,24289,15.79,1,1,0.00,0.0,587,33,-983,27,984,1,46.3719885,-70.9427633,183.30,0.02,0.60,12,1,19:31:54,00
372464,-24,24289,15.77,1,1,0.00,0.0,587,39,-982,28,983,1,46.3719880,-70.9427640,183.50,0.31,0.60,12,1,19:31:55,00
372926,-23,24289,15.81,1,1,0.00,0.0,587,32,-982,28,983,1,46.3719880,-70.9427640,183.50,0.31,0.60,12,1,19:31:55,00
373402,-16,24289,15.80,1,1,0.00,0.0,587,32,-981,15,982,1,46.3719878,-70.9427640,183.70,0.04,0.60,12,1,19:31:56,00
373868,-10,24289,15.82,1,1,0.00,0.0,587,36,-981,27,983,1,46.3719878,-70.9427640,183.70,0.04,0.60,12,1,19:31:56,00
374342,-11,24289,15.79,1,1,0.00,0.0,587,35,-983,27,984,1,46.3719878,-70.9427642,183.70,0.06,0.60,12,1,19:31:57,00
374822,-7,24289,15.81,1,1,0.00,0.0,587,32,-980,27,981,1,46.3719878,-70.9427642,183.70,0.06,0.60,12,1,19:31:57,00
375298,-3,24289,15.80,1,1,0.00,0.0,587,33,-984,25,985,1,46.3719878,-70.9427640,183.70,0.09,0.60,12,1,19:31:58,00
375774,-17,24289,15.86,1,1,0.00,0.0,587,30,-986,26,986,1,46.3719878,-70.9427640,183.80,0.09,0.60,12,1,19:31:58,00
376237,-18,24289,15.87,1,1,0.00,0.0,587,34,-982,28,983,1,46.3719878,-70.9427640,183.80,0.09,0.60,12,1,19:31:58,00
376713,-4,24289,15.85,1,1,0.00,0.0,587,31,-982,25,983,1,46.3719878,-70.9427640,183.80,0.09,0.60,12,1,19:31:58,00
377240,-2,24289,15.93,1,1,0.00,0.0,587,33,-980,24,981,1,46.3719878,-70.9427640,183.80,0.09,0.60,12,1,19:31:58,00
377691,-7,24289,15.88,1,1,0.00,0.0,587,33,-981,30,982,1,46.3719877,-70.9427645,183.90,0.06,0.62,12,1,19:32:00,00
378154,0,24289,15.94,1,1,0.00,0.0,587,33,-984,25,985,1,46.3719877,-70.9427645,183.90,0.06,0.62,12,1,19:32:00,00
378610,-3,24289,15.92,1,1,0.00,0.0,587,34,-986,27,987,1,46.3719877,-70.9427652,183.90,0.04,0.60,12,1,19:32:01,00
379066,-16,24289,15.93,1,1,0.00,0.0,587,33,-985,24,986,1,46.3719877,-70.9427652,183.90,0.04,0.60,12,1,19:32:01,00
379520,-13,24289,15.88,1,1,0.00,0.0,587,34,-982,28,983,1,46.3719875,-70.9427657,183.90,0.04,0.60,12,1,19:32:02,00
379989,-19,24289,15.90,1,1,0.00,0.0,587,34,-984,27,985,1,46.3719875,-70.9427657,183.90,0.04,0.60,12,1,19:32:02,00
380462,-10,24289,15.95,1,1,0.00,0.0,587,27,-983,28,984,1,46.3719875,-70.9427657,184.00,0.06,0.60,12,1,19:32:03,00
380925,-13,24289,15.86,1,1,0.00,0.0,587,35,-981,23,982,1,46.3719875,-70.9427657,184.00,0.06,0.60,12,1,19:32:03,00
381393,-5,24289,15.89,1,1,0.00,0.0,587,34,-984,30,985,1,46.3719878,-70.9427657,184.00,0.06,0.60,12,1,19:32:04,00
381855,-15,24289,15.92,1,1,0.00,0.0,587,35,-982,26,983,1,46.3719878,-70.9427657,184.00,0.06,0.60,12,1,19:32:04,00
382323,-2,24289,15.90,1,1,0.00,0.0,587,30,-983,25,984,1,46.3719878,-70.9427657,184.00,0.02,0.60,12,1,19:32:05,00
382792,-14,24289,15.93,1,1,0.00,0.0,587,36,-984,26,985,1,46.3719878,-70.9427657,184.00,0.02,0.60,12,1,19:32:05,00
383255,6,24289,15.99,1,1,0.00,0.0,587,30,-982,28,983,1,46.3719878,-70.9427657,184.00,0.02,0.60,12,1,19:32:05,00
383718,-18,24289,15.90,1,1,0.00,0.0,587,36,-982,27,983,1,46.3719880,-70.9427657,184.00,0.02,0.60,12,1,19:32:06,00
384181,-9,24289,15.96,1,1,0.00,0.0,587,31,-983,28,984,1,46.3719880,-70.9427657,184.00,0.02,0.60,12,1,19:32:06,00
384646,-17,24289,15.94,1,1,0.00,0.0,587,35,-983,29,984,1,46.3719882,-70.9427662,184.00,0.02,0.60,12,1,19:32:07,00
385114,-26,24289,15.93,1,1,0.00,0.0,587,36,-982,28,983,1,46.3719882,-70.9427662,184.00,0.02,0.60,12,1,19:32:07,00
385578,-6,24289,15.91,1,1,0.00,0.0,587,36,-982,26,983,1,46.3719882,-70.9427663,184.00,0.02,0.60,12,1,19:32:08,00
386039,-15,24289,15.90,1,1,0.00,0.0,587,34,-981,27,982,1,46.3719882,-70.9427663,184.00,0.02,0.60,12,1,19:32:08,00
386504,-15,24289,15.95,1,1,0.00,0.0,587,32,-982,27,983,1,46.3719880,-70.9427667,183.90,0.07,0.60,12,1,19:32:09,00
386967,-6,24289,15.94,1,1,0.00,0.0,587,37,-982,27,983,1,46.3719880,-70.9427667,183.90,0.07,0.60,12,1,19:32:09,00
387431,1,24289,15.92,1,1,0.00,0.0,587,34,-983,28,984,1,46.3719882,-70.9427670,183.90,0.04,0.60,12,1,19:32:10,00
387898,-11,24289,15.91,1,1,0.00,0.0,587,39,-981,29,983,1,46.3719882,-70.9427670,183.90,0.04,0.60,12,1,19:32:10,00
388366,-15,24289,15.93,1,1,0.00,0.0,587,29,-988,32,989,1,46.3719883,-70.9427672,183.90,0.06,0.60,12,1,19:32:11,00
388841,-14,24289,15.89,1,1,0.00,0.0,587,29,-983,29,984,1,46.3719883,-70.9427672,183.90,0.06,0.60,12,1,19:32:11,00
389314,-22,24289,15.96,1,1,0.00,0.0,587,38,-984,24,985,1,46.3719882,-70.9427675,183.90,0.02,0.60,12,1,19:32:12,00
389785,-18,24289,15.95,1,1,0.00,0.0,587,36,-983,28,984,1,46.3719882,-70.9427675,183.90,0.02,0.60,12,1,19:32:12,00
390253,-27,24289,16.01,1,1,0.00,0.0,587,37,-982,30,983,1,46.3719882,-70.9427675,183.90,0.02,0.60,12,1,19:32:12,00
390724,-32,24289,15.94,1,1,0.00,0.0,587,31,-984,25,985,1,46.3719880,-70.9427678,183.90,0.04,0.60,12,1,19:32:13,00
391192,-27,24289,15.97,1,1,0.00,0.0,587,36,-981,27,982,1,46.3719880,-70.9427678,183.90,0.04,0.60,12,1,19:32:13,00
391662,-37,24289,15.92,1,1,0.00,0.0,587,41,-983,29,985,1,46.3719880,-70.9427682,183.90,0.02,0.60,12,1,19:32:14,00
392217,-33,24289,15.97,1,1,0.00,0.0,587,37,-991,31,992,1,46.3719880,-70.9427682,183.90,0.02,0.60,12,1,19:32:14,00
392676,-45,24289,15.92,1,1,0.00,0.0,587,30,-978,25,979,1,46.3719878,-70.9427683,183.90,0.02,0.60,12,1,19:32:15,00
393136,-42,24289,15.94,1,1,0.00,0.0,587,33,-981,21,981,1,46.3719878,-70.9427683,183.90,0.02,0.60,12,1,19:32:15,00
393593,-49,24289,15.95,1,1,0.00,0.0,587,34,-981,21,982,1,46.3719878,-70.9427685,183.90,0.04,0.60,12,1,19:32:16,00
394057,-40,24289,15.94,1,1,0.00,0.0,587,33,-981,26,982,1,46.3719878,-70.9427685,183.90,0.04,0.60,12,1,19:32:16,00
394527,-34,24289,15.95,1,1,0.00,0.0,587,31,-982,23,983,1,46.3719877,-70.9427688,183.90,0.04,0.60,12,1,19:32:17,00
394990,-37,24289,15.93,1,1,0.00,0.0,587,32,-984,28,985,1,46.3719877,-70.9427688,183.90,0.04,0.60,12,1,19:32:17,00
395454,-20,24289,15.98,1,1,0.00,0.0,587,28,-983,26,984,1,46.3719873,-70.9427693,183.90,0.11,0.60,12,1,19:32:18,00
395908,-27,24289,15.94,1,1,0.00,0.0,587,30,-984,27,985,1,46.3719873,-70.9427693,183.90,0.11,0.60,12,1,19:32:18,00
396372,-10,24289,16.02,1,1,0.00,0.0,587,30,-985,27,986,1,46.3719872,-70.9427697,183.90,0.04,0.60,12,1,19:32:19,00
396839,-25,24289,15.92,1,1,0.00,0.0,587,29,-985,32,986,1,46.3719872,-70.9427697,183.90,0.04,0.60,12,1,19:32:19,00
397308,-11,24289,16.01,1,1,0.00,0.0,587,29,-983,21,983,1,46.3719872,-70.9427697,183.90,0.02,0.60,12,1,19:32:20,00
397778,-27,24289,15.92,1,1,0.00,0.0,587,29,-980,30,981,1,46.3719872,-70.9427697,183.90,0.02,0.60,12,1,19:32:20,00
398239,-20,24289,15.99,1,1,0.00,0.0,587,28,-978,30,979,1,46.3719872,-70.9427697,183.90,0.02,0.60,12,1,19:32:20,00
398711,-29,24289,15.92,1,1,0.00,0.0,587,32,-983,21,984,1,46.3719872,-70.9427697,183.90,0.02,0.60,12,1,19:32:20,00
399185,-12,24289,16.03,1,1,0.00,0.0,587,38,-981,30,982,1,46.3719872,-70.9427697,183.90,0.02,0.60,12,1,19:32:20,00
399647,-26,24289,15.97,1,1,0.00,0.0,587,39,-981,29,983,1,46.3719872,-70.9427700,183.90,0.04,0.60,12,1,19:32:22,00
400110,-23,24289,15.93,1,1,0.00,0.0,587,34,-986,29,987,1,46.3719872,-70.9427700,183.90,0.04,0.60,12,1,19:32:22,00
400576,-17,24289,15.94,1,1,0.00,0.0,587,37,-974,22,975,1,46.3719873,-70.9427702,183.90,0.15,0.60,12,1,19:32:23,00
401033,-25,24289,15.96,1,1,0.00,0.0,587,37,-989,27,990,1,46.3719873,-70.9427702,183.90,0.15,0.60,12,1,19:32:23,00
401505,-14,24289,15.95,1,1,0.00,0.0,587,34,-986,27,987,1,46.3719873,-70.9427703,184.00,0.09,0.63,12,1,19:32:24,00
401973,-19,24289,16.00,1,1,0.00,0.0,587,44,-980,32,982,1,46.3719873,-70.9427703,184.00,0.09,0.63,12,1,19:32:24,00
402443,-17,24289,16.00,1,1,0.00,0.0,587,33,-988,43,990,1,46.3719873,-70.9427702,183.90,0.07,0.62,12,1,19:32:25,00
402914,-14,24289,16.03,1,1,0.00,0.0,587,46,-985,25,987,1,46.3719873,-70.9427702,183.90,0.07,0.62,12,1,19:32:25,00
403381,-15,24289,15.92,1,1,0.00,0.0,587,37,-983,36,984,1,46.3719872,-70.9427703,183.90,0.02,0.62,12,1,19:32:26,00
403854,-24,24289,16.00,1,1,0.00,0.0,587,35,-983,14,983,1,46.3719872,-70.9427703,184.00,0.02,0.62,12,1,19:32:26,00
404323,-4,24289,16.01,1,1,0.00,0.0,587,38,-984,25,985,1,46.3719872,-70.9427698,184.00,0.15,0.62,12,1,19:32:27,00
404788,-19,24289,16.01,1,1,0.00,0.0,587,35,-982,32,983,1,46.3719872,-70.9427698,183.90,0.15,0.62,12,1,19:32:27,00
405253,-2,24289,16.05,1,1,0.00,0.0,587,24,-987,49,989,1,46.3719872,-70.9427698,183.90,0.15,0.62,12,1,19:32:27,00
405726,-25,24289,15.96,1,1,0.00,0.0,587,52,-988,29,990,1,46.3719870,-70.9427698,183.90,0.04,0.62,12,1,19:32:28,00
406193,-18,24289,16.03,1,1,0.00,0.0,587,31,-992,-3,992,1,46.3719870,-70.9427698,183.90,0.04,0.62,12,1,19:32:28,00
406657,-22,24289,16.00,1,1,0.00,0.0,587,41,-979,73,982,1,46.3719868,-70.9427695,183.80,0.07,0.62,12,1,19:32:29,00
407195,-8,24289,16.04,1,1,0.00,0.0,587,36,-991,-16,991,1,46.3719868,-70.9427695,183.80,0.07,0.62,12,1,19:32:29,00
407657,-15,24289,16.02,1,1,0.00,0.0,588,39,-975,-4,976,1,46.3719870,-70.9427695,183.80,0.11,0.62,12,1,19:32:30,00
408112,-17,24289,15.99,1,1,0.00,0.0,588,53,-991,8,992,1,46.3719870,-70.9427695,183.80,0.11,0.62,12,1,19:32:30,00
408575,-13,24289,15.98,1,1,0.00,0.0,588,27,-978,41,979,1,46.3719870,-70.9427698,183.80,0.02,0.65,12,1,19:32:31,00
409033,-20,24289,15.98,1,1,0.38,4.0,589,38,-980,18,981,1,46.3719870,-70.9427698,183.80,0.02,0.65,12,1,19:32:31,00
409495,-31,24289,15.96,1,1,0.92,9.7,590,36,-988,9,988,1,46.3719870,-70.9427690,183.70,0.19,0.65,12,1,19:32:32,00
409955,-20,24289,15.94,1,1,0.92,9.7,590,43,-987,15,988,1,46.3719870,-70.9427690,183.70,0.19,0.65,12,1,19:32:32,00
410420,-21,24289,15.99,1,1,0.75,7.8,591,33,-997,4,998,1,46.3719868,-70.9427690,183.60,0.04,0.58,12,1,19:32:33,00
410885,-12,24289,15.96,1,1,0.69,7.3,592,38,-993,16,994,1,46.3719868,-70.9427690,183.60,0.04,0.58,12,1,19:32:33,00
411343,-8,24289,16.01,1,1,1.04,10.8,593,19,-980,0,980,1,46.3719868,-70.9427692,183.60,0.04,0.58,12,1,19:32:34,00
411806,-9,24289,15.97,1,1,1.04,10.8,593,25,-986,23,987,1,46.3719868,-70.9427692,183.60,0.04,0.58,12,1,19:32:34,00
412269,-12,24289,15.97,1,1,0.66,6.9,594,27,-981,26,982,1,46.3719868,-70.9427692,183.60,0.09,0.58,12,1,19:32:35,00
412733,-13,24289,15.94,1,1,0.66,6.9,594,47,-985,49,987,1,46.3719868,-70.9427692,183.50,0.09,0.58,12,1,19:32:35,00
413195,-24,24289,16.00,1,1,0.66,6.9,594,38,-983,12,984,1,46.3719868,-70.9427692,183.50,0.09,0.58,12,1,19:32:35,00
413657,-29,24289,15.93,1,1,0.66,6.9,594,48,-984,29,986,1,46.3719870,-70.9427688,183.50,0.22,0.58,12,1,19:32:36,00
414124,-28,24289,15.94,1,1,0.00,0.0,594,48,-978,28,979,1,46.3719870,-70.9427688,183.50,0.22,0.58,12,1,19:32:36,00
414590,-28,24289,15.82,1,1,0.00,0.0,594,42,-981,35,982,1,46.3719863,-70.9427687,183.50,0.26,0.58,12,1,19:32:37,00
415058,-21,24289,15.88,1,1,0.00,0.0,594,62,-981,44,984,1,46.3719863,-70.9427687,183.50,0.26,0.58,12,1,19:32:37,00
415526,-17,24289,15.91,1,1,0.00,0.0,594,94,-953,18,957,1,46.3719857,-70.9427690,183.40,0.33,0.58,12,1,19:32:38,00
416001,-26,24289,15.86,1,1,0.00,0.0,594,81,-986,26,990,1,46.3719857,-70.9427690,183.40,0.33,0.58,12,1,19:32:38,00
416470,-18,24289,15.93,1,1,0.00,0.0,594,81,-980,22,984,1,46.3719852,-70.9427702,183.40,0.61,0.58,12,1,19:32:39,00
416941,-16,24289,15.88,1,1,0.00,0.0,594,84,-979,23,983,1,46.3719852,-70.9427702,183.40,0.61,0.58,12,1,19:32:39,00
417407,-17,24289,15.89,1,1,0.00,0.0,594,84,-986,21,989,1,46.3719842,-70.9427723,183.40,0.76,0.58,12,1,19:32:40,00
417876,197,24289,15.93,1,1,0.00,0.0,594,90,-983,26,987,1,46.3719842,-70.9427723,183.30,0.76,0.62,12,1,19:32:40,00
418340,484,24289,15.84,1,1,3.74,39.1,598,93,-983,23,988,1,46.3719828,-70.9427747,183.30,0.87,0.62,12,1,19:32:41,00
418816,858,24289,16.76,1,1,8.64,90.2,607,82,-979,19,983,1,46.3719828,-70.9427747,183.20,0.87,0.58,12,1,19:32:41,00
419288,1209,24289,16.47,1,1,12.44,129.9,619,84,-978,29,982,1,46.3719828,-70.9427747,183.20,0.87,0.58,12,1,19:32:41,00
419762,1167,24289,16.08,1,1,16.82,175.6,636,102,-936,6,942,1,46.3719820,-70.9427760,183.20,0.87,0.58,12,1,19:32:42,00
420239,-6,24289,16.02,1,1,20.33,212.3,656,62,-992,18,994,1,46.3719820,-70.9427760,183.20,0.87,0.58,12,1,19:32:42,00
420717,-28,24289,15.90,1,1,20.44,213.4,677,56,-972,37,974,1,46.3719817,-70.9427760,183.20,0.07,0.58,12,1,19:32:43,00
421190,-26,24289,15.93,1,1,21.44,223.9,698,54,-990,19,992,1,46.3719817,-70.9427760,183.20,0.07,0.58,12,1,19:32:43,00
421665,-31,24289,15.87,1,1,20.64,215.5,718,49,-978,27,980,1,46.3719815,-70.9427757,183.10,0.07,0.58,12,1,19:32:44,00
422216,-24,24289,15.93,1,1,13.66,142.6,734,43,-990,11,991,1,46.3719815,-70.9427757,183.10,0.07,0.58,12,1,19:32:44,00
422689,-39,24289,15.85,1,1,3.22,33.6,737,39,-986,26,987,1,46.3719815,-70.9427757,183.20,0.07,0.58,12,1,19:32:45,00
423151,-22,24289,15.82,1,1,3.22,33.6,737,38,-1001,12,1001,1,46.3719815,-70.9427757,183.20,0.07,0.58,12,1,19:32:45,00
423614,-24,24289,15.92,1,1,3.22,33.6,737,44,-985,26,987,1,46.3719817,-70.9427757,183.20,0.07,0.58,12,1,19:32:46,00
424081,-15,24289,15.85,1,1,3.22,33.6,737,46,-978,22,979,1,46.3719817,-70.9427757,183.20,0.07,0.58,12,1,19:32:46,00
424548,-24,24289,15.86,1,1,3.22,33.6,737,43,-982,25,983,1,46.3719817,-70.9427755,183.20,0.04,0.62,12,1,19:32:47,00
425016,-22,24289,15.80,1,1,0.00,0.0,737,43,-984,23,986,1,46.3719817,-70.9427755,183.20,0.04,0.62,12,1,19:32:47,00
425482,-19,24289,15.86,1,1,0.00,0.0,737,41,-982,21,983,1,46.3719817,-70.9427750,183.20,0.04,0.58,12,1,19:32:48,00
425950,-12,24289,15.82,1,1,0.00,0.0,737,42,-982,20,983,1,46.3719817,-70.9427750,183.20,0.04,0.58,12,1,19:32:48,00
426415,-5,24289,15.80,1,1,0.00,0.0,737,41,-979,24,981,1,46.3719818,-70.9427747,183.20,0.00,0.58,12,1,19:32:49,00
426888,-19,24289,15.80,1,1,0.00,0.0,737,42,-984,22,985,1,46.3719818,-70.9427747,183.20,0.00,0.58,12,1,19:32:49,00
427357,-16,24289,15.78,1,1,0.00,0.0,737,42,-983,21,984,1,46.3719818,-70.9427743,183.20,0.04,0.58,12,1,19:32:50,00
427825,-17,24289,15.85,1,1,0.00,0.0,737,42,-982,22,983,1,46.3719818,-70.9427743,183.30,0.04,0.58,12,1,19:32:50,00
428297,4,24289,15.88,1,1,0.00,0.0,737,42,-983,23,984,1,46.3719820,-70.9427743,183.30,0.04,0.58,12,1,19:32:51,00
428771,-9,24289,15.85,1,1,0.00,0.0,737,42,-982,23,983,1,46.3719820,-70.9427743,183.30,0.04,0.62,12,1,19:32:51,00
429248,-11,24289,15.88,1,1,0.00,0.0,737,43,-983,22,984,1,46.3719820,-70.9427743,183.30,0.04,0.62,12,1,19:32:51,00
429726,-19,24289,15.82,1,1,0.00,0.0,737,42,-982,23,983,1,46.3719820,-70.9427743,183.20,0.02,0.58,12,1,19:32:52,00
430198,-7,24289,15.89,1,1,0.00,0.0,737,42,-983,22,984,1,46.3719820,-70.9427743,183.20,0.02,0.58,12,1,19:32:52,00
430664,-17,24289,15.83,1,1,0.00,0.0,737,42,-982,21,983,1,46.3719818,-70.9427742,183.20,0.07,0.62,12,1,19:32:53,00
431141,-24,24289,15.85,1,1,0.00,0.0,737,42,-981,20,983,1,46.3719818,-70.9427742,183.20,0.07,0.62,12,1,19:32:53,00
431610,-26,24289,15.78,1,1,0.00,0.0,738,42,-982,22,983,1,46.3719818,-70.9427738,183.30,0.06,0.58,12,1,19:32:54,00
432081,-15,24289,15.85,1,1,0.00,0.0,738,37,-987,26,988,1,46.3719818,-70.9427738,183.30,0.06,0.58,12,1,19:32:54,00
432554,8,24289,15.84,1,1,0.00,0.0,738,38,-980,16,981,1,46.3719818,-70.9427738,183.30,0.00,0.62,12,1,19:32:55,00
433031,-13,24289,15.84,1,1,0.00,0.0,738,50,-981,20,983,1,46.3719818,-70.9427738,183.30,0.00,0.62,12,1,19:32:55,00
433504,-9,24289,15.85,1,1,0.00,0.0,738,47,-981,16,983,1,46.3719817,-70.9427737,183.30,0.02,0.62,12,1,19:32:56,00
433981,-4,24289,15.83,1,1,0.00,0.0,738,25,-983,20,983,1,46.3719817,-70.9427737,183.30,0.02,0.62,12,1,19:32:56,00
434462,-20,24289,15.82,1,1,0.00,0.0,738,43,-983,25,984,1,46.3719815,-70.9427735,183.30,0.02,0.58,12,1,19:32:57,00
434939,-13,24289,15.85,1,1,0.00,0.0,738,43,-980,36,982,1,46.3719815,-70.9427735,183.30,0.02,0.58,12,1,19:32:57,00
435416,-10,24289,15.81,1,1,0.00,0.0,738,40,-982,23,983,1,46.3719815,-70.9427733,183.30,0.02,0.62,12,1,19:32:58,00
435881,-1,24289,15.81,1,1,0.00,0.0,738,46,-982,28,984,1,46.3719815,-70.9427733,183.30,0.02,0.62,12,1,19:32:58,00
436355,-4,24289,15.74,1,1,0.00,0.0,738,41,-987,35,989,1,46.3719810,-70.9427722,183.30,0.06,0.62,12,1,19:32:59,00
436844,-4,24289,15.78,1,1,0.00,0.0,738,41,-983,11,984,1,46.3719810,-70.9427722,183.30,0.06,0.62,12,1,19:32:59,00
437399,-15,24289,15.76,1,1,0.00,0.0,738,46,-982,22,983,1,46.3719808,-70.9427717,183.30,0.02,0.58,12,1,19:33:00,00
437860,-9,24289,15.76,1,1,0.00,0.0,738,43,-982,19,983,1,46.3719808,-70.9427717,183.30,0.02,0.58,12,1,19:33:00,00
438330,-4,24289,15.80,1,1,0.00,0.0,738,41,-983,20,984,1,46.3719807,-70.9427713,183.30,0.06,0.58,12,1,19:33:01,00
438789,-8,24289,15.81,1,1,0.00,0.0,738,39,-982,21,983,1,46.3719807,-70.9427713,183.30,0.06,0.58,12,1,19:33:01,00
439251,10,24289,15.83,1,1,0.00,0.0,738,43,-982,24,983,1,46.3719807,-70.9427713,183.30,0.06,0.58,12,1,19:33:01,00
439720,-8,24289,15.76,1,1,0.00,0.0,738,41,-982,20,983,1,46.3719807,-70.9427713,183.30,0.06,0.58,12,1,19:33:01,00
440185,-9,24289,15.81,1,1,0.00,0.0,738,40,-983,19,984,1,46.3719807,-70.9427713,183.30,0.06,0.58,12,1,19:33:01,00
440651,-15,24289,15.70,1,1,0.00,0.0,738,43,-981,17,982,1,46.3719807,-70.9427707,183.40,0.15,0.58,12,1,19:33:03,00
441119,-15,24289,15.75,1,1,0.00,0.0,738,42,-984,31,985,1,46.3719807,-70.9427707,183.40,0.15,0.58,12,1,19:33:03,00
441597,-15,24289,15.72,1,1,0.00,0.0,738,40,-982,22,983,1,46.3719807,-70.9427705,183.50,0.15,0.58,12,1,19:33:04,00
442076,-17,24289,15.74,1,1,0.00,0.0,738,30,-989,17,989,1,46.3719807,-70.9427705,183.50,0.15,0.58,12,1,19:33:04,00
442557,-12,24289,15.75,1,1,0.00,0.0,738,44,-984,17,985,1,46.3719805,-70.9427705,183.50,0.15,0.58,12,1,19:33:05,00
443030,-22,24289,15.69,1,1,0.00,0.0,738,38,-983,8,984,1,46.3719805,-70.9427705,183.50,0.15,0.58,12,1,19:33:05,00
443515,-12,24289,15.66,1,1,0.00,0.0,738,25,-985,29,986,1,46.3719807,-70.9427703,183.50,0.02,0.58,12,1,19:33:06,00
444007,-13,24289,15.67,1,1,0.00,0.0,738,37,-983,35,984,1,46.3719807,-70.9427703,183.50,0.02,0.58,12,1,19:33:06,00
444487,-21,24289,15.62,1,1,0.00,0.0,738,42,-980,17,981,1,46.3719805,-70.9427698,183.50,0.02,0.58,12,1,19:33:07,00
444974,-14,24289,15.66,1,1,0.00,0.0,738,47,-983,27,984,1,46.3719805,-70.9427698,183.50,0.02,0.58,12,1,19:33:07,00
445452,-17,24289,15.69,1,1,0.00,0.0,738,39,-995,26,996,1,46.3719805,-70.9427697,183.50,0.02,0.58,12,1,19:33:08,00
445942,-9,24289,15.59,1,1,0.00,0.0,738,42,-985,11,986,1,46.3719805,-70.9427697,183.50,0.02,0.58,12,1,19:33:08,00
446435,-22,24289,15.60,1,1,0.00,0.0,738,45,-984,29,985,1,46.3719803,-70.9427695,183.50,0.02,0.58,12,1,19:33:09,00
446919,-23,24289,15.61,1,1,0.00,0.0,738,40,-981,19,982,1,46.3719803,-70.9427695,183.50,0.02,0.58,12,1,19:33:09,00
447401,-23,24289,15.69,1,1,0.00,0.0,738,41,-980,16,981,1,46.3719803,-70.9427693,183.50,0.02,0.58,12,1,19:33:10,00
447877,-12,24289,15.65,1,1,0.00,0.0,738,42,-982,22,984,1,46.3719803,-70.9427693,183.50,0.02,0.58,12,1,19:33:10,00
448359,-9,24289,15.65,1,1,0.00,0.0,738,39,-984,23,985,1,46.3719800,-70.9427692,183.50,0.06,0.58,12,1,19:33:11,00
448848,-8,24289,15.60,1,1,0.00,0.0,738,40,-982,19,983,1,46.3719800,-70.9427692,183.50,0.06,0.58,12,1,19:33:11,00
449337,-9,24289,15.58,1,1,0.00,0.0,738,39,-981,23,982,1,46.3719800,-70.9427690,183.50,0.02,0.58,12,1,19:33:12,00
449820,-4,24289,15.57,1,1,0.00,0.0,738,40,-983,24,984,1,46.3719800,-70.9427690,183.50,0.02,0.58,12,1,19:33:12,00
450303,-15,24289,15.56,1,1,0.00,0.0,738,38,-982,20,983,1,46.3719798,-70.9427688,183.50,0.04,0.58,12,1,19:33:13,00
450781,-7,24289,15.56,1,1,0.00,0.0,738,50,-993,17,994,1,46.3719798,-70.9427688,183.50,0.04,0.58,12,1,19:33:13,00
451272,10,24289,15.61,1,1,0.00,0.0,738,26,-993,35,994,1,46.3719798,-70.9427688,183.50,0.04,0.58,12,1,19:33:13,00
451755,-9,24289,15.57,1,1,0.00,0.0,738,52,-988,33,990,1,46.3719797,-70.9427685,183.60,0.02,0.58,12,1,19:33:14,00
452228,-5,24289,15.63,1,1,0.00,0.0,738,39,-980,19,981,1,46.3719797,-70.9427685,183.60,0.02,0.58,12,1,19:33:14,00
452799,-4,24289,15.54,1,1,0.00,0.0,738,41,-980,23,982,1,46.3719797,-70.9427683,183.60,0.00,0.58,12,1,19:33:15,00
453274,13,24289,15.54,1,1,0.00,0.0,738,41,-980,23,982,1,46.3719793,-70.9427685,183.60,0.02,0.58,12,1,19:33:16,00
453750,-6,24289,15.53,1,1,0.00,0.0,738,44,-979,16,980,1,46.3719793,-70.9427685,183.60,0.02,0.58,12,1,19:33:16,00
454227,0,24289,15.57,1,1,0.00,0.0,738,40,-984,24,985,1,46.3719793,-70.9427685,183.60,0.02,0.58,12,1,19:33:16,00
454702,7,24289,15.56,1,1,0.00,0.0,738,36,-982,23,982,1,46.3719793,-70.9427685,183.60,0.02,0.58,12,1,19:33:16,00
455167,3,24289,15.59,1,1,0.00,0.0,738,42,-981,28,982,1,46.3719793,-70.9427685,183.60,0.02,0.58,12,1,19:33:16,00
455650,3,24289,15.52,1,1,0.00,0.0,738,42,-981,22,983,1,46.3719792,-70.9427688,183.70,0.02,0.58,12,1,19:33:18,00
456115,-3,24289,15.50,1,1,0.00,0.0,738,43,-983,25,985,1,46.3719792,-70.9427688,183.70,0.02,0.58,12,1,19:33:18,00
456587,1,24289,15.46,1,1,0.00,0.0,738,42,-983,25,984,1,46.3719792,-70.9427692,183.70,0.02,0.58,12,1,19:33:19,00
457054,-5,24289,15.40,1,1,0.00,0.0,738,40,-981,27,982,1,46.3719792,-70.9427692,183.70,0.02,0.58,12,1,19:33:19,00
457530,-16,24289,15.38,1,1,0.00,0.0,738,44,-982,26,983,1,46.3719790,-70.9427693,183.70,0.11,0.58,12,1,19:33:20,00
457998,0,24289,15.47,1,1,0.00,0.0,738,41,-980,21,982,1,46.3719790,-70.9427693,183.70,0.11,0.58,12,1,19:33:20,00
458469,1,24289,15.55,1,1,0.00,0.0,738,44,-982,22,983,1,46.3719787,-70.9427697,183.60,0.04,0.58,12,1,19:33:21,00
458946,-2,24289,15.41,1,1,0.00,0.0,738,39,-982,30,983,1,46.3719787,-70.9427697,183.60,0.04,0.58,12,1,19:33:21,00
459422,9,24289,15.42,1,1,0.00,0.0,738,43,-981,26,983,1,46.3719785,-70.9427700,183.60,0.11,0.58,12,1,19:33:22,00
459896,1,24289,15.43,1,1,0.00,0.0,738,37,-981,24,982,1,46.3719785,-70.9427700,183.60,0.11,0.58,12,1,19:33:22,00
460379,-5,24289,15.48,1,1,0.00,0.0,738,40,-984,23,985,1,46.3719783,-70.9427702,183.60,0.07,0.58,12,1,19:33:23,00
460855,0,24289,15.46,1,1,0.00,0.0,738,40,-981,24,982,1,46.3719783,-70.9427702,183.60,0.07,0.58,12,1,19:33:23,00
461330,-5,24289,15.48,1,1,0.00,0.0,738,40,-983,18,984,1,46.3719780,-70.9427707,183.60,0.04,0.58,12,1,19:33:24,00
461815,-10,24289,15.48,1,1,0.00,0.0,738,42,-981,24,982,1,46.3719780,-70.9427707,183.60,0.04,0.58,12,1,19:33:24,00
462289,24,24289,15.58,1,1,0.00,0.0,738,41,-981,7,982,1,46.3719780,-70.9427707,183.60,0.04,0.58,12,1,19:33:24,00
462770,-20,24289,15.41,1,1,0.00,0.0,738,37,-984,14,985,1,46.3719778,-70.9427710,183.70,0.04,0.58,12,1,19:33:25,00
463261,8,24289,15.55,1,1,0.00,0.0,738,41,-979,23,981,1,46.3719778,-70.9427710,183.70,0.04,0.58,12,1,19:33:25,00
463746,-8,24289,15.44,1,1,0.00,0.0,738,39,-981,14,982,1,46.3719778,-70.9427712,183.70,0.04,0.58,12,1,19:33:26,00
464225,-5,24289,15.50,1,1,0.00,0.0,738,43,-983,19,984,1,46.3719778,-70.9427712,183.70,0.04,0.58,12,1,19:33:26,00
464712,8,24289,15.45,1,1,0.00,0.0,738,55,-986,35,988,1,46.3719778,-70.9427712,183.70,0.04,0.58,12,1,19:33:26,00
465196,-6,24289,15.47,1,1,0.00,0.0,738,47,-977,21,978,1,46.3719778,-70.9427712,183.70,0.04,0.58,12,1,19:33:26,00
465673,-14,24289,15.41,1,1,0.00,0.0,738,29,-985,44,986,1,46.3719778,-70.9427712,183.70,0.02,0.58,12,1,19:33:28,00
466152,-21,24289,15.47,1,1,0.00,0.0,738,45,-982,12,983,1,46.3719778,-70.9427712,183.70,0.02,0.58,12,1,19:33:28,00
466620,-26,24289,15.43,1,1,0.00,0.0,738,44,-982,17,983,1,46.3719782,-70.9427713,183.90,0.06,0.58,12,1,19:33:29,00
467085,-3,24289,15.38,1,1,0.00,0.0,738,33,-986,29,987,1,46.3719782,-70.9427713,183.90,0.06,0.58,12,1,19:33:29,00
467564,-10,24289,15.43,1,1,0.00,0.0,738,43,-981,34,983,1,46.3719780,-70.9427717,183.90,0.06,0.58,12,1,19:33:30,00
468111,-8,24289,15.46,1,1,0.00,0.0,738,45,-969,-39,970,1,46.3719780,-70.9427717,183.90,0.06,0.58,12,1,19:33:30,00
468576,-9,24289,15.34,1,1,0.00,0.0,738,49,-989,3,991,1,46.3719780,-70.9427718,183.90,0.06,0.58,12,1,19:33:31,00
469033,-12,24289,15.34,1,1,0.00,0.0,738,40,-983,47,985,1,46.3719780,-70.9427718,183.90,0.06,0.58,12,1,19:33:31,00
469491,-21,24289,15.34,1,1,0.00,0.0,738,38,-981,50,983,1,46.3719780,-70.9427722,183.80,0.02,0.58,12,1,19:33:32,00
469957,-25,24289,15.34,1,1,0.00,0.0,739,40,-983,119,991,1,46.3719780,-70.9427722,183.80,0.02,0.58,12,1,19:33:32,00
470422,-22,24289,15.34,1,1,0.00,0.0,739,31,-984,33,986,1,46.3719783,-70.9427727,183.80,0.09,0.58,12,1,19:33:33,00
470898,-23,24289,15.32,1,1,0.00,0.0,739,43,-982,31,983,1,46.3719783,-70.9427727,183.90,0.09,0.58,12,1,19:33:33,00
471364,-15,24289,15.36,1,1,0.00,0.0,739,44,-981,18,982,1,46.3719787,-70.9427728,183.90,0.11,0.58,12,1,19:33:34,00
471830,-13,24289,15.36,1,1,0.00,0.0,739,39,-983,26,984,1,46.3719787,-70.9427728,183.90,0.11,0.58,12,1,19:33:34,00
472296,-2,24289,15.36,1,1,0.00,0.0,739,42,-979,-7,980,1,46.3719787,-70.9427728,183.90,0.11,0.58,12,1,19:33:34,00
472756,-12,24289,15.39,1,1,0.00,0.0,739,40,-982,26,983,1,46.3719785,-70.9427728,183.80,0.17,0.58,12,1,19:33:35,00
473215,8,24289,15.53,1,1,0.00,0.0,739,40,-983,23,984,1,46.3719785,-70.9427728,183.80,0.17,0.58,12,1,19:33:35,00
473690,-3,24289,15.36,1,1,0.00,0.0,739,37,-982,5,982,1,46.3719787,-70.9427730,183.80,0.09,0.58,12,1,19:33:36,00
474160,-4,24289,15.40,1,1,0.00,0.0,739,38,-984,61,987,1,46.3719787,-70.9427730,183.80,0.09,0.58,12,1,19:33:36,00
474624,-4,24289,15.40,1,1,0.00,0.0,739,45,-982,26,984,1,46.3719788,-70.9427727,183.70,0.07,0.58,12,1,19:33:37,00
475103,-3,24289,15.41,1,1,0.00,0.0,739,40,-981,-8,981,1,46.3719788,-70.9427727,183.70,0.07,0.58,12,1,19:33:37,00
475564,0,24289,15.35,1,1,0.00,0.0,739,40,-982,9,982,1,46.3719793,-70.9427722,183.60,0.17,0.58,12,1,19:33:38,00
476037,-2,24289,15.35,1,1,0.00,0.0,739,40,-982,33,983,1,46.3719793,-70.9427722,183.60,0.17,0.58,12,1,19:33:38,00
476508,2,24289,15.36,1,1,0.00,0.0,739,41,-982,30,983,1,46.3719790,-70.9427725,183.50,0.19,0.58,12,1,19:33:39,00
476985,5,24289,15.40,1,1,0.00,0.0,739,39,-981,12,981,1,46.3719790,-70.9427725,183.50,0.19,0.58,12,1,19:33:39,00
477449,1,24289,15.36,1,1,0.00,0.0,739,40,-981,13,982,1,46.3719788,-70.9427730,183.60,0.02,0.58,12,1,19:33:40,00
477927,-5,24289,15.39,1,1,0.00,0.0,739,39,-982,22,983,1,46.3719788,-70.9427730,183.60,0.02,0.58,12,1,19:33:40,00
478400,-9,24289,15.37,1,1,0.00,0.0,739,40,-982,26,983,1,46.3719788,-70.9427737,183.60,0.06,0.58,12,1,19:33:41,00
478870,5,24289,15.37,1,1,0.00,0.0,739,40,-981,24,982,1,46.3719788,-70.9427737,183.60,0.06,0.58,12,1,19:33:41,00
479353,14,24289,15.38,1,1,0.00,0.0,739,42,-981,17,982,1,46.3719790,-70.9427742,183.60,0.04,0.58,12,1,19:33:42,00
479822,-14,24289,15.33,1,1,0.00,0.0,739,39,-982,20,983,1,46.3719790,-70.9427742,183.60,0.04,0.58,12,1,19:33:42,00
480296,6,24289,15.28,1,1,0.00,0.0,740,40,-981,21,982,1,46.3719790,-70.9427742,183.60,0.04,0.58,12,1,19:33:42,00
480779,-6,24289,15.31,1,1,0.00,0.0,740,40,-982,19,983,1,46.3719790,-70.9427742,183.60,0.04,0.58,12,1,19:33:42,00
481250,-3,24289,15.33,1,1,0.00,0.0,740,39,-981,18,982,1,46.3719790,-70.9427742,183.60,0.04,0.58,12,1,19:33:42,00
481731,-7,24289,15.36,1,1,0.00,0.0,740,40,-982,20,983,1,46.3719790,-70.9427742,183.60,0.04,0.58,12,1,19:33:42,00
482200,0,24289,15.40,1,1,0.00,0.0,740,41,-982,20,983,1,46.3719790,-70.9427742,183.60,0.04,0.58,12,1,19:33:42,00
482676,-10,24289,15.36,1,1,0.00,0.0,740,40,-982,14,983,1,46.3719793,-70.9427745,183.60,0.04,0.58,12,1,19:33:45,00
483219,0,24289,15.42,1,1,0.00,0.0,740,42,-976,-3,977,1,46.3719793,-70.9427745,183.60,0.04,0.58,12,1,19:33:45,00
483690,-9,24289,15.33,1,1,0.00,0.0,740,40,-980,-1,981,1,46.3719793,-70.9427745,183.60,0.02,0.58,12,1,19:33:46,00
484166,-20,24289,15.31,1,1,0.00,0.0,740,39,-981,27,982,1,46.3719793,-70.9427745,183.60,0.02,0.58,12,1,19:33:46,00
484622,-2,24289,15.31,1,1,0.00,0.0,740,37,-986,33,987,1,46.3719795,-70.9427747,183.60,0.04,0.58,12,1,19:33:47,00
485096,11,24289,15.38,1,1,0.00,0.0,740,35,-980,12,981,1,46.3719795,-70.9427747,183.60,0.04,0.58,12,1,19:33:47,00
485563,17,24289,15.42,1,1,0.00,0.0,740,39,-981,18,982,1,46.3719795,-70.9427747,183.60,0.04,0.58,12,1,19:33:48,00
486046,3,24289,15.49,1,1,0.00,0.0,740,47,-988,23,990,1,46.3719795,-70.9427747,183.60,0.04,0.58,12,1,19:33:48,00
486531,7,24289,15.46,1,1,0.00,0.0,740,41,-982,21,983,1,46.3719797,-70.9427747,183.60,0.02,0.58,12,1,19:33:49,00
486997,4,24289,15.44,1,1,0.00,0.0,740,40,-982,21,983,1,46.3719797,-70.9427747,183.60,0.02,0.58,12,1,19:33:49,00
487473,-1,24289,15.37,1,1,0.00,0.0,740,40,-982,21,983,1,46.3719797,-70.9427743,183.60,0.09,0.58,12,1,19:33:50,00
487934,-1,24289,15.41,1,1,0.00,0.0,740,45,-982,21,983,1,46.3719797,-70.9427743,183.60,0.09,0.58,12,1,19:33:50,00
488395,6,24289,15.41,1,1,0.00,0.0,740,35,-983,20,984,1,46.3719797,-70.9427740,183.60,0.04,0.58,12,1,19:33:51,00
488879,-5,24289,15.35,1,1,0.00,0.0,740,40,-983,31,985,1,46.3719797,-70.9427740,0.80,0.04,0.60,12,1,19:33:51,00
489350,2,24289,15.35,1,1,0.00,0.0,740,34,-981,21,982,1,46.3719798,-70.9427738,0.80,0.02,0.60,12,1,19:33:52,00
489814,-3,24289,15.39,1,1,0.00,0.0,740,40,-981,21,982,1,46.3719798,-70.9427738,183.60,0.02,0.60,12,1,19:33:52,00
490284,28,24289,15.48,1,1,0.00,0.0,740,38,-985,-7,986,1,46.3719800,-70.9427737,183.60,0.04,0.60,12,1,19:33:53,00
490752,4,24289,15.39,1,1,0.00,0.0,740,37,-985,19,986,1,46.3719800,-70.9427737,183.60,0.04,0.60,12,1,19:33:53,00
491234,11,24289,15.40,1,1,0.00,0.0,740,25,-980,-5,980,1,46.3719800,-70.9427737,183.60,0.04,0.60,12,1,19:33:53,00
491710,1,24289,15.37,1,1,0.00,0.0,740,40,-960,16,961,1,46.3719800,-70.9427733,183.60,0.04,0.60,12,1,19:33:54,00
492188,3,24289,15.40,1,1,0.00,0.0,740,36,-980,42,981,1,46.3719800,-70.9427733,183.60,0.04,0.60,12,1,19:33:54,00
492672,10,24289,15.35,1,1,0.00,0.0,740,49,-992,-16,993,1,46.3719800,-70.9427733,183.60,0.04,0.60,12,1,19:33:54,00
493152,5,24289,15.34,1,1,0.00,0.0,740,40,-971,49,973,1,46.3719800,-70.9427733,183.60,0.04,0.60,12,1,19:33:54,00
493635,-5,24289,15.32,1,1,0.00,0.0,740,40,-978,8,978,1,46.3719800,-70.9427732,183.60,0.04,0.60,12,1,19:33:56,00
494099,-12,24289,15.32,1,1,0.00,0.0,740,41,-986,16,987,1,46.3719800,-70.9427732,183.60,0.04,0.60,12,1,19:33:56,00
494573,-13,24289,15.33,1,1,0.00,0.0,740,39,-981,24,983,1,46.3719800,-70.9427728,183.60,0.02,0.58,12,1,19:33:57,00
495054,6,24289,15.24,1,1,0.00,0.0,740,42,-979,21,980,1,46.3719800,-70.9427728,183.60,0.02,0.58,12,1,19:33:57,00
495539,-9,24289,15.28,1,1,0.00,0.0,740,39,-977,12,977,1,46.3719800,-70.9427725,183.60,0.00,0.58,12,1,19:33:58,00
496023,-2,24289,15.36,1,1,0.00,0.0,740,31,-979,8,979,1,46.3719800,-70.9427725,183.60,0.00,0.58,12,1,19:33:58,00
496504,-1,24289,15.30,1,1,0.00,0.0,740,40,-990,40,991,1,46.3719802,-70.9427722,183.60,0.04,0.58,12,1,19:33:59,00
496994,-7,24289,15.33,1,1,0.00,0.0,740,54,-981,2,983,1,46.3719802,-70.9427722,183.60,0.04,0.58,12,1,19:33:59,00
497480,-4,24289,15.31,1,1,0.00,0.0,740,38,-980,45,981,1,46.3719800,-70.9427720,183.50,0.04,0.58,12,1,19:34:00,00
497957,1,24289,15.35,1,1,0.00,0.0,740,33,-980,12,980,1,46.3719800,-70.9427720,183.50,0.04,0.58,12,1,19:34:00,00
498497,-6,24289,15.37,1,1,0.00,0.0,740,60,-976,15,978,1,46.3719800,-70.9427722,183.40,0.04,0.58,12,1,19:34:01,00
498968,-1,24289,15.31,1,1,0.00,0.0,740,28,-980,37,982,1,46.3719800,-70.9427722,183.40,0.04,0.58,12,1,19:34:01,00
499435,-6,24289,15.37,1,1,0.00,0.0,740,53,-982,12,984,1,46.3719798,-70.9427720,183.40,0.02,0.58,12,1,19:34:02,00
499901,-6,24289,15.37,1,1,0.00,0.0,740,27,-983,22,983,1,46.3719798,-70.9427720,183.40,0.02,0.58,12,1,19:34:02,00
500374,-10,24289,15.34,1,1,0.00,0.0,740,38,-984,22,985,1,46.3719798,-70.9427722,183.40,0.04,0.58,12,1,19:34:03,00
500846,-5,24289,15.36,1,1,0.00,0.0,740,46,-982,19,983,1,46.3719798,-70.9427722,183.40,0.04,0.58,12,1,19:34:03,00
501327,5,24289,15.38,1,1,0.00,0.0,740,36,-982,16,983,1,46.3719797,-70.9427723,183.40,0.04,0.58,12,1,19:34:04,00
501796,-5,24289,15.36,1,1,0.00,0.0,740,36,-980,17,981,1,46.3719797,-70.9427723,183.40,0.04,0.58,12,1,19:34:04,00
502259,-9,24289,15.43,1,1,0.00,0.0,740,32,-982,21,983,1,46.3719797,-70.9427723,183.40,0.04,0.58,12,1,19:34:04,00
502733,-14,24289,15.35,1,1,0.00,0.0,740,35,-981,1,981,1,46.3719797,-70.9427723,183.40,0.04,0.58,12,1,19:34:04,00
503210,-6,24289,15.42,1,1,0.00,0.0,740,40,-980,15,981,1,46.3719797,-70.9427723,183.40,0.04,0.58,12,1,19:34:04,00
503672,3,24289,15.40,1,1,0.00,0.0,740,51,-979,47,982,1,46.3719793,-70.9427718,183.50,0.06,0.58,12,1,19:34:06,00
504131,-11,24289,15.41,1,1,0.00,0.0,740,35,-983,32,984,1,46.3719793,-70.9427718,183.50,0.06,0.58,12,1,19:34:06,00
504598,-14,24289,15.39,1,1,0.00,0.0,740,25,-986,0,986,1,46.3719795,-70.9427718,183.50,0.06,0.58,12,1,19:34:07,00
505073,-13,24289,15.37,1,1,0.00,0.0,740,40,-978,3,979,1,46.3719795,-70.9427718,183.50,0.06,0.58,12,1,19:34:07,00
505551,0,24289,15.37,1,1,0.00,0.0,740,38,-981,27,982,1,46.3719795,-70.9427720,183.40,0.06,0.58,12,1,19:34:08,00
506020,-6,24289,15.42,1,1,0.00,0.0,740,54,-980,20,982,1,46.3719795,-70.9427720,183.40,0.06,0.58,12,1,19:34:08,00
506488,4,24289,15.37,1,1,0.00,0.0,740,35,-981,16,982,1,46.3719792,-70.9427720,183.30,0.04,0.58,12,1,19:34:09,00
506955,-2,24289,15.47,1,1,0.00,0.0,740,48,-981,15,982,1,46.3719792,-70.9427720,183.30,0.04,0.58,12,1,19:34:09,00
507412,2,24289,15.41,1,1,0.00,0.0,740,27,-983,81,987,1,46.3719790,-70.9427720,183.30,0.04,0.58,12,1,19:34:10,00
507873,-3,24289,15.40,1,1,0.00,0.0,740,48,-979,28,981,1,46.3719790,-70.9427720,183.30,0.04,0.58,12,1,19:34:10,00
508334,3,24289,15.42,1,1,0.00,0.0,740,45,-981,18,982,1,46.3719788,-70.9427720,183.30,0.00,0.58,12,1,19:34:11,00
508813,-5,24289,15.38,1,1,0.00,0.0,740,50,-981,22,983,1,46.3719788,-70.9427720,183.30,0.00,0.58,12,1,19:34:11,00
509275,17,24289,15.50,1,1,0.00,0.0,740,51,-953,28,955,1,46.3719788,-70.9427720,183.30,0.00,0.58,12,1,19:34:11,00
509739,-5,24289,15.43,1,1,0.00,0.0,740,39,-981,17,982,1,46.3719787,-70.9427720,183.20,0.02,0.58,12,1,19:34:12,00
510210,-2,24289,15.52,1,1,0.00,0.0,740,56,-981,20,982,1,46.3719787,-70.9427720,183.20,0.02,0.58,12,1,19:34:12,00
510681,3,24289,15.56,1,1,0.00,0.0,740,42,-977,13,978,1,46.3719785,-70.9427720,183.20,0.04,0.58,12,1,19:34:13,00
511145,5,24289,15.53,1,1,0.00,0.0,740,43,-981,17,982,1,46.3719785,-70.9427720,183.20,0.04,0.58,12,1,19:34:13,00
511610,-6,24289,15.50,1,1,0.00,0.0,740,45,-979,1,980,1,46.3719783,-70.9427723,183.20,0.11,0.58,12,1,19:34:14,00
512078,-4,24289,15.54,1,1,0.00,0.0,740,49,-980,27,981,1,46.3719783,-70.9427723,183.20,0.11,0.58,12,1,19:34:14,00
512546,-5,24289,15.48,1,1,0.00,0.0,740,37,-981,29,982,1,46.3719782,-70.9427722,183.20,0.04,0.58,12,1,19:34:15,00
513018,-4,24289,15.50,1,1,0.00,0.0,740,46,-978,21,979,1,46.3719782,-70.9427722,183.20,0.04,0.58,12,1,19:34:15,00
513566,-6,24289,15.53,1,1,0.00,0.0,740,26,-984,47,985,1,46.3719782,-70.9427718,183.20,0.11,0.58,12,1,19:34:16,00
514027,-9,24289,15.50,1,1,0.00,0.0,740,66,-980,59,984,1,46.3719782,-70.9427718,183.20,0.11,0.58,12,1,19:34:16,00
514486,-4,24289,15.50,1,1,0.00,0.0,740,25,-983,41,984,1,46.3719782,-70.9427717,183.10,0.02,0.58,12,1,19:34:17,00
514952,-6,24289,15.45,1,1,0.00,0.0,740,36,-986,25,987,1,46.3719782,-70.9427717,183.10,0.02,0.58,12,1,19:34:17,00
515407,-11,24289,15.50,1,1,0.00,0.0,740,22,-995,36,995,1,46.3719780,-70.9427722,183.10,0.17,0.58,12,1,19:34:18,00
515864,17,24289,15.57,1,1,0.00,0.0,740,52,-976,-29,978,1,46.3719780,-70.9427722,183.10,0.17,0.58,12,1,19:34:18,00
516324,20,24289,15.59,1,1,0.00,0.0,740,29,-981,19,981,1,46.3719783,-70.9427722,183.10,0.07,0.58,12,1,19:34:19,00
516778,4,24289,15.55,1,1,0.00,0.0,740,38,-980,20,981,1,46.3719783,-70.9427722,183.40,0.07,0.58,12,1,19:34:19,00
517248,20,24289,15.62,1,1,0.00,0.0,740,38,-982,22,983,1,46.3719783,-70.9427722,183.40,0.07,0.58,12,1,19:34:19,00
517707,21,24289,15.64,1,1,0.00,0.0,740,29,-983,24,983,1,46.3719783,-70.9427720,183.50,0.07,0.58,12,1,19:34:20,00
518163,39,24289,15.61,1,1,0.00,0.0,740,42,-982,15,983,1,46.3719783,-70.9427720,183.50,0.07,0.58,12,1,19:34:20,00
518626,29,24289,15.60,1,1,0.00,0.0,740,43,-980,17,981,1,46.3719782,-70.9427718,183.40,0.04,0.58,12,1,19:34:21,00
519089,34,24289,15.63,1,1,0.00,0.0,740,36,-982,16,982,1,46.3719782,-70.9427718,183.40,0.04,0.58,12,1,19:34:21,00
519555,36,24289,15.68,1,1,0.00,0.0,740,38,-981,22,982,1,46.3719782,-70.9427715,183.50,0.06,0.58,12,1,19:34:22,00
520015,24,24289,15.66,1,1,0.00,0.0,740,36,-984,24,985,1,46.3719782,-70.9427715,183.50,0.06,0.58,12,1,19:34:22,00
520474,17,24289,15.58,1,1,0.00,0.0,740,45,-982,22,983,1,46.3719782,-70.9427713,183.40,0.11,0.58,12,1,19:34:23,00
520934,15,24289,15.57,1,1,0.00,0.0,740,41,-981,23,982,1,46.3719782,-70.9427713,183.40,0.11,0.58,12,1,19:34:23,00
521398,31,24289,15.63,1,1,0.00,0.0,740,41,-985,16,986,1,46.3719783,-70.9427710,183.40,0.09,0.58,12,1,19:34:24,00
521867,22,24289,15.66,1,1,0.00,0.0,740,44,-978,21,980,1,46.3719783,-70.9427710,183.50,0.09,0.58,12,1,19:34:24,00
522334,34,24289,15.58,1,1,0.00,0.0,740,41,-980,22,981,1,46.3719785,-70.9427707,183.50,0.06,0.58,12,1,19:34:25,00
522798,14,24289,15.69,1,1,0.00,0.0,740,38,-981,20,982,1,46.3719785,-70.9427707,183.40,0.06,0.58,12,1,19:34:25,00
523271,33,24289,15.70,1,1,0.00,0.0,740,34,-979,25,980,1,46.3719787,-70.9427703,183.40,0.04,0.58,12,1,19:34:26,00
523733,30,24289,15.63,1,1,0.00,0.0,740,45,-981,23,983,1,46.3719787,-70.9427703,183.50,0.04,0.58,12,1,19:34:26,00
524200,41,24289,15.71,1,1,0.00,0.0,740,41,-983,27,984,1,46.3719787,-70.9427703,183.50,0.04,0.58,12,1,19:34:26,00
524663,22,24289,15.56,1,1,0.00,0.0,740,28,-979,18,980,1,46.3719788,-70.9427700,183.50,0.02,0.58,12,1,19:34:27,00
525123,17,24289,15.73,1,1,0.00,0.0,740,29,-980,20,980,1,46.3719788,-70.9427700,183.50,0.02,0.58,12,1,19:34:27,00
525585,13,24289,15.71,1,1,0.00,0.0,740,65,-978,3,980,1,46.3719788,-70.9427697,183.60,0.04,0.58,12,1,19:34:28,00
526051,23,24289,15.59,1,1,0.00,0.0,740,59,-986,9,988,1,46.3719788,-70.9427697,183.60,0.04,0.58,12,1,19:34:28,00
526522,13,24289,15.65,1,1,0.00,0.0,740,30,-987,17,988,1,46.3719788,-70.9427692,183.60,0.00,0.58,12,1,19:34:29,00
526986,21,24289,15.69,1,1,0.00,0.0,740,98,-969,7,974,1,46.3719788,-70.9427692,183.60,0.00,0.58,12,1,19:34:29,00
527455,30,24289,15.62,1,1,0.00,0.0,740,-32,-983,41,985,1,46.3719782,-70.9427695,183.90,0.31,0.59,12,1,19:34:30,00
527922,38,24289,15.69,1,1,0.00,0.0,740,30,-956,-1,956,1,46.3719782,-70.9427695,183.90,0.31,0.59,12,1,19:34:30,00
528454,30,24289,15.69,1,1,0.00,0.0,740,-38,-1013,46,1015,1,46.3719780,-70.9427693,184.00,0.04,0.58,12,1,19:34:31,00
528913,25,24289,15.68,1,1,0.00,0.0,740,58,-980,4,982,1,46.3719780,-70.9427693,184.00,0.04,0.58,12,1,19:34:31,00
529376,22,24289,15.60,1,1,0.00,0.0,740,9,-980,16,980,1,46.3719780,-70.9427695,184.00,0.00,0.58,12,1,19:34:32,00
529831,18,24289,15.62,1,1,0.00,0.0,740,-12,-981,67,983,1,46.3719780,-70.9427695,184.00,0.00,0.58,12,1,19:34:32,00
530287,15,24289,15.66,1,1,0.00,0.0,740,18,-1003,-48,1004,1,46.3719780,-70.9427697,184.00,0.06,0.58,12,1,19:34:33,00
530742,3,24289,15.61,1,1,0.00,0.0,740,118,-971,2,978,1,46.3719780,-70.9427697,184.10,0.06,0.58,12,1,19:34:33,00
531209,21,24289,15.74,1,1,0.00,0.0,740,41,-994,-7,995,1,46.3719780,-70.9427700,184.10,0.04,0.58,12,1,19:34:34,00
531663,23,24289,15.61,1,1,0.00,0.0,740,52,-976,-35,978,1,46.3719780,-70.9427700,184.10,0.04,0.58,12,1,19:34:34,00
532116,28,24289,15.71,1,1,0.00,0.0,740,29,-970,33,971,1,46.3719780,-70.9427700,184.10,0.04,0.58,12,1,19:34:34,00
532572,32,24289,15.71,1,1,0.00,0.0,740,10,-1011,60,1013,1,46.3719778,-70.9427702,184.20,0.02,0.58,12,1,19:34:35,00
533026,19,24289,15.69,1,1,0.00,0.0,740,33,-979,17,980,1,46.3719778,-70.9427702,184.20,0.02,0.58,12,1,19:34:35,00
533496,30,24289,15.71,1,1,0.00,0.0,740,-34,-974,29,975,1,46.3719775,-70.9427703,184.20,0.09,0.58,12,1,19:34:36,00
533964,26,24289,15.63,1,1,0.00,0.0,740,46,-987,27,989,1,46.3719775,-70.9427703,184.20,0.09,0.58,12,1,19:34:36,00
534430,23,24289,15.61,1,1,0.00,0.0,740,29,-975,3,976,1,46.3719775,-70.9427702,184.20,0.02,0.58,12,1,19:34:37,00
534898,5,24289,15.61,1,1,0.00,0.0,740,91,-999,44,1005,1,46.3719775,-70.9427702,184.20,0.02,0.58,12,1,19:34:37,00
535359,10,24289,15.62,1,1,0.00,0.0,740,58,-964,-1,966,1,46.3719775,-70.9427705,184.20,0.06,0.58,12,1,19:34:38,00
535825,22,24289,15.63,1,1,0.00,0.0,740,82,-981,71,987,1,46.3719775,-70.9427705,184.20,0.06,0.58,12,1,19:34:38,00
536291,29,24289,15.63,1,1,0.00,0.0,740,48,-979,37,981,1,46.3719775,-70.9427707,184.20,0.00,0.58,12,1,19:34:39,00
536759,25,24289,15.65,1,1,0.00,0.0,740,46,-983,23,984,1,46.3719775,-70.9427707,184.20,0.00,0.60,12,1,19:34:39,00
537228,43,24289,15.71,1,1,0.00,0.0,740,35,-973,31,974,1,46.3719777,-70.9427710,184.20,0.11,0.60,12,1,19:34:40,00
537691,14,24289,15.68,1,1,0.00,0.0,740,60,-972,15,974,1,46.3719777,-70.9427710,184.30,0.11,0.58,12,1,19:34:40,00
538162,11,24289,15.71,1,1,0.00,0.0,740,27,-971,42,973,1,46.3719777,-70.9427710,184.30,0.11,0.58,12,1,19:34:40,00
538622,16,24289,15.70,1,1,0.00,0.0,740,83,-972,-8,976,1,46.3719777,-70.9427713,184.30,0.09,0.58,12,1,19:34:41,00
539088,8,24289,15.58,1,1,0.00,0.0,740,14,-972,30,973,1,46.3719777,-70.9427713,184.30,0.09,0.58,12,1,19:34:41,00
539552,13,24289,15.65,1,1,0.00,0.0,740,20,-979,-17,979,1,46.3719775,-70.9427718,184.40,0.07,0.60,12,1,19:34:42,00
540014,13,24289,15.66,1,1,0.00,0.0,740,35,-981,6,982,1,46.3719775,-70.9427718,184.40,0.07,0.60,12,1,19:34:42,00
540495,19,24289,15.61,1,1,0.00,0.0,740,27,-1000,22,1001,1,46.3719775,-70.9427723,184.40,0.07,0.58,12,1,19:34:43,00
540965,12,24289,15.60,1,1,0.00,0.0,740,38,-982,38,983,1,46.3719775,-70.9427723,184.40,0.07,0.58,12,1,19:34:43,00
541429,42,24289,15.78,1,1,0.00,0.0,740,51,-979,14,981,1,46.3719772,-70.9427727,184.40,0.11,0.58,12,1,19:34:44,00
541901,34,24289,15.76,1,1,0.00,0.0,740,45,-982,13,983,1,46.3719772,-70.9427727,184.40,0.11,0.58,12,1,19:34:44,00
542372,31,24289,15.72,1,1,0.00,0.0,740,38,-983,16,984,1,46.3719772,-70.9427730,184.30,0.13,0.58,12,1,19:34:45,00
542844,34,24289,15.75,1,1,0.00,0.0,740,39,-983,17,984,1,46.3719772,-70.9427730,184.30,0.13,0.58,12,1,19:34:45,00
543390,15,24289,15.69,1,1,0.00,0.0,740,30,-979,20,980,1,46.3719770,-70.9427730,184.30,0.04,0.58,12,1,19:34:46,00
543848,16,24289,15.67,1,1,0.00,0.0,740,39,-977,10,978,1,46.3719770,-70.9427730,184.30,0.04,0.58,12,1,19:34:46,00
544309,43,24289,15.70,1,1,0.00,0.0,740,38,-982,31,983,1,46.3719770,-70.9427728,184.20,0.02,0.58,12,1,19:34:47,00
544779,23,24289,15.72,1,1,0.00,0.0,740,34,-985,39,986,1,46.3719770,-70.9427728,184.20,0.02,0.58,12,1,19:34:47,00
545243,18,24289,15.72,1,1,0.00,0.0,740,39,-956,16,957,1,46.3719770,-70.9427727,184.20,0.06,0.58,12,1,19:34:48,00
545706,20,24289,15.69,1,1,0.00,0.0,740,42,-980,30,982,1,46.3719770,-70.9427727,184.20,0.06,0.58,12,1,19:34:48,00
546181,24,24289,15.75,1,1,0.00,0.0,740,33,-984,31,985,1,46.3719770,-70.9427727,184.20,0.06,0.58,12,1,19:34:48,00
546641,22,24289,15.62,1,1,0.00,0.0,740,52,-979,4,980,1,46.3719770,-70.9427728,184.20,0.02,0.58,12,1,19:34:49,00
547103,11,24289,15.70,1,1,0.00,0.0,740,36,-979,15,980,1,46.3719770,-70.9427728,184.20,0.02,0.58,12,1,19:34:49,00
547567,27,24289,15.65,1,1,0.00,0.0,740,37,-983,14,984,1,46.3719770,-70.9427728,184.10,0.02,0.58,12,1,19:34:50,00
548030,8,24289,15.71,1,1,0.00,0.0,740,46,-980,14,981,1,46.3719770,-70.9427728,184.10,0.02,0.58,12,1,19:34:50,00
548494,18,24289,15.64,1,1,0.00,0.0,740,34,-984,1,985,1,46.3719770,-70.9427728,184.10,0.02,0.58,12,1,19:34:51,00
548962,15,24289,15.67,1,1,0.00,0.0,740,47,-982,9,983,1,46.3719770,-70.9427728,184.10,0.02,0.58,12,1,19:34:51,00
549429,16,24289,15.69,1,1,0.00,0.0,740,42,-980,17,981,1,46.3719770,-70.9427728,184.10,0.02,0.58,12,1,19:34:52,00
549899,3,24289,15.72,1,1,0.00,0.0,740,39,-983,25,984,1,46.3719770,-70.9427728,184.10,0.02,0.58,12,1,19:34:52,00
550366,1,24289,15.62,1,1,0.00,0.0,740,47,-980,18,982,1,46.3719772,-70.9427728,184.10,0.02,0.58,12,1,19:34:53,00
550844,6,24289,15.67,1,1,0.00,0.0,740,42,-980,13,981,1,46.3719772,-70.9427728,184.10,0.02,0.58,12,1,19:34:53,00
551322,14,24289,15.64,1,1,0.00,0.0,740,30,-984,19,985,1,46.3719773,-70.9427728,184.10,0.00,0.58,12,1,19:34:54,00
551795,20,24289,15.61,1,1,0.00,0.0,740,38,-986,26,987,1,46.3719773,-70.9427728,184.10,0.00,0.58,12,1,19:34:54,00
552265,28,24289,15.71,1,1,0.00,0.0,740,40,-982,23,983,1,46.3719775,-70.9427727,184.10,0.02,0.58,12,1,19:34:55,00
552737,-9,24289,15.66,1,1,0.00,0.0,740,47,-985,22,986,1,46.3719775,-70.9427727,184.10,0.02,0.58,12,1,19:34:55,00
553205,10,24289,15.71,1,1,0.00,0.0,740,35,-981,6,982,1,46.3719777,-70.9427727,184.10,0.02,0.58,12,1,19:34:56,00
553676,3,24289,15.67,1,1,0.00,0.0,740,46,-1002,123,1010,1,46.3719777,-70.9427727,184.10,0.02,0.58,12,1,19:34:56,00
554151,3,24289,15.66,1,1,0.00,0.0,740,25,-990,-7,991,1,46.3719777,-70.9427727,184.10,0.02,0.58,12,1,19:34:56,00
554630,3,24289,15.64,1,1,0.00,0.0,740,31,-977,-5,977,1,46.3719777,-70.9427727,184.10,0.02,0.58,12,1,19:34:56,00
555096,5,24289,15.59,1,1,0.00,0.0,740,32,-984,21,985,1,46.3719777,-70.9427727,184.10,0.02,0.58,12,1,19:34:56,00
555564,2,24289,15.66,1,1,0.00,0.0,740,35,-987,18,988,1,46.3719778,-70.9427727,184.00,0.04,0.58,12,1,19:34:58,00
556036,5,24289,15.63,1,1,0.00,0.0,740,42,-977,8,978,1,46.3719778,-70.9427727,184.00,0.04,0.58,12,1,19:34:58,00
556499,10,24289,15.67,1,1,0.00,0.0,740,38,-983,28,985,1,46.3719780,-70.9427727,184.00,0.04,0.61,12,1,19:34:59,00
556975,5,24289,15.68,1,1,0.00,0.0,740,39,-978,12,978,1,46.3719780,-70.9427727,184.00,0.04,0.61,12,1,19:34:59,00
557449,5,24289,15.63,1,1,0.00,0.0,740,35,-979,-9,980,1,46.3719780,-70.9427725,183.90,0.04,0.58,12,1,19:35:00,00
557922,-7,24289,15.67,1,1,0.00,0.0,740,44,-982,31,983,1,46.3719780,-70.9427725,183.90,0.04,0.58,12,1,19:35:00,00
558449,-8,24289,15.64,1,1,0.00,0.0,740,35,-977,22,978,1,46.3719780,-70.9427723,183.90,0.04,0.58,12,1,19:35:01,00
558904,-5,24289,15.64,1,1,0.00,0.0,740,37,-990,45,992,1,46.3719780,-70.9427723,183.90,0.04,0.58,12,1,19:35:01,00
559370,-3,24289,15.63,1,1,0.00,0.0,740,43,-981,26,982,1,46.3719780,-70.9427723,183.90,0.00,0.58,12,1,19:35:02,00
559830,0,24289,15.64,1,1,0.00,0.0,740,35,-980,13,981,1,46.3719780,-70.9427723,183.90,0.00,0.58,12,1,19:35:02,00
560290,11,24289,15.66,1,1,0.00,0.0,740,35,-989,17,989,1,46.3719780,-70.9427725,183.90,0.04,0.58,12,1,19:35:03,00
560747,5,24289,15.61,1,1,0.00,0.0,740,38,-977,22,978,1,46.3719780,-70.9427725,183.90,0.04,0.58,12,1,19:35:03,00
561208,5,24289,15.68,1,1,0.00,0.0,740,45,-980,7,981,1,46.3719782,-70.9427727,183.90,0.04,0.58,12,1,19:35:04,00
561678,-8,24289,15.63,1,1,0.00,0.0,740,50,-965,0,966,1,46.3719782,-70.9427727,183.90,0.04,0.58,12,1,19:35:04,00
562140,0,24289,15.67,1,1,0.00,0.0,740,41,-979,24,980,1,46.3719782,-70.9427727,183.90,0.04,0.58,12,1,19:35:04,00
562601,-2,24289,15.63,1,1,0.00,0.0,740,38,-981,8,982,1,46.3719782,-70.9427727,183.90,0.00,0.58,12,1,19:35:05,00
563061,2,24289,15.70,1,1,0.00,0.0,740,37,-983,29,984,1,46.3719782,-70.9427727,183.90,0.00,0.58,12,1,19:35:05,00
563527,10,24289,15.63,1,1,0.00,0.0,740,40,-977,6,978,1,46.3719782,-70.9427727,183.90,0.04,0.58,12,1,19:35:06,00
564005,1,24289,15.67,1,1,0.00,0.0,740,43,-980,23,982,1,46.3719782,-70.9427727,183.90,0.04,0.58,12,1,19:35:06,00
564465,17,24289,15.64,1,1,0.00,0.0,740,39,-980,23,981,1,46.3719783,-70.9427728,183.80,0.13,0.58,12,1,19:35:07,00
564929,1,24289,15.66,1,1,0.00,0.0,740,30,-983,22,984,1,46.3719783,-70.9427728,183.80,0.13,0.58,12,1,19:35:07,00
565392,4,24289,15.67,1,1,0.00,0.0,740,40,-979,59,981,1,46.3719783,-70.9427728,183.80,0.02,0.58,12,1,19:35:08,00
565861,19,24289,15.67,1,1,0.00,0.0,740,54,-976,24,978,1,46.3719783,-70.9427728,183.80,0.02,0.58,12,1,19:35:08,00
566331,27,24289,15.69,1,1,0.00,0.0,740,28,-978,41,980,1,46.3719783,-70.9427727,183.80,0.04,0.58,12,1,19:35:09,00
566798,18,24289,15.65,1,1,0.00,0.0,740,40,-978,15,979,1,46.3719783,-70.9427727,183.80,0.04,0.58,12,1,19:35:09,00
567267,12,24289,15.78,1,1,0.00,0.0,740,36,-982,8,982,1,46.3719782,-70.9427725,183.80,0.04,0.58,12,1,19:35:10,00
567730,13,24289,15.63,1,1,0.00,0.0,740,32,-980,5,980,1,46.3719782,-70.9427725,183.80,0.04,0.58,12,1,19:35:10,00
568208,1,24289,15.74,1,1,0.00,0.0,740,42,-981,17,982,1,46.3719780,-70.9427725,183.80,0.02,0.58,12,1,19:35:11,00
568677,2,24289,15.65,1,1,0.00,0.0,740,41,-979,30,980,1,46.3719780,-70.9427725,183.80,0.02,0.58,12,1,19:35:11,00
569140,0,24289,15.75,1,1,0.00,0.0,740,30,-982,22,983,1,46.3719780,-70.9427725,183.80,0.02,0.58,12,1,19:35:11,00
569599,13,24289,15.70,1,1,0.00,0.0,740,34,-976,-2,976,1,46.3719778,-70.9427725,183.80,0.04,0.58,12,1,19:35:12,00
570070,14,24289,15.71,1,1,0.00,0.0,740,42,-981,19,982,1,46.3719778,-70.9427725,183.80,0.04,0.58,12,1,19:35:12,00
570533,2,24289,15.67,1,1,0.00,0.0,740,38,-979,-3,979,1,46.3719777,-70.9427725,183.70,0.00,0.58,12,1,19:35:13,00
571003,4,24289,15.68,1,1,0.00,0.0,740,39,-981,17,982,1,46.3719777,-70.9427725,183.70,0.00,0.58,12,1,19:35:13,00
571467,11,24289,15.70,1,1,0.00,0.0,740,41,-977,6,978,1,46.3719775,-70.9427723,183.70,0.02,0.58,12,1,19:35:14,00
571936,2,24289,15.73,1,1,0.00,0.0,740,39,-982,21,983,1,46.3719775,-70.9427723,183.70,0.02,0.58,12,1,19:35:14,00
572403,17,24289,15.73,1,1,0.00,0.0,740,42,-979,18,980,1,46.3719773,-70.9427720,183.70,0.02,0.63,12,1,19:35:15,00
572867,2,24289,15.69,1,1,0.00,0.0,740,44,-981,18,982,1,46.3719773,-70.9427720,183.70,0.02,0.63,12,1,19:35:15,00
573414,13,24289,15.72,1,1,0.00,0.0,740,42,-982,15,983,1,46.3719773,-70.9427720,183.70,0.09,0.60,12,1,19:35:16,00
573865,3,24289,15.62,1,1,0.00,0.0,741,43,-979,22,981,1,46.3719773,-70.9427720,183.70,0.09,0.60,12,1,19:35:16,00
574325,11,24289,15.65,1,1,0.00,0.0,741,30,-980,30,981,1,46.3719775,-70.9427717,183.70,0.11,0.63,12,1,19:35:17,00
574778,4,24289,15.59,1,1,0.00,0.0,741,27,-979,18,979,1,46.3719775,-70.9427717,183.70,0.11,0.63,12,1,19:35:17,00
575236,17,24289,15.70,1,1,0.00,0.0,741,27,-984,8,984,1,46.3719773,-70.9427713,183.70,0.00,0.63,12,1,19:35:18,00
575697,-13,24289,15.55,1,1,0.00,0.0,741,18,-984,19,984,1,46.3719773,-70.9427713,183.70,0.00,0.64,12,1,19:35:18,00
576154,1,24289,15.68,1,1,0.00,0.0,742,19,-972,15,973,1,46.3719773,-70.9427713,183.70,0.00,0.64,12,1,19:35:18,00
576613,-9,24289,15.62,1,1,0.84,8.8,743,25,-968,16,968,1,46.3719772,-70.9427715,183.60,0.15,0.58,12,1,19:35:19,00
577075,-10,24289,15.68,1,1,1.31,13.6,745,9,-967,11,967,1,46.3719772,-70.9427715,183.60,0.15,0.58,12,1,19:35:19,00
577539,-5,24289,15.66,1,1,1.31,13.6,745,36,-988,15,989,1,46.3719768,-70.9427718,183.60,0.06,0.58,12,1,19:35:20,00
578009,-8,24289,15.65,1,1,1.12,11.7,747,23,-989,22,990,1,46.3719768,-70.9427718,183.60,0.06,0.58,12,1,19:35:20,00
578474,-3,24289,15.69,1,1,1.99,20.8,749,19,-989,18,990,1,46.3719767,-70.9427720,183.60,0.06,0.58,12,1,19:35:21,00
578946,-15,24289,15.54,1,1,2.06,21.5,751,33,-986,31,987,1,46.3719767,-70.9427720,183.60,0.06,0.58,12,1,19:35:21,00
579412,-6,24289,15.58,1,1,2.07,21.6,753,33,-991,35,993,1,46.3719767,-70.9427720,183.60,0.07,0.58,12,1,19:35:22,00
579873,-19,24289,15.59,1,1,2.08,21.7,755,23,-973,23,974,1,46.3719767,-70.9427720,183.60,0.07,0.58,12,1,19:35:22,00
580338,-10,24289,15.66,1,1,1.70,17.8,757,37,-990,28,991,1,46.3719765,-70.9427718,183.50,0.11,0.58,12,1,19:35:23,00
580804,-8,24289,15.68,1,1,2.49,26.0,759,41,-963,19,964,1,46.3719765,-70.9427718,183.50,0.11,0.58,12,1,19:35:23,00
581270,7,24289,15.63,1,1,1.79,18.7,761,47,-981,16,982,1,46.3719765,-70.9427720,183.50,0.07,0.58,12,1,19:35:24,00
581731,-11,24289,15.62,1,1,2.90,30.3,764,52,-968,18,969,1,46.3719765,-70.9427720,183.50,0.07,0.58,12,1,19:35:24,00
582191,-14,24289,15.70,1,1,3.01,31.4,767,77,-962,25,965,1,46.3719767,-70.9427713,183.50,0.24,0.58,12,1,19:35:25,00
582666,-15,24289,15.66,1,1,2.96,30.9,768,51,-982,38,984,1,46.3719767,-70.9427713,183.50,0.24,0.58,12,1,19:35:25,00
583137,-6,24289,15.57,1,1,2.09,21.8,771,59,-975,11,976,1,46.3719767,-70.9427713,183.50,0.24,0.58,12,1,19:35:25,00
583612,-4,24289,15.63,1,1,1.77,18.5,773,77,-984,15,987,1,46.3719775,-70.9427695,183.50,0.80,0.61,12,1,19:35:26,00
584081,-5,24289,15.62,1,1,2.36,24.6,775,88,-978,19,982,1,46.3719775,-70.9427695,183.50,0.80,0.61,12,1,19:35:26,00
584543,-17,24289,15.58,1,1,1.92,20.0,776,85,-983,10,986,1,46.3719792,-70.9427653,183.60,1.54,0.58,12,1,19:35:27,00
585014,-2,24289,15.62,1,1,1.47,15.3,777,79,-978,19,981,1,46.3719792,-70.9427653,183.60,1.54,0.58,12,1,19:35:27,00
585483,-4,24289,15.62,1,1,0.86,9.0,778,28,-979,25,980,1,46.3719815,-70.9427600,183.50,1.81,0.58,12,1,19:35:28,00
585954,-3,24289,15.67,1,1,0.86,9.0,778,23,-985,20,985,1,46.3719815,-70.9427600,183.50,1.81,0.58,12,1,19:35:28,00
586429,-15,24289,15.66,1,1,0.47,4.9,779,40,-983,-6,984,1,46.3719840,-70.9427542,183.50,2.00,0.58,12,1,19:35:29,00
586892,-11,24289,15.63,1,1,0.79,8.2,780,17,-983,17,983,1,46.3719840,-70.9427542,183.50,2.00,0.58,12,1,19:35:29,00
587364,-11,24289,15.65,1,1,1.58,16.5,782,15,-986,-17,987,1,46.3719868,-70.9427475,183.50,2.28,0.58,12,1,19:35:30,00
587833,-15,24289,15.65,1,1,1.41,14.7,783,23,-963,29,964,1,46.3719868,-70.9427475,183.50,2.28,0.58,12,1,19:35:30,00
588364,1,24289,15.60,1,1,2.47,25.8,786,45,-978,9,979,1,46.3719902,-70.9427397,183.50,2.63,0.60,12,1,19:35:31,00
588819,-15,24289,15.67,1,1,2.35,24.6,788,48,-998,36,1000,1,46.3719902,-70.9427397,183.50,2.63,0.60,12,1,19:35:31,00
589276,7,24289,15.68,1,1,1.70,17.8,790,20,-982,28,983,1,46.3719938,-70.9427310,183.50,2.87,0.60,12,1,19:35:32,00
589738,-12,24289,15.65,1,1,2.51,26.2,792,45,-979,4,980,1,46.3719938,-70.9427310,183.50,2.87,0.58,12,1,19:35:32,00
590194,2,24289,15.65,1,1,1.84,19.2,794,65,-989,39,992,1,46.3719938,-70.9427310,183.50,2.87,0.58,12,1,19:35:32,00
590654,-4,24289,15.66,1,1,2.59,27.0,796,38,-963,26,964,1,46.3719970,-70.9427225,183.50,2.65,0.58,12,1,19:35:33,00
591117,-9,24289,15.66,1,1,3.03,31.6,799,31,-1002,28,1003,1,46.3719970,-70.9427225,183.50,2.65,0.58,12,1,19:35:33,00
591582,1,24289,15.59,1,1,3.08,32.2,802,53,-923,65,927,1,46.3719997,-70.9427162,183.50,1.81,0.58,12,1,19:35:34,00
592045,-2,24289,15.62,1,1,2.55,26.6,805,36,-986,26,987,1,46.3719997,-70.9427162,183.50,1.81,0.58,12,1,19:35:34,00
592508,-2,24289,15.66,1,1,2.37,24.8,807,29,-987,24,988,1,46.3720008,-70.9427135,183.50,0.50,0.58,12,1,19:35:35,00
592973,-1,24289,15.60,1,1,2.69,28.1,810,41,-974,29,975,1,46.3720008,-70.9427135,183.50,0.50,0.58,12,1,19:35:35,00
593431,12,24289,15.66,1,1,2.40,25.1,812,45,-978,15,979,1,46.3720017,-70.9427113,183.40,0.80,0.58,12,1,19:35:36,00
593889,8,24289,15.65,1,1,3.47,36.2,815,50,-985,7,986,1,46.3720017,-70.9427113,183.40,0.80,0.58,12,1,19:35:36,00
594353,-2,24289,15.65,1,1,2.50,26.1,818,55,-972,33,975,1,46.3720033,-70.9427082,183.40,1.39,0.58,12,1,19:35:37,00
594810,3,24289,15.63,1,1,3.15,32.9,819,57,-991,30,993,1,46.3720033,-70.9427082,183.40,1.39,0.58,12,1,19:35:37,00
595274,1154,24289,16.27,1,1,2.21,23.1,822,30,-989,-2,990,1,46.3720063,-70.9427025,183.40,2.22,0.58,12,1,19:35:38,00
595736,5741,24289,17.74,1,1,1.90,19.9,824,16,-1003,14,1003,1,46.3720063,-70.9427025,183.40,2.22,0.58,12,1,19:35:38,00
596203,13018,24289,18.90,1,1,2.05,21.5,826,21,-971,29,972,1,46.3720063,-70.9427025,183.40,2.22,0.58,12,1,19:35:38,00
596670,19368,24289,19.79,1,1,2.71,28.3,829,-2,-998,40,998,1,46.3720102,-70.9426962,183.30,2.37,0.58,12,1,19:35:39,00
597131,3889,24289,17.26,1,1,3.28,34.2,832,31,-966,33,968,1,46.3720102,-70.9426962,183.30,2.37,0.58,12,1,19:35:39,00
597592,4424,24289,17.64,1,1,3.88,40.6,836,29,-980,63,983,1,46.3720147,-70.9426898,183.30,2.63,0.58,12,1,19:35:40,00
598054,10819,24289,18.89,1,1,3.71,38.8,839,13,-924,38,925,1,46.3720147,-70.9426898,183.30,2.63,0.58,12,1,19:35:40,00
598511,18967,24289,19.66,1,1,4.52,47.2,844,-5,-985,26,985,1,46.3720202,-70.9426830,183.30,2.96,0.58,12,1,19:35:41,00
598977,19326,24289,19.86,1,1,5.05,52.7,849,7,-985,55,986,1,46.3720202,-70.9426830,183.30,2.96,0.58,12,1,19:35:41,00
599446,18281,24289,19.74,1,1,4.52,47.2,853,-5,-1000,54,1002,1,46.3720267,-70.9426762,183.30,3.32,0.58,12,1,19:35:42,00
599909,18016,24289,19.66,1,1,5.58,58.3,859,-16,-1029,11,1029,1,46.3720267,-70.9426762,183.30,3.32,0.58,12,1,19:35:42,00
600375,17674,24289,19.73,1,1,5.82,60.8,864,41,-976,87,980,1,46.3720340,-70.9426697,183.30,3.57,0.58,12,1,19:35:43,00
600838,14544,24289,19.41,1,1,6.84,71.4,871,5,-960,103,965,1,46.3720340,-70.9426697,183.30,3.57,0.58,12,1,19:35:43,00
601313,6240,24289,17.15,1,1,7.30,76.3,878,22,-1080,135,1088,1,46.3720412,-70.9426642,183.30,3.15,0.58,12,1,19:35:44,00
601781,-110,24289,15.88,1,1,7.74,80.8,886,59,-943,99,950,1,46.3720412,-70.9426642,183.30,3.15,0.58,12,1,19:35:44,00
602248,81,24289,15.79,1,1,7.40,77.3,893,58,-983,-57,987,1,46.3720412,-70.9426642,183.30,3.15,0.58,12,1,19:35:44,00
602718,1541,24289,16.03,1,1,7.27,75.9,900,51,-951,170,967,1,46.3720478,-70.9426603,183.20,2.72,0.58,12,1,19:35:45,00
603256,7316,24289,17.81,1,1,6.76,70.5,908,44,-995,25,996,1,46.3720478,-70.9426603,183.20,2.72,0.58,12,1,19:35:45,00
603723,13575,24289,20.07,1,1,7.37,76.9,915,-2,-971,109,977,1,46.3720550,-70.9426567,183.20,3.11,0.58,12,1,19:35:46,00
604180,14360,24289,18.46,1,1,7.72,80.6,922,-4,-1016,48,1017,1,46.3720550,-70.9426567,183.20,3.11,0.58,12,1,19:35:46,00
604635,4538,24289,18.89,1,1,10.32,107.8,932,80,-954,62,960,1,46.3720647,-70.9426522,183.20,4.48,0.58,12,1,19:35:47,00
605088,5417,24289,17.27,1,1,8.47,88.5,940,34,-1002,71,1005,1,46.3720647,-70.9426522,183.20,4.48,0.58,12,1,19:35:47,00
605543,1625,24289,16.83,1,1,7.91,82.6,948,43,-971,29,972,1,46.3720762,-70.9426467,183.20,5.00,0.58,12,1,19:35:48,00
606007,472,24289,15.89,1,1,7.65,79.9,955,62,-979,123,989,1,46.3720762,-70.9426467,183.20,5.00,0.58,12,1,19:35:48,00
606463,124,24289,15.83,1,1,7.98,83.3,963,56,-1006,64,1009,1,46.3720902,-70.9426402,183.20,6.24,0.58,12,1,19:35:49,00
606922,172,24289,15.89,1,1,7.62,79.5,970,50,-1096,-19,1098,1,46.3720902,-70.9426402,183.20,6.24,0.58,12,1,19:35:49,00
607384,-83,24289,15.78,1,1,9.87,103.1,980,57,-938,96,944,1,46.3721073,-70.9426313,183.20,7.69,0.58,12,1,19:35:50,00
607846,-67,24289,15.86,1,1,7.60,79.4,987,35,-1027,-13,1027,1,46.3721073,-70.9426313,183.20,7.69,0.58,12,1,19:35:50,00
608306,-63,24289,15.80,1,1,8.13,84.9,995,55,-1043,28,1045,1,46.3721272,-70.9426192,183.20,9.02,0.58,12,1,19:35:51,00
608769,-75,24289,15.82,1,1,4.02,42.0,998,49,-938,100,944,1,46.3721272,-70.9426192,183.20,9.02,0.58,12,1,19:35:51,00
609230,-70,24289,15.85,1,1,4.02,42.0,998,74,-1059,81,1065,1,46.3721272,-70.9426192,183.20,9.02,0.58,12,1,19:35:51,00
609697,-46,24289,15.78,1,1,2.74,28.6,1004,52,-886,70,890,1,46.3721470,-70.9426035,183.20,9.09,0.58,12,1,19:35:52,00
610163,113,24289,15.74,1,1,8.33,87.0,1010,62,-921,61,925,1,46.3721470,-70.9426035,183.20,9.09,0.58,12,1,19:35:52,00
610633,393,24289,15.88,1,1,2.93,30.6,1013,36,-1107,24,1108,1,46.3721650,-70.9425845,183.20,8.89,0.58,12,1,19:35:53,00
611097,-72,24289,15.84,1,1,5.28,55.1,1016,58,-1027,-52,1030,1,46.3721650,-70.9425845,183.20,8.89,0.58,12,1,19:35:53,00
611566,-68,24289,15.82,1,1,0.76,8.0,1017,41,-977,90,982,1,46.3721818,-70.9425612,183.20,9.54,0.58,12,1,19:35:54,00
612026,23,24289,15.84,1,1,4.21,43.9,1022,71,-1005,-19,1008,1,46.3721818,-70.9425612,183.20,9.54,0.58,12,1,19:35:54,00
612486,248,24289,16.03,1,1,2.19,22.9,1024,25,-1020,26,1021,1,46.3721972,-70.9425327,183.20,10.22,0.58,12,1,19:35:55,00
612956,-49,24289,15.88,1,1,7.68,80.2,1032,45,-965,3,966,1,46.3721972,-70.9425327,183.20,10.22,0.58,12,1,19:35:55,00
613423,-62,24289,15.88,1,1,8.57,89.5,1039,39,-1095,-80,1099,1,46.3722093,-70.9424995,183.10,10.52,0.58,12,1,19:35:56,00
613893,-53,24289,15.89,1,1,8.57,89.5,1039,30,-1003,10,1003,1,46.3722093,-70.9424995,183.10,10.52,0.58,12,1,19:35:56,00
614354,-50,24289,15.88,1,1,8.57,89.5,1039,34,-1008,68,1011,1,46.3722165,-70.9424633,183.10,10.43,0.58,12,1,19:35:57,00
614810,-49,24289,15.91,1,1,8.57,89.5,1039,53,-967,-9,968,1,46.3722165,-70.9424633,183.10,10.43,0.58,12,1,19:35:57,00
615271,58,24289,16.19,1,1,8.57,89.5,1039,71,-1119,234,1146,1,46.3722165,-70.9424633,183.10,10.43,0.58,12,1,19:35:57,00
615746,293,24289,16.00,1,1,1.00,10.4,1044,33,-1218,5,1218,1,46.3722197,-70.9424262,183.00,10.41,0.60,12,1,19:35:58,00
616212,4405,24289,18.03,1,1,2.25,23.5,1045,28,-1008,131,1017,1,46.3722197,-70.9424262,183.00,10.41,0.60,12,1,19:35:58,00
616679,11883,24289,18.96,1,1,0.75,7.9,1046,-23,-1077,79,1081,1,46.3722188,-70.9423883,183.00,10.54,0.58,12,1,19:35:59,00
617147,18209,24289,19.24,1,1,3.55,37.1,1050,35,-912,40,914,1,46.3722188,-70.9423883,183.00,10.54,0.58,12,1,19:35:59,00
617620,18390,24289,19.97,1,1,8.08,84.4,1058,-4,-963,105,969,1,46.3722147,-70.9423502,183.00,10.74,0.58,12,1,19:36:00,00
618156,18283,24289,20.21,1,1,9.58,100.0,1069,-6,-926,104,932,1,46.3722147,-70.9423502,183.00,10.74,0.58,12,1,19:36:00,00
618611,11796,24289,19.40,1,1,6.33,66.1,1075,48,-1013,156,1026,1,46.3722087,-70.9423117,182.90,10.98,0.58,12,1,19:36:01,00
619069,2303,24289,18.50,1,1,8.57,89.5,1083,28,-962,141,973,1,46.3722087,-70.9423117,182.90,10.98,0.58,12,1,19:36:01,00
619520,4388,24289,18.10,1,1,8.44,88.1,1091,16,-944,111,951,1,46.3722018,-70.9422723,182.90,11.32,0.58,12,1,19:36:02,00
619976,9770,24289,20.22,1,1,8.33,87.0,1099,14,-867,116,875,1,46.3722018,-70.9422723,182.90,11.32,0.58,12,1,19:36:02,00
620436,16572,24289,20.47,1,1,8.40,87.7,1107,37,-986,134,995,1,46.3721948,-70.9422323,182.80,11.48,0.58,12,1,19:36:03,00
620890,17187,24289,20.01,1,1,9.01,94.1,1116,6,-994,104,999,1,46.3721948,-70.9422323,182.80,11.48,0.58,12,1,19:36:03,00
621347,16362,24289,19.75,1,1,10.21,106.6,1125,20,-963,158,976,1,46.3721892,-70.9421913,182.80,11.58,0.58,12,1,19:36:04,00
621801,14689,24289,20.52,1,1,10.95,114.3,1136,10,-947,167,961,1,46.3721892,-70.9421913,182.80,11.58,0.58,12,1,19:36:04,00
622266,14653,24289,19.76,1,1,10.09,105.4,1145,37,-963,184,981,1,46.3721892,-70.9421913,182.80,11.58,0.58,12,1,19:36:04,00
622714,13921,24289,19.69,1,1,12.81,133.7,1158,-19,-961,214,985,1,46.3721858,-70.9421505,182.80,11.32,0.58,12,1,19:36:05,00
623166,11775,24289,20.42,1,1,8.47,88.5,1166,3,-938,157,951,1,46.3721858,-70.9421505,182.80,11.32,0.58,12,1,19:36:05,00
623631,12098,24289,20.51,1,1,10.34,108.0,1176,-42,-1032,156,1044,1,46.3721860,-70.9421113,182.80,10.63,0.58,12,1,19:36:06,00
624095,10534,24289,19.37,1,1,9.33,97.4,1185,15,-993,129,1001,1,46.3721860,-70.9421113,182.80,10.63,0.58,12,1,19:36:06,00
624552,11178,24289,20.31,1,1,14.26,148.9,1199,18,-890,102,896,1,46.3721905,-70.9420742,182.90,10.39,0.58,12,1,19:36:07,00
625014,11046,24289,19.38,1,1,10.43,108.9,1209,-13,-1027,123,1035,1,46.3721905,-70.9420742,182.90,10.39,0.58,12,1,19:36:07,00
625471,10521,24289,20.00,1,1,11.78,123.0,1220,17,-1001,154,1013,1,46.3721998,-70.9420380,182.90,10.83,0.58,12,1,19:36:08,00
625927,10102,24289,19.03,1,1,16.44,171.7,1236,8,-935,134,945,1,46.3721998,-70.9420380,183.00,10.83,0.58,12,1,19:36:08,00
626384,9147,24289,19.07,1,1,15.68,163.8,1251,8,-926,167,941,1,46.3722133,-70.9420032,183.00,11.19,0.58,12,1,19:36:09,00
626850,9085,24289,19.27,1,1,12.82,133.9,1263,-5,-1067,135,1076,1,46.3722133,-70.9420032,183.10,11.19,0.58,12,1,19:36:09,00
627317,8484,24289,20.21,1,1,12.20,127.4,1275,36,-1078,33,1079,1,46.3722133,-70.9420032,183.10,11.19,0.58,12,1,19:36:09,00
627783,8708,24289,20.30,1,1,12.36,129.0,1287,63,-936,186,957,1,46.3722292,-70.9419707,183.20,10.96,0.58,12,1,19:36:10,00
628239,8308,24289,19.12,1,1,13.59,141.9,1300,34,-940,188,959,1,46.3722292,-70.9419707,183.20,10.96,0.58,12,1,19:36:10,00
628709,8187,24289,18.99,1,1,12.97,135.4,1313,-10,-965,58,967,1,46.3722473,-70.9419382,183.20,11.85,0.58,12,1,19:36:11,00
629178,8229,24289,20.48,1,1,13.13,137.1,1326,2,-993,61,995,1,46.3722473,-70.9419382,183.20,11.85,0.58,12,1,19:36:11,00
629641,3622,24289,17.44,1,1,12.88,134.5,1338,3,-979,74,981,1,46.3722688,-70.9419053,183.20,12.80,0.58,12,1,19:36:12,00
630108,3171,24289,17.04,1,1,13.36,139.5,1351,12,-1012,47,1013,1,46.3722688,-70.9419053,183.20,12.80,0.58,12,1,19:36:12,00
630572,3169,24289,19.56,1,1,14.26,148.9,1365,29,-913,134,923,1,46.3722933,-70.9418723,183.20,13.67,0.58,12,1,19:36:13,00
631034,3327,24289,19.43,1,1,14.29,149.3,1379,57,-1112,46,1114,1,46.3722933,-70.9418723,183.20,13.67,0.58,12,1,19:36:13,00
631514,3149,24289,17.02,1,1,13.21,138.0,1392,66,-941,93,948,1,46.3723213,-70.9418415,183.20,14.33,0.58,12,1,19:36:14,00
631989,3271,24289,16.91,1,1,13.24,138.3,1405,55,-930,170,947,1,46.3723213,-70.9418415,183.20,14.33,0.58,12,1,19:36:14,00
632451,1988,24289,16.94,1,1,13.36,139.5,1418,40,-1021,123,1029,1,46.3723535,-70.9418148,183.20,15.15,0.58,12,1,19:36:15,00
632989,1921,24289,17.10,1,1,12.37,129.2,1432,12,-976,141,986,1,46.3723535,-70.9418148,183.20,15.15,0.58,12,1,19:36:15,00
633447,1883,24289,17.90,1,1,14.48,151.2,1446,10,-1049,76,1052,1,46.3723897,-70.9417933,183.20,15.87,0.58,12,1,19:36:16,00
633903,1823,24289,16.94,1,1,13.47,140.7,1459,19,-1093,116,1099,1,46.3723897,-70.9417933,183.20,15.87,0.58,12,1,19:36:16,00
634363,1884,24289,16.92,1,1,13.15,137.3,1471,-15,-992,143,1003,1,46.3724288,-70.9417782,183.20,16.43,0.58,12,1,19:36:17,00
634822,1892,24289,19.01,1,1,13.39,139.8,1484,51,-917,179,936,1,46.3724288,-70.9417782,183.20,16.43,0.58,12,1,19:36:17,00
635290,2139,24289,17.32,1,1,13.33,139.2,1497,41,-1026,69,1029,1,46.3724288,-70.9417782,183.20,16.43,0.58,12,1,19:36:17,00
635750,2727,24289,17.06,1,1,13.30,138.9,1510,71,-981,120,991,1,46.3724703,-70.9417710,183.20,16.87,0.58,12,1,19:36:18,00
636208,2804,24289,17.22,1,1,12.85,134.2,1522,15,-979,129,988,1,46.3724703,-70.9417710,183.20,16.87,0.58,12,1,19:36:18,00
636659,2728,24289,19.64,1,1,13.92,145.4,1535,42,-980,107,986,1,46.3725133,-70.9417728,183.20,17.33,0.58,12,1,19:36:19,00
637116,2719,24289,17.17,1,1,14.05,146.8,1549,37,-983,86,988,1,46.3725133,-70.9417728,183.20,17.33,0.58,12,1,19:36:19,00
637575,1884,24289,17.03,1,1,12.82,133.9,1561,76,-873,79,880,1,46.3725563,-70.9417835,183.20,17.50,0.58,12,1,19:36:20,00
638040,1842,24289,17.10,1,1,13.05,136.3,1574,55,-985,69,989,1,46.3725563,-70.9417835,183.20,17.50,0.58,12,1,19:36:20,00
638511,2770,24289,17.70,1,1,12.74,133.0,1586,46,-1044,31,1045,1,46.3725977,-70.9418028,183.20,17.45,0.58,12,1,19:36:21,00
638966,7602,24289,19.52,1,1,14.02,146.4,1600,1,-1059,76,1062,1,46.3725977,-70.9418028,183.20,17.45,0.58,12,1,19:36:21,00
639433,5063,24289,20.01,1,1,12.85,134.2,1612,59,-960,110,968,1,46.3726367,-70.9418317,183.20,17.54,0.58,12,1,19:36:22,00
639898,2209,24289,18.26,1,1,13.21,138.0,1625,48,-904,132,915,1,46.3726367,-70.9418317,183.20,17.54,0.58,12,1,19:36:22,00
640354,2310,24289,17.31,1,1,14.23,148.6,1639,34,-982,159,995,1,46.3726367,-70.9418317,183.20,17.54,0.58,12,1,19:36:22,00
640814,2176,24289,17.15,1,1,12.94,135.1,1651,47,-1001,86,1006,1,46.3726722,-70.9418693,183.10,17.71,0.58,12,1,19:36:23,00
641273,2101,24289,19.24,1,1,14.20,148.3,1665,34,-1015,138,1025,1,46.3726722,-70.9418693,183.10,17.71,0.58,12,1,19:36:23,00
641740,2082,24289,17.20,1,1,13.24,138.3,1678,75,-867,72,873,1,46.3727035,-70.9419142,183.10,17.72,0.58,12,1,19:36:24,00
642208,3999,24289,20.29,1,1,13.36,139.5,1691,46,-1010,124,1019,1,46.3727035,-70.9419142,183.10,17.72,0.58,12,1,19:36:24,00
642666,10047,24289,21.05,1,1,13.56,141.6,1704,41,-985,121,993,1,46.3727303,-70.9419647,183.10,17.59,0.58,12,1,19:36:25,00
643130,12068,24289,21.45,1,1,14.93,155.9,1718,22,-1101,98,1106,1,46.3727303,-70.9419647,183.10,17.59,0.58,12,1,19:36:25,00
643598,238,24289,17.35,1,1,13.39,139.8,1731,58,-992,135,1003,1,46.3727520,-70.9420192,183.10,17.37,0.58,12,1,19:36:26,00
644064,143,24289,17.08,1,1,14.51,151.5,1745,35,-1103,120,1110,1,46.3727520,-70.9420192,183.10,17.37,0.58,12,1,19:36:26,00
644530,1174,24289,17.48,1,1,14.69,153.4,1760,65,-1030,65,1034,1,46.3727682,-70.9420768,183.10,17.24,0.58,12,1,19:36:27,00
644995,3534,24289,17.69,1,1,14.41,150.5,1774,29,-946,126,955,1,46.3727682,-70.9420768,183.10,17.24,0.58,12,1,19:36:27,00
645467,9304,24289,21.12,1,1,14.38,150.2,1788,119,-957,253,997,1,46.3727780,-70.9421372,183.10,17.19,0.58,12,1,19:36:28,00
645930,4900,24289,18.64,1,1,14.57,152.2,1802,44,-971,121,980,1,46.3727780,-70.9421372,183.10,17.19,0.58,12,1,19:36:28,00
646397,5109,24289,18.00,1,1,14.64,152.8,1816,88,-962,154,978,1,46.3727815,-70.9421988,183.10,17.17,0.58,12,1,19:36:29,00
646864,4814,24289,20.66,1,1,15.02,156.9,1831,38,-927,252,962,1,46.3727815,-70.9421988,183.20,17.17,0.58,12,1,19:36:29,00
647334,5098,24289,18.39,1,1,15.15,158.2,1846,7,-996,129,1004,1,46.3727815,-70.9421988,183.20,17.17,0.58,12,1,19:36:29,00
647874,4970,24289,18.57,1,1,14.13,147.6,1862,31,-1124,-29,1125,1,46.3727780,-70.9422610,183.20,17.41,0.60,12,1,19:36:30,00
648331,4298,24289,17.85,1,1,15.10,157.7,1876,56,-922,94,929,1,46.3727780,-70.9422610,183.20,17.41,0.60,12,1,19:36:30,00
648786,3987,24289,17.88,1,1,15.41,160.9,1891,63,-917,103,925,1,46.3727670,-70.9423217,183.20,17.41,0.60,12,1,19:36:31,00
649243,3597,24289,20.41,1,1,15.16,158.4,1905,49,-1035,163,1049,1,46.3727670,-70.9423217,183.20,17.41,0.60,12,1,19:36:31,00
649701,2455,24289,19.41,1,1,15.41,160.9,1920,79,-925,123,937,1,46.3727488,-70.9423793,183.20,17.71,0.60,12,1,19:36:32,00
650168,1116,24289,17.61,1,1,14.35,149.9,1934,83,-1040,202,1063,1,46.3727488,-70.9423793,183.20,17.71,0.60,12,1,19:36:32,00
650624,2983,24289,18.00,1,1,15.38,160.6,1949,66,-1062,58,1065,1,46.3727252,-70.9424355,183.20,18.41,0.60,12,1,19:36:33,00
651089,8775,24289,20.12,1,1,15.06,157.3,1963,-31,-1074,151,1085,1,46.3727252,-70.9424355,183.20,18.41,0.60,12,1,19:36:33,00
651546,10740,24289,19.81,1,1,15.58,162.7,1978,2,-924,194,945,1,46.3726982,-70.9424905,183.20,18.74,0.60,12,1,19:36:34,00
652015,2219,24289,17.94,1,1,14.93,155.9,1993,92,-838,94,848,1,46.3726982,-70.9424905,183.20,18.74,0.60,12,1,19:36:34,00
652492,2956,24289,17.95,1,1,14.51,151.5,2007,52,-858,91,865,1,46.3726703,-70.9425447,182.90,18.67,0.60,12,1,19:36:35,00
652958,3386,24289,18.06,1,1,15.48,161.6,2022,76,-876,114,886,1,46.3726703,-70.9425447,182.90,18.67,0.60,12,1,19:36:35,00
653421,3128,24289,18.24,1,1,15.31,159.9,2037,19,-1077,163,1090,1,46.3726413,-70.9425985,182.90,18.98,0.60,12,1,19:36:36,00
653880,3318,24289,19.83,1,1,14.86,155.2,2051,72,-853,132,866,1,46.3726413,-70.9425985,182.90,18.98,0.60,12,1,19:36:36,00
654343,3874,24289,18.37,1,1,15.09,157.6,2066,1,-989,41,990,1,46.3726413,-70.9425985,182.90,18.98,0.60,12,1,19:36:36,00
654816,3174,24289,20.65,1,1,14.99,156.6,2081,75,-951,130,963,1,46.3726118,-70.9426532,182.90,19.24,0.60,12,1,19:36:37,00
655280,3616,24289,18.29,1,1,14.64,152.8,2095,38,-975,124,983,1,46.3726118,-70.9426532,182.90,19.24,0.60,12,1,19:36:37,00
655739,3700,24289,18.32,1,1,13.62,142.2,2108,58,-901,183,921,1,46.3725822,-70.9427088,182.90,19.56,0.60,12,1,19:36:38,00
656196,3311,24289,20.66,1,1,14.57,152.2,2122,67,-900,175,919,1,46.3725822,-70.9427088,182.90,19.56,0.60,12,1,19:36:38,00
656655,4563,24289,20.97,1,1,10.41,108.7,2132,51,-946,135,957,1,46.3725525,-70.9427652,182.90,19.61,0.62,12,1,19:36:39,00
657119,7123,24289,20.00,1,1,15.61,163.0,2147,15,-967,143,977,1,46.3725525,-70.9427652,182.90,19.61,0.62,12,1,19:36:39,00
657579,6938,24289,21.40,1,1,14.64,152.8,2161,52,-1052,199,1072,1,46.3725228,-70.9428217,182.90,19.61,0.62,12,1,19:36:40,00
658045,6845,24289,19.81,1,1,14.64,152.8,2175,24,-911,188,931,1,46.3725228,-70.9428217,182.90,19.61,0.62,12,1,19:36:40,00
658511,6161,24289,18.53,1,1,14.87,155.3,2190,26,-912,224,939,1,46.3724930,-70.9428780,182.90,19.69,0.62,12,1,19:36:41,00
658979,5650,24289,20.53,1,1,14.60,152.5,2204,48,-962,144,974,1,46.3724930,-70.9428780,182.90,19.69,0.62,12,1,19:36:41,00
659448,5262,24289,19.30,1,1,14.54,151.8,2218,41,-952,139,963,1,46.3724625,-70.9429343,182.90,19.83,0.62,12,1,19:36:42,00
659918,4973,24289,20.07,1,1,15.79,164.9,2234,61,-940,187,960,1,46.3724625,-70.9429343,182.90,19.83,0.62,12,1,19:36:42,00
660382,4810,24289,18.68,1,1,13.53,141.3,2247,37,-984,161,998,1,46.3724317,-70.9429893,182.90,19.48,0.62,12,1,19:36:43,00
660856,3509,24289,20.62,1,1,14.51,151.5,2261,92,-956,64,962,1,46.3724317,-70.9429893,182.90,19.48,0.62,12,1,19:36:43,00
661319,4010,24289,18.58,1,1,14.87,155.3,2276,45,-993,105,999,1,46.3724317,-70.9429893,182.90,19.48,0.62,12,1,19:36:43,00
661788,3146,24289,18.79,1,1,14.64,152.8,2290,17,-1092,111,1098,1,46.3724017,-70.9430440,182.90,19.19,0.62,12,1,19:36:44,00
662257,3849,24289,18.47,1,1,14.87,155.3,2305,46,-1001,75,1005,1,46.3724017,-70.9430440,182.90,19.19,0.62,12,1,19:36:44,00
662794,4029,24289,18.85,1,1,13.55,141.5,2320,18,-1007,12,1007,1,46.3723720,-70.9430977,183.00,18.95,0.62,12,1,19:36:45,00
663251,3830,24289,18.69,1,1,14.70,153.5,2334,12,-999,18,999,1,46.3723720,-70.9430977,183.00,18.95,0.62,12,1,19:36:45,00
663720,3158,24289,20.98,1,1,14.67,153.2,2348,52,-993,75,997,1,46.3723423,-70.9431508,183.00,18.95,0.60,12,1,19:36:46,00
664183,3678,24289,18.74,1,1,14.05,146.8,2362,42,-971,39,972,1,46.3723423,-70.9431508,183.00,18.95,0.60,12,1,19:36:46,00
664652,4015,24289,18.61,1,1,14.14,147.7,2376,25,-917,95,923,1,46.3723127,-70.9432040,183.00,18.96,0.60,12,1,19:36:47,00
665114,3901,24289,18.58,1,1,14.96,156.3,2390,62,-989,87,994,1,46.3723127,-70.9432040,183.00,18.96,0.60,12,1,19:36:47,00
665576,3016,24289,20.82,1,1,14.29,149.3,2404,54,-1002,125,1011,1,46.3722827,-70.9432572,183.00,18.93,0.60,12,1,19:36:48,00
666036,2925,24289,20.03,1,1,14.96,156.3,2418,31,-989,92,994,1,46.3722827,-70.9432572,183.00,18.93,0.60,12,1,19:36:48,00
666499,3335,24289,18.64,1,1,15.38,160.6,2433,13,-937,93,941,1,46.3722515,-70.9433083,183.00,18.83,0.60,12,1,19:36:49,00
666956,3389,24289,18.48,1,1,15.38,160.6,2448,22,-955,173,971,1,46.3722515,-70.9433083,183.10,18.83,0.60,12,1,19:36:49,00
667426,3339,24289,18.66,1,1,14.29,149.3,2462,92,-888,145,904,1,46.3722178,-70.9433557,183.10,18.78,0.60,12,1,19:36:50,00
667896,3391,24289,20.93,1,1,14.29,149.3,2476,96,-932,105,943,1,46.3722178,-70.9433557,183.10,18.78,0.60,12,1,19:36:50,00
668356,3889,24289,18.65,1,1,14.93,155.9,2490,32,-926,24,927,1,46.3722178,-70.9433557,183.10,18.78,0.60,12,1,19:36:50,00
668830,3335,24289,18.65,1,1,15.18,158.6,2505,37,-1001,78,1005,1,46.3721807,-70.9433973,183.10,18.83,0.60,12,1,19:36:51,00
669298,4040,24289,18.78,1,1,15.09,157.6,2520,82,-950,93,958,1,46.3721807,-70.9433973,183.10,18.83,0.60,12,1,19:36:51,00
669768,3303,24289,19.09,1,1,14.11,147.4,2534,12,-983,86,987,1,46.3721397,-70.9434320,183.20,19.08,0.60,12,1,19:36:52,00
670231,3212,24289,21.07,1,1,14.80,154.5,2548,74,-956,106,965,1,46.3721397,-70.9434320,183.20,19.08,0.60,12,1,19:36:52,00
670697,3937,24289,18.97,1,1,15.06,157.2,2563,-16,-1039,95,1043,1,46.3720953,-70.9434563,183.30,19.04,0.60,12,1,19:36:53,00
671184,3577,24289,18.80,1,1,14.02,146.4,2577,29,-886,176,904,1,46.3720953,-70.9434563,183.30,19.04,0.60,12,1,19:36:53,00
671647,3454,24289,18.79,1,1,14.76,154.2,2591,8,-1003,28,1004,1,46.3720483,-70.9434682,183.40,19.21,0.61,12,1,19:36:54,00
672114,3365,24289,18.89,1,1,15.09,157.6,2606,16,-956,190,975,1,46.3720483,-70.9434682,183.40,19.21,0.61,12,1,19:36:54,00
672598,3739,24289,18.78,1,1,14.05,146.7,2620,56,-861,156,876,1,46.3720005,-70.9434690,183.40,19.33,0.61,12,1,19:36:55,00
673078,3323,24289,18.86,1,1,14.42,150.6,2635,25,-968,116,976,1,46.3720005,-70.9434690,183.40,19.33,0.61,12,1,19:36:55,00
673560,3543,24289,18.99,1,1,14.23,148.6,2649,18,-1075,24,1076,1,46.3719525,-70.9434590,183.40,19.48,0.61,12,1,19:36:56,00
674024,5406,24289,20.11,1,1,15.28,159.6,2664,22,-969,130,978,1,46.3719525,-70.9434590,183.40,19.48,0.61,12,1,19:36:56,00
674493,12028,24289,21.63,1,1,15.41,160.9,2679,15,-936,57,938,1,46.3719060,-70.9434388,183.40,19.48,0.61,12,1,19:36:57,00
674958,12535,24289,21.77,1,1,15.68,163.8,2694,46,-1047,17,1048,1,46.3719060,-70.9434388,183.40,19.48,0.61,12,1,19:36:57,00
675429,11909,24289,22.49,1,1,15.22,158.9,2709,25,-1009,95,1014,1,46.3718625,-70.9434087,183.40,19.32,0.61,12,1,19:36:58,00
675908,11667,24289,22.35,1,1,16.75,174.9,2726,33,-1015,18,1016,1,46.3718625,-70.9434087,183.40,19.32,0.61,12,1,19:36:58,00
676379,11651,24289,20.74,1,1,16.16,168.8,2742,87,-904,48,910,1,46.3718235,-70.9433683,183.40,19.21,0.61,12,1,19:36:59,00
676848,10760,24289,22.47,1,1,16.40,171.3,2758,41,-868,59,871,1,46.3718235,-70.9433683,183.40,19.21,0.61,12,1,19:36:59,00
677319,10960,24289,22.34,1,1,16.62,173.5,2774,14,-1051,123,1058,1,46.3717905,-70.9433188,183.40,19.09,0.61,12,1,19:37:00,00
677848,10966,24289,20.89,1,1,15.16,158.3,2791,-9,-969,150,980,1,46.3717905,-70.9433188,183.40,19.09,0.61,12,1,19:37:00,00
678306,10357,24289,22.49,1,1,16.91,176.6,2807,88,-897,136,912,1,46.3717633,-70.9432625,183.40,19.08,0.61,12,1,19:37:01,00
678766,10045,24289,21.29,1,1,13.44,140.4,2820,33,-1082,213,1103,1,46.3717633,-70.9432625,183.40,19.08,0.58,12,1,19:37:01,00
679232,11449,24289,22.13,1,1,17.28,180.5,2837,28,-1036,169,1050,1,46.3717633,-70.9432625,183.40,19.08,0.58,12,1,19:37:01,00
679697,10999,24289,21.28,1,1,19.52,203.9,2856,49,-979,128,989,1,46.3717425,-70.9432007,183.40,19.09,0.58,12,1,19:37:02,00
680155,11065,24289,20.71,1,1,18.78,196.1,2874,37,-1013,109,1019,1,46.3717425,-70.9432007,183.40,19.09,0.58,12,1,19:37:02,00
680623,9777,24289,21.96,1,1,18.18,189.9,2892,63,-882,124,893,1,46.3717292,-70.9431340,183.30,19.28,0.58,12,1,19:37:03,00
681084,9622,24289,21.42,1,1,18.21,190.2,2909,55,-1000,162,1015,1,46.3717292,-70.9431340,183.30,19.28,0.58,12,1,19:37:03,00
681543,8974,24289,21.28,1,1,15.54,162.3,2924,15,-926,100,931,1,46.3717247,-70.9430643,183.30,19.48,0.58,12,1,19:37:04,00
682005,9240,24289,20.15,1,1,17.85,186.4,2941,28,-1065,159,1077,1,46.3717247,-70.9430643,183.30,19.48,0.58,12,1,19:37:04,00
682462,8526,24289,21.09,1,1,17.32,180.9,2958,26,-937,123,945,1,46.3717297,-70.9429930,183.20,20.15,0.56,12,1,19:37:05,00
682930,8925,24289,20.36,1,1,18.45,192.7,2976,72,-1005,113,1014,1,46.3717297,-70.9429930,183.20,20.15,0.56,12,1,19:37:05,00
683393,8538,24289,21.01,1,1,18.57,194.0,2994,45,-1007,165,1022,1,46.3717452,-70.9429217,183.20,21.02,0.56,12,1,19:37:06,00
683851,8655,24289,20.88,1,1,18.65,194.8,3012,43,-1017,122,1025,1,46.3717452,-70.9429217,183.20,21.02,0.56,12,1,19:37:06,00
684315,9014,24289,20.24,1,1,15.44,161.3,3026,52,-896,174,915,1,46.3717452,-70.9429217,183.20,21.02,0.56,12,1,19:37:06,00
684772,8200,24289,20.67,1,1,16.78,175.3,3043,70,-1024,97,1031,1,46.3717690,-70.9428520,183.20,21.84,0.56,12,1,19:37:07,00
685245,7802,24289,21.42,1,1,19.11,199.6,3062,59,-809,103,818,1,46.3717690,-70.9428520,183.20,21.84,0.56,12,1,19:37:07,00
685704,8387,24289,20.96,1,1,19.99,208.8,3081,21,-1046,103,1051,1,46.3717987,-70.9427847,183.20,22.26,0.56,12,1,19:37:08,00
686162,8151,24289,20.18,1,1,17.89,186.8,3098,23,-1055,109,1061,1,46.3717987,-70.9427847,183.20,22.26,0.56,12,1,19:37:08,00
686629,7901,24289,21.89,1,1,19.35,202.1,3117,33,-904,134,915,1,46.3718308,-70.9427182,183.20,22.56,0.56,12,1,19:37:09,00
687091,7934,24289,22.56,1,1,19.07,199.1,3135,22,-898,254,933,1,46.3718308,-70.9427182,183.20,22.56,0.56,12,1,19:37:09,00
687554,7374,24289,20.92,1,1,19.40,202.6,3154,30,-1048,119,1055,1,46.3718652,-70.9426522,183.20,22.98,0.56,12,1,19:37:10,00
688025,7754,24289,22.80,1,1,19.40,202.6,3173,45,-809,192,832,1,46.3718652,-70.9426522,183.20,22.98,0.56,12,1,19:37:10,00
688496,8019,24289,22.41,1,1,19.44,203.0,3192,38,-948,82,953,1,46.3719017,-70.9425858,183.20,23.65,0.56,12,1,19:37:11,00
688956,6239,24289,18.91,1,1,19.52,203.9,3211,48,-1015,119,1023,1,46.3719017,-70.9425858,183.20,23.65,0.56,12,1,19:37:11,00
689422,-122,24289,18.91,1,1,19.44,203.0,3230,73,-981,102,989,1,46.3719385,-70.9425177,183.20,24.21,0.56,12,1,19:37:12,00
689900,91,24289,19.04,1,1,18.30,191.1,3248,83,-918,192,941,1,46.3719385,-70.9425177,183.20,24.21,0.56,12,1,19:37:12,00
690366,310,24289,19.15,1,1,19.15,200.0,3267,25,-966,141,977,1,46.3719385,-70.9425177,183.20,24.21,0.56,12,1,19:37:12,00
690832,1213,24289,19.18,1,1,16.69,174.3,3283,23,-1080,49,1081,1,46.3719757,-70.9424473,183.20,24.59,0.56,12,1,19:37:13,00
691298,3994,24289,19.60,1,1,18.38,191.9,3301,74,-918,99,926,1,46.3719757,-70.9424473,183.20,24.59,0.56,12,1,19:37:13,00
691760,8838,24289,20.98,1,1,18.61,194.4,3319,72,-936,94,944,1,46.3720128,-70.9423758,183.20,24.85,0.56,12,1,19:37:14,00
692231,8937,24289,20.33,1,1,17.24,180.1,3336,57,-888,76,893,1,46.3720128,-70.9423758,183.20,24.85,0.56,12,1,19:37:14,00
692768,8632,24289,21.43,1,1,16.73,174.8,3354,16,-962,-21,963,1,46.3720495,-70.9423037,183.10,25.04,0.56,12,1,19:37:15,00
693228,8731,24289,21.21,1,1,9.23,96.4,3363,18,-1025,-2,1025,1,46.3720495,-70.9423037,183.10,25.04,0.56,12,1,19:37:15,00
693680,8189,24289,22.59,1,1,19.07,199.1,3381,20,-950,63,952,1,46.3720873,-70.9422317,183.10,25.19,0.56,12,1,19:37:16,00
694136,8495,24289,20.72,1,1,21.62,225.8,3402,55,-819,188,842,1,46.3720873,-70.9422317,183.10,25.19,0.56,12,1,19:37:16,00
694600,8375,24289,21.17,1,1,18.57,194.0,3420,-10,-1094,113,1100,1,46.3721258,-70.9421595,183.10,25.34,0.56,12,1,19:37:17,00
695063,8385,24289,20.70,1,1,18.61,194.4,3438,1,-1056,-48,1058,1,46.3721258,-70.9421595,183.10,25.34,0.56,12,1,19:37:17,00
695517,8241,24289,20.62,1,1,18.69,195.2,3456,39,-973,35,974,1,46.3721650,-70.9420878,183.10,25.37,0.56,12,1,19:37:18,00
695969,8115,24289,20.45,1,1,18.50,193.2,3473,48,-1044,153,1057,1,46.3721650,-70.9420878,183.10,25.37,0.56,12,1,19:37:18,00
696431,8095,24289,20.45,1,1,19.23,200.8,3492,71,-895,135,908,1,46.3722057,-70.9420170,183.10,25.45,0.56,12,1,19:37:19,00
696889,7752,24289,20.31,1,1,18.05,188.5,3509,61,-919,46,922,1,46.3722057,-70.9420170,183.20,25.45,0.56,12,1,19:37:19,00
697345,7599,24289,20.17,1,1,19.52,203.9,3528,29,-988,26,989,1,46.3722057,-70.9420170,183.20,25.45,0.56,12,1,19:37:19,00
697802,7179,24289,20.76,1,1,19.37,202.2,3546,46,-970,32,972,1,46.3722472,-70.9419483,183.20,25.04,0.56,12,1,19:37:20,00
698261,7249,24289,20.10,1,1,18.78,196.1,3564,-36,-974,61,977,1,46.3722472,-70.9419483,183.20,25.04,0.56,12,1,19:37:20,00
698718,6895,24289,22.86,1,1,19.86,207.4,3583,22,-1104,76,1107,1,46.3722902,-70.9418847,183.30,24.48,0.56,12,1,19:37:21,00
699180,6853,24289,22.97,1,1,18.82,196.5,3601,64,-814,-13,816,1,46.3722902,-70.9418847,183.30,24.48,0.56,12,1,19:37:21,00
699636,6865,24289,20.29,1,1,19.82,207.0,3620,95,-705,78,716,1,46.3723378,-70.9418302,183.30,24.34,0.56,12,1,19:37:22,00
700103,6887,24289,22.93,1,1,20.20,211.0,3640,50,-850,53,853,1,46.3723378,-70.9418302,183.30,24.34,0.56,12,1,19:37:22,00
700573,6627,24289,20.43,1,1,18.22,190.3,3658,24,-994,2,995,1,46.3723917,-70.9417897,183.30,24.43,0.56,12,1,19:37:23,00
701042,6610,24289,20.76,1,1,19.40,202.6,3677,27,-1166,28,1166,1,46.3723917,-70.9417897,183.30,24.43,0.56,12,1,19:37:23,00
701511,5986,24289,22.79,1,1,20.46,213.7,3697,99,-920,-36,926,1,46.3724502,-70.9417672,183.30,24.46,0.56,12,1,19:37:24,00
701980,6071,24289,20.04,1,1,19.65,205.2,3716,22,-1117,81,1120,1,46.3724502,-70.9417672,183.30,24.46,0.56,12,1,19:37:24,00
702446,5781,24289,22.52,1,1,19.73,206.1,3735,63,-997,113,1006,1,46.3725112,-70.9417653,183.30,24.67,0.56,12,1,19:37:25,00
702911,5988,24289,19.91,1,1,20.16,210.5,3755,87,-957,-19,961,1,46.3725112,-70.9417653,183.30,24.67,0.56,12,1,19:37:25,00
703381,5798,24289,20.32,1,1,20.20,211.0,3775,67,-897,-22,899,1,46.3725112,-70.9417653,183.30,24.67,0.56,12,1,19:37:25,00
703854,5424,24289,22.35,1,1,20.24,211.4,3795,83,-935,97,943,1,46.3725717,-70.9417843,183.20,24.98,0.59,12,1,19:37:26,00
704332,5121,24289,22.51,1,1,19.35,202.1,3814,17,-1006,76,1009,1,46.3725717,-70.9417843,183.20,24.98,0.59,12,1,19:37:26,00
704809,5071,24289,22.71,1,1,20.69,216.0,3835,17,-1061,113,1067,1,46.3725717,-70.9417843,183.20,24.98,0.59,12,1,19:37:26,00
705281,6380,24289,20.37,1,1,19.40,202.6,3854,29,-1082,237,1108,1,46.3725717,-70.9417843,183.20,24.98,0.59,12,1,19:37:26,00
705757,6317,24289,22.67,1,1,20.33,212.3,3874,70,-836,111,847,1,46.3726792,-70.9418763,183.30,24.98,0.59,12,1,19:37:28,00
706240,6253,24289,20.54,1,1,20.48,213.8,3895,39,-1030,127,1038,1,46.3726792,-70.9418763,183.30,24.98,0.59,12,1,19:37:28,00
706707,6613,24289,21.52,1,1,19.82,207.0,3914,71,-923,121,933,1,46.3727228,-70.9419447,183.30,25.85,0.56,12,1,19:37:29,00
707180,6491,24289,20.98,1,1,20.03,209.2,3934,50,-898,182,917,1,46.3727228,-70.9419447,183.30,25.85,0.56,12,1,19:37:29,00
707713,7150,24289,20.41,1,1,18.10,189.0,3954,44,-851,227,882,1,46.3727545,-70.9420262,183.20,25.97,0.56,12,1,19:37:30,00
708179,6829,24289,21.82,1,1,19.78,206.5,3973,29,-965,233,993,1,46.3727545,-70.9420262,183.20,25.97,0.56,12,1,19:37:30,00
708647,7416,24289,20.38,1,1,20.99,219.2,3994,40,-875,200,899,1,46.3727722,-70.9421173,183.20,26.37,0.56,12,1,19:37:31,00
709109,7172,24289,20.30,1,1,18.65,194.8,4012,26,-1072,145,1083,1,46.3727722,-70.9421173,183.20,26.37,0.56,12,1,19:37:31,00
709572,7591,24289,20.35,1,1,13.44,140.4,4025,29,-1024,193,1043,1,46.3727748,-70.9422128,183.10,26.69,0.56,12,1,19:37:32,00
710037,7225,24289,20.71,1,1,16.51,172.4,4041,45,-1042,167,1056,1,46.3727748,-70.9422128,183.10,26.69,0.56,12,1,19:37:32,00
710503,6031,24289,21.01,1,1,19.65,205.2,4060,39,-984,128,994,1,46.3727627,-70.9423082,183.10,26.91,0.56,12,1,19:37:33,00
710966,7032,24289,20.64,1,1,17.62,184.0,4077,68,-896,142,909,1,46.3727627,-70.9423082,183.10,26.91,0.56,12,1,19:37:33,00
711429,7404,24289,20.45,1,1,11.78,123.0,4088,48,-866,173,884,1,46.3727370,-70.9423983,183.00,27.19,0.56,12,1,19:37:34,00
711896,6800,24289,22.94,1,1,8.79,91.8,4097,10,-1079,148,1089,1,46.3727370,-70.9423983,183.00,27.19,0.56,12,1,19:37:34,00
712357,7862,24289,20.51,1,1,10.55,110.1,4107,31,-917,126,927,1,46.3727040,-70.9424842,183.00,27.22,0.56,12,1,19:37:35,00
712828,7221,24289,22.66,1,1,17.21,179.7,4124,20,-1048,155,1060,1,46.3727040,-70.9424842,183.00,27.22,0.56,12,1,19:37:35,00
713303,7372,24289,23.13,1,1,20.42,213.2,4144,17,-958,129,967,1,46.3726693,-70.9425677,183.00,26.98,0.56,12,1,19:37:36,00
713770,7637,24289,20.77,1,1,19.56,204.3,4163,2,-1025,200,1044,1,46.3726693,-70.9425677,183.00,26.98,0.58,12,1,19:37:36,00
714232,7392,24289,23.28,1,1,18.69,195.2,4181,4,-1009,195,1028,1,46.3726693,-70.9425677,183.00,26.98,0.58,12,1,19:37:36,00
714689,7874,24289,20.95,1,1,18.67,195.0,4198,39,-925,199,947,1,46.3726340,-70.9426503,183.00,26.85,0.58,12,1,19:37:37,00
715155,7730,24289,21.19,1,1,8.85,92.4,4207,60,-1044,121,1052,1,46.3726340,-70.9426503,183.00,26.85,0.58,12,1,19:37:37,00
715625,7526,24289,20.88,1,1,9.89,103.3,4217,33,-1003,213,1026,1,46.3725985,-70.9427320,183.00,26.76,0.60,12,1,19:37:38,00
716094,8291,24289,23.36,1,1,19.44,203.0,4236,22,-1000,193,1018,1,46.3725985,-70.9427320,183.00,26.76,0.60,12,1,19:37:38,00
716557,7816,24289,23.17,1,1,17.93,187.2,4253,12,-994,159,1007,1,46.3725628,-70.9428128,183.00,26.63,0.60,12,1,19:37:39,00
717025,8431,24289,21.11,1,1,17.21,179.7,4270,17,-1122,142,1131,1,46.3725628,-70.9428128,183.00,26.63,0.60,12,1,19:37:39,00
717492,8242,24289,21.36,1,1,18.94,197.8,4288,39,-944,168,959,1,46.3725257,-70.9428922,183.00,26.54,0.60,12,1,19:37:40,00
717970,8606,24289,21.10,1,1,18.45,192.7,4307,16,-977,154,989,1,46.3725257,-70.9428922,183.00,26.54,0.60,12,1,19:37:40,00
718436,8559,24289,21.14,1,1,18.86,196.9,4325,20,-1014,94,1018,1,46.3724875,-70.9429698,183.00,26.47,0.60,12,1,19:37:41,00
718906,8121,24289,21.81,1,1,18.14,189.5,4343,81,-983,110,992,1,46.3724875,-70.9429698,183.00,26.47,0.60,12,1,19:37:41,00
719372,8285,24289,23.32,1,1,17.85,186.4,4360,39,-900,29,902,1,46.3724482,-70.9430458,183.10,26.19,0.60,12,1,19:37:42,00
719834,8045,24289,23.29,1,1,15.44,161.3,4375,35,-977,126,986,1,46.3724482,-70.9430458,183.10,26.19,0.60,12,1,19:37:42,00
720312,7690,24289,20.93,1,1,6.10,63.7,4381,25,-999,34,1000,1,46.3724083,-70.9431202,183.20,25.93,0.60,12,1,19:37:43,00
720780,7268,24289,22.94,1,1,8.83,92.2,4390,40,-988,48,990,1,46.3724083,-70.9431202,183.20,25.93,0.60,12,1,19:37:43,00
721246,7470,24289,23.38,1,1,12.57,131.3,4402,18,-1020,-13,1020,1,46.3723682,-70.9431933,183.20,25.76,0.60,12,1,19:37:44,00
721710,7256,24289,22.31,1,1,15.48,161.6,4417,12,-868,22,869,1,46.3723682,-70.9431933,183.40,25.76,0.60,12,1,19:37:44,00
722171,6983,24289,23.36,1,1,15.28,159.6,4432,48,-1006,52,1009,1,46.3723277,-70.9432653,183.40,25.61,0.60,12,1,19:37:45,00
722712,6881,24289,21.10,1,1,16.17,168.9,4450,39,-975,-9,976,1,46.3723277,-70.9432653,183.60,25.61,0.60,12,1,19:37:45,00
723162,7230,24289,23.42,1,1,19.15,200.0,4468,2,-1080,55,1082,1,46.3722875,-70.9433363,183.60,25.26,0.60,12,1,19:37:46,00
723615,6452,24289,20.92,1,1,19.07,199.1,4486,15,-832,105,839,1,46.3722875,-70.9433363,183.70,25.26,0.60,12,1,19:37:46,00
724072,6739,24289,20.98,1,1,19.91,207.9,4505,35,-1076,115,1083,1,46.3722875,-70.9433363,183.70,25.26,0.60,12,1,19:37:46,00
724534,6884,24289,21.59,1,1,19.31,201.7,4524,53,-1102,94,1107,1,46.3722437,-70.9434010,183.90,25.06,0.60,12,1,19:37:47,00
725000,7581,24289,20.69,1,1,18.94,197.8,4542,76,-890,104,899,1,46.3722437,-70.9434010,183.90,25.06,0.60,12,1,19:37:47,00
725459,7592,24289,20.93,1,1,18.94,197.8,4560,25,-1008,82,1012,1,46.3721947,-70.9434570,184.10,25.02,0.60,12,1,19:37:48,00
725916,6941,24289,21.88,1,1,20.42,213.2,4580,84,-896,80,904,1,46.3721947,-70.9434570,184.10,25.02,0.60,12,1,19:37:48,00
726371,6964,24289,23.58,1,1,19.91,207.9,4599,23,-981,59,983,1,46.3721405,-70.9435012,184.20,24.93,0.60,12,1,19:37:49,00
726834,7170,24289,20.91,1,1,19.07,199.1,4617,49,-1043,12,1044,1,46.3721405,-70.9435012,184.20,24.93,0.60,12,1,19:37:49,00
727297,6970,24289,20.93,1,1,19.48,203.4,4636,32,-973,185,991,1,46.3720812,-70.9435297,184.20,25.24,0.63,12,1,19:37:50,00
727754,6646,24289,23.45,1,1,19.61,204.7,4655,44,-1016,131,1025,1,46.3720812,-70.9435297,184.20,25.24,0.63,12,1,19:37:50,00
728214,6232,24289,23.25,1,1,19.82,207.0,4674,37,-853,89,859,1,46.3720182,-70.9435395,184.20,25.52,0.63,12,1,19:37:51,00
728676,6598,24289,20.95,1,1,18.86,196.9,4692,37,-1054,-6,1054,1,46.3720182,-70.9435395,184.20,25.52,0.61,12,1,19:37:51,00
729138,5795,24289,23.54,1,1,20.04,209.3,4711,72,-857,97,865,1,46.3720182,-70.9435395,184.20,25.52,0.61,12,1,19:37:51,00
729609,5890,24289,20.80,1,1,20.69,216.0,4732,44,-850,116,858,1,46.3719540,-70.9435323,184.10,25.95,0.61,12,1,19:37:52,00
730075,6124,24289,23.44,1,1,21.23,221.7,4752,-8,-1011,-14,1011,1,46.3719540,-70.9435323,184.10,25.95,0.61,12,1,19:37:52,00
730543,5746,24289,20.97,1,1,20.86,217.8,4773,15,-1209,83,1212,1,46.3718912,-70.9435080,184.00,26.11,0.62,12,1,19:37:53,00
731004,6512,24289,21.24,1,1,20.68,216.0,4793,51,-947,37,949,1,46.3718912,-70.9435080,184.00,26.11,0.62,12,1,19:37:53,00
731460,7406,24289,23.58,1,1,21.66,226.2,4813,62,-1012,83,1017,1,46.3718325,-70.9434672,183.90,26.09,0.62,12,1,19:37:54,00
731924,7579,24289,23.05,1,1,22.22,232.1,4835,39,-1172,38,1173,1,46.3718325,-70.9434672,183.90,26.09,0.62,12,1,19:37:54,00
732387,7259,24289,22.89,1,1,21.05,219.8,4855,80,-942,146,957,1,46.3717803,-70.9434110,183.90,26.04,0.62,12,1,19:37:55,00
732842,7466,24289,20.73,1,1,22.39,233.9,4876,83,-910,152,927,1,46.3717803,-70.9434110,183.90,26.04,0.62,12,1,19:37:55,00
733299,5155,24289,23.56,1,1,13.21,138.0,4889,21,-1271,157,1281,1,46.3717373,-70.9433405,183.80,26.06,0.60,12,1,19:37:56,00
733766,6083,24289,20.92,1,1,14.48,151.2,4903,51,-1005,84,1010,1,46.3717373,-70.9433405,183.80,26.06,0.60,12,1,19:37:56,00
734239,5999,24289,22.73,1,1,15.16,158.4,4917,59,-923,170,941,1,46.3717053,-70.9432577,183.80,26.37,0.60,12,1,19:37:57,00
734705,7002,24289,20.74,1,1,6.16,64.4,4923,71,-1041,277,1080,1,46.3717053,-70.9432577,183.60,26.37,0.60,12,1,19:37:57,00
735164,1535,24289,21.12,1,1,15.44,161.3,4939,93,-913,121,926,1,46.3716852,-70.9431660,183.60,26.80,0.60,12,1,19:37:58,00
735627,6093,24289,20.70,1,1,12.33,128.8,4950,68,-1087,189,1105,1,46.3716852,-70.9431660,183.50,26.80,0.60,12,1,19:37:58,00
736089,6452,24289,20.77,1,1,9.03,94.3,4959,60,-1069,132,1079,1,46.3716852,-70.9431660,183.50,26.80,0.60,12,1,19:37:58,00
736561,1905,24289,20.43,1,1,6.83,71.3,4966,40,-1047,123,1055,1,46.3716777,-70.9430692,183.40,27.15,0.56,12,1,19:37:59,00
737026,6069,24289,21.01,1,1,14.96,156.3,4971,-2,-999,267,1034,1,46.3716777,-70.9430692,183.40,27.15,0.56,12,1,19:37:59,00
737563,6785,24289,23.35,1,1,2.89,30.2,4976,-63,-896,245,931,1,46.3716848,-70.9429717,183.30,27.32,0.56,12,1,19:38:00,00
738030,6655,24289,20.73,1,1,7.44,77.7,4982,28,-899,131,909,1,46.3716848,-70.9429717,183.30,27.32,0.56,12,1,19:38:00,00
738493,7098,24289,20.77,1,1,5.41,56.5,4988,47,-930,258,966,1,46.3717072,-70.9428778,183.10,27.74,0.56,12,1,19:38:01,00
738965,5488,24289,21.94,1,1,10.30,107.5,4998,30,-914,164,929,1,46.3717072,-70.9428778,183.10,27.74,0.56,12,1,19:38:01,00
739434,7408,24289,20.84,1,1,3.92,41.0,5002,50,-971,171,987,1,46.3717410,-70.9427897,183.10,27.74,0.56,12,1,19:38:02,00
739903,6804,24289,20.73,1,1,6.91,72.2,5009,53,-810,225,843,1,46.3717410,-70.9427897,183.10,27.74,0.56,12,1,19:38:02,00
740368,3089,24289,22.56,1,1,4.45,46.5,5013,44,-1039,171,1054,1,46.3717807,-70.9427055,183.10,28.28,0.56,12,1,19:38:03,00
740833,6401,24289,20.98,1,1,5.91,61.7,5019,48,-1061,228,1087,1,46.3717807,-70.9427055,183.10,28.28,0.56,12,1,19:38:03,00
741308,3856,24289,21.07,1,1,3.29,34.3,5022,47,-921,195,942,1,46.3718225,-70.9426230,183.10,28.37,0.56,12,1,19:38:04,00
741768,3797,24289,21.83,1,1,5.73,59.9,5028,34,-979,212,1002,1,46.3718225,-70.9426230,183.10,28.37,0.56,12,1,19:38:04,00
742223,3970,24289,23.75,1,1,7.51,78.5,5035,33,-1006,184,1023,1,46.3718648,-70.9425402,183.10,28.67,0.56,12,1,19:38:05,00
742687,6001,24289,21.07,1,1,3.99,41.7,5039,46,-902,208,926,1,46.3718648,-70.9425402,183.00,28.67,0.56,12,1,19:38:05,00
743145,6665,24289,21.16,1,1,14.51,151.5,5045,89,-855,218,887,1,46.3719083,-70.9424572,183.00,28.91,0.56,12,1,19:38:06,00
743618,5577,24289,23.59,1,1,4.15,43.3,5051,49,-1020,114,1027,1,46.3719083,-70.9424572,183.10,28.91,0.56,12,1,19:38:06,00
744075,6290,24289,20.99,1,1,6.84,71.4,5058,12,-943,81,947,1,46.3719083,-70.9424572,183.10,28.91,0.56,12,1,19:38:06,00
744531,6042,24289,22.20,1,1,9.47,98.9,5067,-5,-1054,104,1060,1,46.3719528,-70.9423745,183.10,28.98,0.56,12,1,19:38:07,00
745000,6575,24289,23.84,1,1,8.59,89.7,5075,6,-1024,87,1028,1,46.3719528,-70.9423745,183.10,28.98,0.56,12,1,19:38:07,00
745463,6817,24289,23.88,1,1,3.55,37.0,5078,16,-981,-1,981,1,46.3719973,-70.9422922,183.20,28.91,0.56,12,1,19:38:08,00
745930,6258,24289,23.90,1,1,4.75,49.6,5083,25,-1012,62,1014,1,46.3719973,-70.9422922,183.20,28.91,0.56,12,1,19:38:08,00
746400,7340,24289,21.45,1,1,3.74,39.1,5087,55,-972,40,974,1,46.3720415,-70.9422100,183.20,28.76,0.56,12,1,19:38:09,00
746872,6344,24289,21.57,1,1,19.27,201.3,5106,70,-919,26,922,1,46.3720415,-70.9422100,183.20,28.76,0.56,12,1,19:38:09,00
747335,6424,24289,24.04,1,1,12.63,131.9,5118,32,-958,66,960,1,46.3720852,-70.9421287,183.30,28.50,0.56,12,1,19:38:10,00
747794,7433,24289,21.41,1,1,10.21,106.6,5128,57,-1018,57,1021,1,46.3720852,-70.9421287,183.30,28.50,0.56,12,1,19:38:10,00
748270,6373,24289,23.12,1,1,19.74,206.2,5148,-5,-1032,169,1045,1,46.3721285,-70.9420480,183.40,28.24,0.56,12,1,19:38:11,00
748747,6231,24289,23.03,1,1,14.57,152.2,5162,63,-936,223,964,1,46.3721285,-70.9420480,183.40,28.24,0.56,12,1,19:38:11,00
749218,6635,24289,23.91,1,1,15.86,165.6,5178,52,-865,124,875,1,46.3721722,-70.9419692,183.40,27.82,0.56,12,1,19:38:12,00
749696,6798,24289,21.52,1,1,16.09,168.1,5194,56,-1000,10,1002,1,46.3721722,-70.9419692,183.40,27.82,0.56,12,1,19:38:12,00
750171,5588,24289,23.96,1,1,9.60,100.3,5201,45,-1001,114,1008,1,46.3722173,-70.9418933,183.40,27.48,0.56,12,1,19:38:13,00
750653,5937,24289,21.42,1,1,14.10,147.3,5219,54,-868,127,879,1,46.3722173,-70.9418933,183.70,27.48,0.56,12,1,19:38:13,00
751125,6711,24289,21.02,1,1,20.55,214.6,5239,54,-993,61,997,1,46.3722652,-70.9418238,183.70,27.06,0.56,12,1,19:38:14,00
751598,5110,24289,21.18,1,1,20.95,218.8,5260,74,-983,116,992,1,46.3722652,-70.9418238,183.90,27.06,0.56,12,1,19:38:14,00
752079,7599,24289,21.06,1,1,19.07,199.2,5279,46,-1052,85,1057,1,46.3722652,-70.9418238,183.90,27.06,0.56,12,1,19:38:14,00
752622,6155,24289,21.26,1,1,17.60,183.8,5299,58,-883,17,885,1,46.3723178,-70.9417642,184.00,26.76,0.56,12,1,19:38:15,00
753078,7205,24289,21.31,1,1,19.73,206.1,5318,43,-1075,61,1077,1,46.3723178,-70.9417642,184.00,26.76,0.56,12,1,19:38:15,00
753534,5749,24289,21.42,1,1,21.86,228.3,5339,67,-887,110,896,1,46.3723758,-70.9417183,184.20,26.58,0.57,12,1,19:38:16,00
753988,7491,24289,21.29,1,1,19.41,202.7,5357,98,-1056,111,1067,1,46.3723758,-70.9417183,184.20,26.58,0.57,12,1,19:38:16,00
754448,6180,24289,21.72,1,1,19.82,207.0,5376,43,-1003,6,1004,1,46.3724382,-70.9416923,184.20,26.21,0.57,12,1,19:38:17,00
754904,6207,24289,23.85,1,1,20.91,218.3,5396,55,-900,-3,902,1,46.3724382,-70.9416923,184.20,26.21,0.57,12,1,19:38:17,00
755352,2440,24289,21.46,1,1,22.05,230.3,5417,21,-980,46,981,1,46.3725030,-70.9416893,184.20,26.32,0.56,12,1,19:38:18,00
755804,6947,24289,24.09,1,1,20.08,209.7,5436,77,-957,2,960,1,46.3725030,-70.9416893,184.20,26.32,0.56,12,1,19:38:18,00
756261,6617,24289,23.87,1,1,21.28,222.2,5456,125,-797,16,807,1,46.3725677,-70.9417083,184.20,26.65,0.56,12,1,19:38:19,00
756710,6816,24289,21.17,1,1,21.37,223.2,5476,128,-862,132,881,1,46.3725677,-70.9417083,184.20,26.65,0.56,12,1,19:38:19,00
757165,1841,24289,22.53,1,1,20.77,216.9,5496,-21,-992,2,992,1,46.3726292,-70.9417467,184.20,26.98,0.56,12,1,19:38:20,00
757625,3725,24289,21.62,1,1,22.00,229.8,5517,5,-1053,9,1053,1,46.3726292,-70.9417467,184.10,26.98,0.56,12,1,19:38:20,00
758079,4254,24289,21.19,1,1,22.19,231.8,5538,57,-980,46,982,1,46.3726292,-70.9417467,184.10,26.98,0.56,12,1,19:38:20,00
758537,5855,24289,21.62,1,1,22.65,236.6,5560,51,-940,123,949,1,46.3726855,-70.9418018,184.00,27.43,0.59,12,1,19:38:21,00
758992,5476,24289,21.24,1,1,21.47,224.2,5580,50,-923,152,937,1,46.3726855,-70.9418018,184.00,27.43,0.59,12,1,19:38:21,00
759453,5303,24289,21.35,1,1,22.85,238.6,5602,26,-933,182,951,1,46.3727360,-70.9418695,184.00,27.65,0.59,12,1,19:38:22,00
759919,3941,24289,23.82,1,1,17.18,179.4,5618,75,-985,147,999,1,46.3727360,-70.9418695,184.00,27.65,0.59,12,1,19:38:22,00
760379,4479,24289,22.09,1,1,10.84,113.2,5629,32,-916,142,928,1,46.3727773,-70.9419495,184.00,27.71,0.59,12,1,19:38:23,00
760836,4557,24289,21.31,1,1,9.49,99.1,5638,25,-884,176,902,1,46.3727773,-70.9419495,184.00,27.71,0.59,12,1,19:38:23,00
761294,4146,24289,23.90,1,1,6.70,69.9,5644,37,-998,157,1011,1,46.3728063,-70.9420405,184.10,27.85,0.56,12,1,19:38:24,00
761754,4389,24289,23.22,1,1,9.33,97.4,5653,43,-902,191,923,1,46.3728063,-70.9420405,184.10,27.85,0.56,12,1,19:38:24,00
762222,4275,24289,23.84,1,1,9.79,102.2,5663,69,-923,212,950,1,46.3728197,-70.9421388,184.10,28.02,0.56,12,1,19:38:25,00
762681,4453,24289,21.39,1,1,10.45,109.2,5673,63,-937,221,965,1,46.3728197,-70.9421388,184.00,28.02,0.58,12,1,19:38:25,00
763139,4649,24289,21.23,1,1,9.97,104.2,5677,56,-937,119,947,1,46.3728167,-70.9422400,184.00,28.34,0.58,12,1,19:38:26,00
763600,4512,24289,21.41,1,1,6.56,68.5,5687,74,-945,182,965,1,46.3728167,-70.9422400,183.90,28.34,0.58,12,1,19:38:26,00
764057,4746,24289,21.35,1,1,12.13,126.7,5698,77,-863,143,878,1,46.3728167,-70.9422400,183.90,28.34,0.58,12,1,19:38:26,00
764518,4220,24289,21.34,1,1,9.70,101.4,5707,49,-978,195,998,1,46.3727983,-70.9423400,183.80,28.76,0.56,12,1,19:38:27,00
764985,3933,24289,23.94,1,1,10.49,109.6,5718,63,-981,97,988,1,46.3727983,-70.9423400,183.80,28.76,0.56,12,1,19:38:27,00
765449,4621,24289,21.60,1,1,16.23,169.5,5734,69,-898,110,907,1,46.3727665,-70.9424345,183.60,29.37,0.56,12,1,19:38:28,00
765909,5171,24289,24.06,1,1,22.51,235.0,5756,58,-952,192,973,1,46.3727665,-70.9424345,183.60,29.37,0.56,12,1,19:38:28,00
766372,5875,24289,21.71,1,1,20.15,210.4,5773,66,-902,226,933,1,46.3727258,-70.9425235,183.50,29.72,0.58,12,1,19:38:29,00
766838,7129,24289,21.43,1,1,15.96,166.7,5790,50,-860,210,887,1,46.3727258,-70.9425235,183.50,29.72,0.58,12,1,19:38:29,00
767368,6976,24289,24.35,1,1,19.51,203.7,5812,22,-1019,153,1031,1,46.3726823,-70.9426103,183.40,29.69,0.58,12,1,19:38:30,00
767822,1771,24289,21.55,1,1,21.00,219.3,5832,55,-988,88,994,1,46.3726823,-70.9426103,183.40,29.69,0.58,12,1,19:38:30,00
768268,2682,24289,21.88,1,1,21.66,226.2,5852,16,-948,147,960,1,46.3726380,-70.9426958,183.40,29.74,0.58,12,1,19:38:31,00
768717,4945,24289,21.56,1,1,22.20,231.8,5873,48,-955,130,965,1,46.3726380,-70.9426958,183.30,29.74,0.58,12,1,19:38:31,00
769172,3841,24289,21.95,1,1,22.05,230.3,5894,62,-933,165,949,1,46.3726380,-70.9426958,183.30,29.74,0.58,12,1,19:38:31,00
769625,4897,24289,21.61,1,1,21.66,226.2,5914,42,-1002,99,1008,1,46.3725932,-70.9427818,183.20,29.98,0.60,12,1,19:38:32,00
770076,6351,24289,24.43,1,1,21.72,226.8,5935,41,-992,142,1002,1,46.3725932,-70.9427818,183.20,29.98,0.60,12,1,19:38:32,00
770530,6178,24289,22.06,1,1,20.31,212.1,5954,18,-1048,61,1050,1,46.3725483,-70.9428688,183.20,30.06,0.60,12,1,19:38:33,00
770986,6613,24289,21.99,1,1,20.17,210.6,5973,18,-1088,27,1089,1,46.3725483,-70.9428688,183.20,30.06,0.60,12,1,19:38:33,00
771443,6397,24289,22.65,1,1,20.04,209.3,5992,78,-848,47,853,1,46.3725037,-70.9429557,183.10,29.76,0.60,12,1,19:38:34,00
771894,6654,24289,21.92,1,1,19.95,208.3,6011,27,-1091,28,1092,1,46.3725037,-70.9429557,183.10,29.76,0.60,12,1,19:38:34,00
772345,6137,24289,23.68,1,1,19.99,208.8,6030,50,-958,85,963,1,46.3724585,-70.9430403,183.10,29.54,0.60,12,1,19:38:35,00
772801,6361,24289,21.93,1,1,21.05,219.8,6050,11,-995,54,996,1,46.3724585,-70.9430403,183.20,29.54,0.60,12,1,19:38:35,00
773259,6569,24289,21.95,1,1,21.05,219.8,6070,27,-964,45,965,1,46.3724133,-70.9431225,183.20,29.11,0.60,12,1,19:38:36,00
773719,5836,24289,24.11,1,1,20.04,209.3,6089,35,-1042,-19,1043,1,46.3724133,-70.9431225,183.30,29.11,0.60,12,1,19:38:36,00
774175,6752,24289,21.71,1,1,21.44,223.9,6110,38,-978,118,986,1,46.3724133,-70.9431225,183.30,29.11,0.60,12,1,19:38:36,00
774639,6377,24289,21.72,1,1,20.17,210.6,6129,-2,-1027,-52,1028,1,46.3723680,-70.9432033,183.40,28.76,0.60,12,1,19:38:37,00
775107,6612,24289,24.44,1,1,20.55,214.6,6149,45,-1001,51,1003,1,46.3723680,-70.9432033,183.40,28.76,0.60,12,1,19:38:37,00
775563,5550,24289,22.10,1,1,21.62,225.8,6170,61,-966,55,969,1,46.3723227,-70.9432822,183.50,28.41,0.60,12,1,19:38:38,00
776025,3929,24289,24.49,1,1,20.77,216.9,6190,61,-968,64,972,1,46.3723227,-70.9432822,183.50,28.41,0.60,12,1,19:38:38,00
776484,7269,24289,21.48,1,1,19.78,206.5,6209,41,-952,7,953,1,46.3722762,-70.9433573,183.50,27.95,0.60,12,1,19:38:39,00
776938,7461,24289,21.64,1,1,21.90,228.8,6230,27,-901,47,903,1,46.3722762,-70.9433573,183.50,27.95,0.60,12,1,19:38:39,00
777398,7421,24289,24.30,1,1,21.95,229.3,6251,74,-1045,-142,1058,1,46.3722265,-70.9434263,183.60,27.52,0.62,12,1,19:38:40,00
777859,4452,24289,21.68,1,1,19.91,207.9,6270,66,-958,34,961,1,46.3722265,-70.9434263,183.60,27.52,0.62,12,1,19:38:40,00
778334,7468,24289,21.66,1,1,21.26,222.0,6291,2,-980,-43,981,1,46.3721713,-70.9434833,183.70,27.09,0.61,12,1,19:38:41,00
778796,6605,24289,21.53,1,1,22.41,234.0,6313,39,-944,100,950,1,46.3721713,-70.9434833,183.70,27.09,0.61,12,1,19:38:41,00
779257,5364,24289,21.86,1,1,22.05,230.3,6334,50,-1103,38,1105,1,46.3721105,-70.9435245,183.70,27.00,0.61,12,1,19:38:42,00
779718,7375,24289,21.61,1,1,21.48,224.4,6355,0,-1216,121,1222,1,46.3721105,-70.9435245,183.70,27.00,0.61,12,1,19:38:42,00
780179,1656,24289,21.69,1,1,22.29,232.8,6376,23,-1077,116,1084,1,46.3721105,-70.9435245,183.70,27.00,0.61,12,1,19:38:42,00
780641,1832,24289,21.72,1,1,21.67,226.3,6397,107,-921,-101,933,1,46.3720448,-70.9435460,183.70,27.09,0.61,12,1,19:38:43,00
781107,6962,24289,24.20,1,1,19.61,204.7,6416,53,-723,48,727,1,46.3720448,-70.9435460,183.70,27.09,0.61,12,1,19:38:43,00
781569,6555,24289,21.89,1,1,21.67,226.3,6437,24,-1088,-38,1088,1,46.3719772,-70.9435460,183.60,27.26,0.61,12,1,19:38:44,00
782109,7507,24289,21.82,1,1,18.45,192.7,6458,24,-948,-96,953,1,46.3719772,-70.9435460,183.60,27.26,0.61,12,1,19:38:44,00
782561,7013,24289,24.39,1,1,22.39,233.9,6479,19,-1114,35,1115,1,46.3719110,-70.9435238,183.50,27.43,0.62,12,1,19:38:45,00
783016,5006,24289,22.09,1,1,21.76,227.3,6500,18,-1035,90,1039,1,46.3719110,-70.9435238,183.50,27.43,0.62,12,1,19:38:45,00
783468,3718,24289,21.82,1,1,21.52,224.7,6520,90,-1198,108,1206,1,46.3718492,-70.9434810,183.30,27.74,0.62,12,1,19:38:46,00
783918,2282,24289,21.81,1,1,22.00,229.8,6541,80,-828,-1,832,1,46.3718492,-70.9434810,183.30,27.74,0.62,12,1,19:38:46,00
784372,5596,24289,21.61,1,1,20.58,214.9,6560,7,-1017,210,1039,1,46.3717937,-70.9434212,183.30,27.87,0.62,12,1,19:38:47,00
784827,6499,24289,21.65,1,1,22.15,231.3,6581,108,-900,184,925,1,46.3717937,-70.9434212,183.30,27.87,0.62,12,1,19:38:47,00
785282,3573,24289,21.70,1,1,22.51,235.0,6603,77,-916,98,924,1,46.3717475,-70.9433458,183.30,28.02,0.62,12,1,19:38:48,00
785735,6539,24289,24.49,1,1,22.20,231.8,6624,-17,-1121,151,1131,1,46.3717475,-70.9433458,183.30,28.02,0.61,12,1,19:38:48,00
786190,5921,24289,23.94,1,1,20.13,210.2,6643,-44,-888,191,909,1,46.3717122,-70.9432582,183.30,28.22,0.61,12,1,19:38:49,00
786643,4518,24289,24.32,1,1,21.28,222.2,6663,32,-1002,162,1016,1,46.3717122,-70.9432582,183.20,28.22,0.61,12,1,19:38:49,00
787109,4690,24289,21.81,1,1,21.67,226.3,6684,46,-894,165,911,1,46.3717122,-70.9432582,183.20,28.22,0.61,12,1,19:38:49,00
787573,4555,24289,21.64,1,1,21.81,227.8,6705,76,-897,185,919,1,46.3716892,-70.9431617,183.00,28.47,0.60,12,1,19:38:50,00
788031,4731,24289,21.53,1,1,21.86,228.3,6726,88,-1044,121,1055,1,46.3716892,-70.9431617,183.00,28.47,0.60,12,1,19:38:50,00
788486,4216,24289,24.33,1,1,22.90,239.1,6748,80,-934,148,949,1,46.3716798,-70.9430602,182.90,28.47,0.58,12,1,19:38:51,00
788948,4912,24289,21.71,1,1,7.83,81.8,6755,58,-945,136,956,1,46.3716798,-70.9430602,182.90,28.47,0.58,12,1,19:38:51,00
789415,4098,24289,24.34,1,1,14.19,148.2,6770,110,-902,238,939,1,46.3716872,-70.9429583,182.90,28.41,0.56,12,1,19:38:52,00
789884,4583,24289,22.94,1,1,22.95,239.7,6792,13,-1169,212,1189,1,46.3716872,-70.9429583,182.90,28.41,0.56,12,1,19:38:52,00
790352,4481,24289,21.68,1,1,22.13,231.1,6814,49,-993,92,998,1,46.3717127,-70.9428623,182.80,28.69,0.56,12,1,19:38:53,00
790811,5165,24289,24.45,1,1,21.42,223.7,6834,55,-1110,141,1120,1,46.3717127,-70.9428623,182.80,28.69,0.56,12,1,19:38:53,00
791274,3967,24289,24.43,1,1,22.70,237.1,6856,71,-1000,142,1012,1,46.3717503,-70.9427730,182.80,29.04,0.56,12,1,19:38:54,00
791742,6672,24289,24.16,1,1,21.58,225.3,6877,20,-1080,155,1091,1,46.3717503,-70.9427730,182.80,29.04,0.56,12,1,19:38:54,00
792216,6705,24289,22.03,1,1,21.80,227.7,6899,45,-1036,94,1041,1,46.3717503,-70.9427730,182.80,29.04,0.56,12,1,19:38:54,00
792688,2891,24289,22.37,1,1,22.42,234.1,6921,14,-1093,161,1105,1,46.3717932,-70.9426875,182.90,29.28,0.56,12,1,19:38:55,00
793154,4583,24289,21.95,1,1,22.36,233.5,6943,69,-1083,124,1092,1,46.3717932,-70.9426875,182.90,29.28,0.56,12,1,19:38:55,00
793620,6739,24289,21.73,1,1,22.00,229.8,6964,63,-957,132,968,1,46.3718373,-70.9426030,182.90,29.39,0.56,12,1,19:38:56,00
794097,7304,24289,21.81,1,1,18.99,198.3,6983,62,-961,141,974,1,46.3718373,-70.9426030,182.90,29.39,0.56,12,1,19:38:56,00
794566,6657,24289,21.94,1,1,6.92,72.3,6989,40,-1012,112,1019,1,46.3718822,-70.9425180,182.80,29.67,0.56,12,1,19:38:57,00
795024,6824,24289,21.79,1,1,6.97,72.8,6996,82,-901,196,926,1,46.3718822,-70.9425180,182.80,29.67,0.56,12,1,19:38:57,00
795490,3675,24289,24.14,1,1,5.98,62.5,6999,29,-1014,109,1020,1,46.3719273,-70.9424323,182.70,29.85,0.56,12,1,19:38:58,00
795948,6595,24289,22.78,1,1,4.82,50.3,7006,70,-1114,-39,1117,1,46.3719273,-70.9424323,182.70,29.85,0.56,12,1,19:38:58,00
796406,7163,24289,22.13,1,1,16.26,169.9,7022,50,-951,128,961,1,46.3719733,-70.9423467,182.70,29.93,0.56,12,1,19:38:59,00
796933,3514,24289,22.21,1,1,19.65,205.2,7044,62,-1006,-1,1008,1,46.3719733,-70.9423467,182.80,29.93,0.56,12,1,19:38:59,00
797391,6047,24289,24.63,1,1,19.86,207.4,7063,35,-857,40,859,1,46.3720195,-70.9422615,182.80,29.80,0.56,12,1,19:39:00,00
797851,7004,24289,22.26,1,1,20.91,218.3,7083,40,-1021,-38,1022,1,46.3720195,-70.9422615,182.80,29.80,0.56,12,1,19:39:00,00
798299,6827,24289,22.81,1,1,20.53,214.4,7102,42,-1078,24,1079,1,46.3720647,-70.9421765,182.80,29.52,0.56,12,1,19:39:01,00
798755,5632,24289,22.43,1,1,21.81,227.8,7123,13,-932,44,933,1,46.3720647,-70.9421765,182.90,29.52,0.56,12,1,19:39:01,00
799217,4615,24289,24.50,1,1,20.73,216.5,7143,56,-996,102,1003,1,46.3720647,-70.9421765,182.90,29.52,0.56,12,1,19:39:01,00
799674,7151,24289,23.98,1,1,20.68,216.0,7163,46,-1042,22,1043,1,46.3721100,-70.9420932,182.90,29.30,0.58,12,1,19:39:02,00
800129,6752,24289,21.94,1,1,20.31,212.1,7182,55,-984,0,986,1,46.3721100,-70.9420932,182.90,29.30,0.58,12,1,19:39:02,00
800590,6250,24289,22.12,1,1,21.62,225.8,7203,60,-947,45,950,1,46.3721557,-70.9420110,183.00,29.04,0.56,12,1,19:39:03,00
801043,6334,24289,22.67,1,1,21.42,223.7,7223,30,-958,84,963,1,46.3721557,-70.9420110,183.00,29.04,0.56,12,1,19:39:03,00
801505,5046,24289,23.38,1,1,20.64,215.5,7243,54,-884,120,894,1,46.3722020,-70.9419310,183.20,28.69,0.56,12,1,19:39:04,00
801959,7304,24289,23.58,1,1,18.65,194.8,7261,44,-1069,-17,1070,1,46.3722020,-70.9419310,183.20,28.69,0.56,12,1,19:39:04,00
802417,7110,24289,24.92,1,1,10.41,108.7,7271,30,-967,53,969,1,46.3722517,-70.9418577,183.20,28.37,0.56,12,1,19:39:05,00
802872,7574,24289,24.50,1,1,13.96,145.7,7284,104,-872,75,882,1,46.3722517,-70.9418577,183.20,28.37,0.56,12,1,19:39:05,00
803326,7253,24289,24.72,1,1,19.24,200.9,7301,30,-1145,-11,1145,1,46.3723072,-70.9417940,183.30,28.11,0.56,12,1,19:39:06,00
803783,6494,24289,22.30,1,1,13.65,142.6,7315,25,-940,41,941,1,46.3723072,-70.9417940,183.30,28.11,0.56,12,1,19:39:06,00
804238,3987,24289,22.24,1,1,22.05,230.3,7336,36,-963,69,966,1,46.3723682,-70.9417450,183.30,27.89,0.56,12,1,19:39:07,00
804694,2764,24289,23.88,1,1,22.10,230.8,7357,58,-1034,-11,1035,1,46.3723682,-70.9417450,183.40,27.89,0.56,12,1,19:39:07,00
805152,6728,24289,24.61,1,1,15.51,162.0,7372,60,-974,118,983,1,46.3723682,-70.9417450,183.40,27.89,0.56,12,1,19:39:07,00
805612,2153,24289,22.42,1,1,10.52,109.9,7382,35,-907,80,911,1,46.3724338,-70.9417157,183.50,27.67,0.57,12,1,19:39:08,00
806072,2037,24289,22.14,1,1,15.03,157.0,7396,44,-1143,-26,1144,1,46.3724338,-70.9417157,183.50,27.67,0.57,12,1,19:39:08,00
806539,6973,24289,24.69,1,1,11.13,116.3,7405,44,-904,-54,907,1,46.3725022,-70.9417070,183.60,27.63,0.57,12,1,19:39:09,00
806998,2251,24289,22.15,1,1,2.99,31.2,7408,64,-883,-181,904,1,46.3725022,-70.9417070,183.60,27.63,0.57,12,1,19:39:09,00
807465,4843,24289,23.47,1,1,7.07,73.8,7416,176,-937,317,1005,1,46.3725697,-70.9417207,183.60,27.37,0.56,12,1,19:39:10,00
807925,6605,24289,21.91,1,1,6.67,69.6,7422,-24,-986,79,989,1,46.3725697,-70.9417207,183.60,27.37,0.56,12,1,19:39:10,00
808395,2383,24289,22.10,1,1,20.05,209.4,7430,59,-954,45,957,1,46.3726332,-70.9417558,183.70,27.50,0.56,12,1,19:39:11,00
808855,6298,24289,21.90,1,1,4.51,47.1,7437,31,-917,173,934,1,46.3726332,-70.9417558,183.70,27.50,0.56,12,1,19:39:11,00
809319,5474,24289,21.98,1,1,5.10,53.3,7442,43,-994,51,996,1,46.3726910,-70.9418097,183.70,27.65,0.56,12,1,19:39:12,00
809789,4386,24289,22.09,1,1,11.70,122.2,7454,33,-957,192,976,1,46.3726910,-70.9418097,183.70,27.65,0.56,12,1,19:39:12,00
810257,4131,24289,24.42,1,1,20.73,216.5,7474,67,-907,136,919,1,46.3727398,-70.9418798,183.70,27.85,0.56,12,1,19:39:13,00
810738,4645,24289,23.21,1,1,19.53,203.9,7489,65,-863,157,880,1,46.3727398,-70.9418798,183.70,27.85,0.56,12,1,19:39:13,00
811214,4997,24289,22.09,1,1,7.79,81.4,7494,50,-941,153,955,1,46.3727398,-70.9418798,183.70,27.85,0.56,12,1,19:39:13,00
811763,4542,24289,22.14,1,1,2.32,24.2,7498,18,-965,160,978,1,46.3727782,-70.9419640,183.70,28.08,0.56,12,1,19:39:14,00
812222,4878,24289,22.03,1,1,3.81,39.8,7501,33,-1038,103,1044,1,46.3727782,-70.9419640,183.70,28.08,0.56,12,1,19:39:14,00
812685,3920,24289,21.89,1,1,4.37,45.6,7506,52,-976,182,994,1,46.3728033,-70.9420590,183.60,28.26,0.56,12,1,19:39:15,00
813152,4319,24289,22.13,1,1,22.51,235.0,7528,55,-1041,53,1044,1,46.3728033,-70.9420590,183.60,28.26,0.56,12,1,19:39:15,00
813609,4326,24289,22.06,1,1,23.58,246.3,7551,45,-1075,179,1091,1,46.3728152,-70.9421602,183.40,28.43,0.56,12,1,19:39:16,00
814070,3636,24289,23.88,1,1,22.24,232.3,7572,39,-1073,41,1074,1,46.3728152,-70.9421602,183.40,28.43,0.56,12,1,19:39:16,00
814533,4571,24289,24.68,1,1,20.55,214.6,7592,79,-916,186,938,1,46.3728123,-70.9422625,183.40,28.39,0.56,12,1,19:39:17,00
814991,4741,24289,21.99,1,1,19.02,198.7,7610,55,-970,173,987,1,46.3728123,-70.9422625,183.40,28.39,0.56,12,1,19:39:17,00
815452,4391,24289,25.16,1,1,16.30,170.2,7626,29,-912,177,929,1,46.3727920,-70.9423613,183.40,28.71,0.58,12,1,19:39:18,00
815909,4901,24289,22.18,1,1,16.39,171.1,7640,60,-970,134,981,1,46.3727920,-70.9423613,183.40,28.71,0.58,12,1,19:39:18,00
816374,3739,24289,24.76,1,1,13.14,137.3,7654,22,-827,198,851,1,46.3727572,-70.9424545,183.40,29.47,0.58,12,1,19:39:19,00
816830,5939,24289,24.75,1,1,22.34,233.3,7675,47,-863,120,872,1,46.3727572,-70.9424545,183.40,29.47,0.58,12,1,19:39:19,00
817297,2306,24289,24.34,1,1,13.30,138.9,7688,38,-1019,172,1034,1,46.3727150,-70.9425418,183.40,29.76,0.58,12,1,19:39:20,00
817775,2153,24289,22.15,1,1,16.75,174.9,7705,22,-887,207,911,1,46.3727150,-70.9425418,183.40,29.76,0.58,12,1,19:39:20,00
818246,4565,24289,24.91,1,1,21.81,227.8,7726,44,-938,144,950,1,46.3726692,-70.9426267,183.40,29.89,0.58,12,1,19:39:21,00
818712,2084,24289,22.54,1,1,21.76,227.3,7747,45,-1066,55,1069,1,46.3726692,-70.9426267,183.50,29.89,0.58,12,1,19:39:21,00
819179,7326,24289,22.48,1,1,20.86,217.8,7768,64,-1028,93,1035,1,46.3726692,-70.9426267,183.50,29.89,0.58,12,1,19:39:21,00
819651,3230,24289,22.79,1,1,19.35,202.1,7787,29,-1055,110,1061,1,46.3726692,-70.9426267,183.50,29.89,0.58,12,1,19:39:21,00
820121,4986,24289,22.20,1,1,20.24,211.4,7807,45,-1038,97,1043,1,46.3726692,-70.9426267,183.50,29.89,0.58,12,1,19:39:21,00
820585,5160,24289,22.90,1,1,21.90,228.8,7828,35,-893,105,899,1,46.3725758,-70.9427970,183.40,30.21,0.60,12,1,19:39:23,00
821054,5922,24289,25.08,1,1,20.68,216.0,7848,45,-1016,-9,1017,1,46.3725758,-70.9427970,183.40,30.21,0.60,12,1,19:39:23,00
821524,6352,24289,22.77,1,1,19.91,207.9,7868,50,-1117,42,1119,1,46.3725297,-70.9428840,183.30,30.34,0.60,12,1,19:39:24,00
821992,6058,24289,25.13,1,1,21.14,220.8,7888,71,-931,70,936,1,46.3725297,-70.9428840,183.30,30.34,0.60,12,1,19:39:24,00
822472,6037,24289,24.96,1,1,20.60,215.2,7909,46,-933,16,934,1,46.3724835,-70.9429708,183.40,30.22,0.60,12,1,19:39:25,00
822940,6097,24289,25.17,1,1,19.27,201.3,7928,60,-1014,17,1016,1,46.3724835,-70.9429708,183.40,30.22,0.60,12,1,19:39:25,00
823409,5807,24289,24.92,1,1,18.94,197.8,7946,70,-911,70,916,1,46.3724382,-70.9430563,183.40,29.82,0.60,12,1,19:39:26,00
823877,6691,24289,22.38,1,1,17.03,177.8,7963,28,-968,3,968,1,46.3724382,-70.9430563,183.40,29.82,0.60,12,1,19:39:26,00
824357,6158,24289,22.73,1,1,12.25,127.9,7975,44,-1107,25,1108,1,46.3723935,-70.9431402,183.50,29.28,0.60,12,1,19:39:27,00
824834,6031,24289,24.98,1,1,14.66,153.1,7990,66,-1014,1,1016,1,46.3723935,-70.9431402,183.50,29.28,0.60,12,1,19:39:27,00
825297,5239,24289,23.81,1,1,21.67,226.3,8011,55,-930,19,932,1,46.3723495,-70.9432227,183.50,28.84,0.60,12,1,19:39:28,00
825763,7179,24289,24.86,1,1,21.72,226.8,8032,32,-1096,73,1099,1,46.3723495,-70.9432227,183.50,28.84,0.60,12,1,19:39:28,00
826230,7117,24289,23.51,1,1,20.82,217.4,8052,30,-1088,118,1094,1,46.3723043,-70.9433022,183.50,28.43,0.60,12,1,19:39:29,00
826775,3560,24289,23.88,1,1,18.91,197.5,8074,58,-899,66,903,1,46.3723043,-70.9433022,183.50,28.43,0.60,12,1,19:39:29,00
827240,5256,24289,25.02,1,1,20.86,217.9,8094,54,-858,-24,860,1,46.3722570,-70.9433770,183.50,27.93,0.60,12,1,19:39:30,00
827692,6617,24289,22.87,1,1,14.64,152.9,8107,0,-1153,-47,1154,1,46.3722570,-70.9433770,183.70,27.93,0.60,12,1,19:39:30,00
828157,4202,24289,22.69,1,1,18.45,192.7,8126,55,-1131,105,1137,1,46.3722570,-70.9433770,183.70,27.93,0.60,12,1,19:39:30,00
828629,4512,24289,25.06,1,1,18.14,189.5,8144,49,-1052,-61,1055,1,46.3722570,-70.9433770,183.70,27.93,0.60,12,1,19:39:30,00
829093,6696,24289,23.32,1,1,20.91,218.3,8164,9,-1109,-1,1109,1,46.3722570,-70.9433770,183.70,27.93,0.60,12,1,19:39:30,00
829557,3018,24289,22.27,1,1,20.86,217.9,8184,44,-979,25,980,1,46.3721488,-70.9434958,183.80,26.87,0.60,12,1,19:39:32,00
830020,-118,24289,21.92,1,1,21.30,222.5,8205,69,-955,-40,959,1,46.3721488,-70.9434958,183.80,26.87,0.60,12,1,19:39:32,00
830486,-116,24289,21.85,1,1,19.31,201.7,8224,21,-1099,26,1100,1,46.3720860,-70.9435310,184.10,27.22,0.61,12,1,19:39:33,00
830947,-115,24289,21.87,1,1,14.81,154.6,8230,80,-1012,79,1019,1,46.3720860,-70.9435310,184.10,27.22,0.61,12,1,19:39:33,00
831412,-105,24289,21.93,1,1,7.88,82.3,8242,-36,-1055,37,1056,1,46.3720190,-70.9435450,184.20,27.26,0.61,12,1,19:39:34,00
831892,-96,24289,21.86,1,1,9.27,96.8,8251,124,-856,1,865,1,46.3720190,-70.9435450,184.20,27.26,0.61,12,1,19:39:34,00
832362,-94,24289,21.87,1,1,10.51,109.8,8260,112,-865,18,872,1,46.3719513,-70.9435367,184.10,27.48,0.58,12,1,19:39:35,00
832830,-93,24289,21.84,1,1,3.18,33.2,8263,73,-1004,82,1010,1,46.3719513,-70.9435367,184.10,27.48,0.58,12,1,19:39:35,00
833307,-85,24289,21.83,1,1,5.57,58.1,8265,93,-1162,72,1168,1,46.3718860,-70.9435068,184.10,27.76,0.60,12,1,19:39:36,00
833773,-85,24289,21.88,1,1,2.80,29.3,8270,76,-1054,-71,1059,1,46.3718860,-70.9435068,184.10,27.76,0.60,12,1,19:39:36,00
834246,-82,24289,21.91,1,1,10.88,113.6,8272,268,-1045,-233,1103,1,46.3718253,-70.9434590,184.10,27.78,0.60,12,1,19:39:37,00
834713,-80,24289,21.86,1,1,10.88,113.6,8272,135,-780,22,792,1,46.3718253,-70.9434590,184.10,27.78,0.60,12,1,19:39:37,00
835175,-78,24289,21.84,1,1,10.88,113.6,8272,158,-903,60,918,1,46.3717727,-70.9433943,184.10,27.84,0.60,12,1,19:39:38,00
835641,-70,24289,21.83,1,1,10.88,113.6,8272,149,-1008,57,1021,1,46.3717727,-70.9433943,184.10,27.84,0.60,12,1,19:39:38,00
836107,-61,24289,21.86,1,1,20.59,215.1,8277,176,-943,64,961,1,46.3717727,-70.9433943,184.10,27.84,0.60,12,1,19:39:38,00
836578,-60,24289,21.88,1,1,7.43,77.6,8284,168,-856,1,872,1,46.3717307,-70.9433145,184.10,27.91,0.58,12,1,19:39:39,00
837046,-53,24289,21.91,1,1,5.99,62.5,8289,145,-988,177,1014,1,46.3717307,-70.9433145,184.10,27.91,0.58,12,1,19:39:39,00
837514,-49,24289,21.91,1,1,6.06,63.3,8296,169,-1052,56,1067,1,46.3717025,-70.9432228,183.90,28.06,0.58,12,1,19:39:40,00
837983,-60,24289,21.91,1,1,5.91,61.7,8302,201,-1022,-76,1044,1,46.3717025,-70.9432228,183.90,28.06,0.58,12,1,19:39:40,00
838452,-55,24289,21.91,1,1,2.86,29.9,8304,188,-1067,69,1086,1,46.3716882,-70.9431237,183.70,28.22,0.58,12,1,19:39:41,00
838923,-54,24289,21.89,1,1,2.89,30.2,8306,185,-958,-62,978,1,46.3716882,-70.9431237,183.70,28.22,0.58,12,1,19:39:41,00
839389,-49,24289,21.92,1,1,4.65,48.6,8313,160,-945,-30,959,1,46.3716878,-70.9430227,183.60,28.04,0.56,12,1,19:39:42,00
839851,-49,24289,21.89,1,1,4.65,48.6,8313,138,-1018,63,1029,1,46.3716878,-70.9430227,183.60,28.04,0.56,12,1,19:39:42,00
840314,-35,24289,21.98,1,1,2.68,28.0,8318,121,-1045,54,1053,1,46.3717012,-70.9429292,183.60,25.93,0.56,12,1,19:39:43,00
840781,-48,24289,21.94,1,1,7.35,76.8,8325,137,-963,28,973,1,46.3717012,-70.9429292,183.50,25.93,0.56,12,1,19:39:43,00
841257,-37,24289,21.99,1,1,3.46,36.1,8328,142,-979,32,990,1,46.3717272,-70.9428490,183.50,24.08,0.56,12,1,19:39:44,00
841796,-44,24289,21.91,1,1,2.70,28.2,8331,117,-992,23,999,1,46.3717272,-70.9428490,183.40,24.08,0.56,12,1,19:39:44,00
842254,-42,24289,21.92,1,1,5.80,60.6,8335,-15,-995,27,996,1,46.3717627,-70.9427858,183.40,22.06,0.56,12,1,19:39:45,00
842709,-52,24289,21.94,1,1,5.80,60.6,8335,51,-982,28,984,1,46.3717627,-70.9427858,183.30,22.06,0.56,12,1,19:39:45,00
843167,-46,24289,21.94,1,1,5.80,60.6,8335,29,-984,25,985,1,46.3717627,-70.9427858,183.30,22.06,0.56,12,1,19:39:45,00
843626,-44,24289,21.93,1,1,5.80,60.6,8335,34,-983,21,984,1,46.3718033,-70.9427402,183.10,19.98,0.56,12,1,19:39:46,00
844082,-41,24289,21.90,1,1,0.00,0.0,8335,33,-981,20,982,1,46.3718033,-70.9427402,183.10,19.98,0.56,12,1,19:39:46,00
844542,-40,24289,21.94,1,1,0.00,0.0,8335,34,-982,20,982,1,46.3718437,-70.9427085,182.80,17.76,0.56,12,1,19:39:47,00
845000,-39,24289,21.91,1,1,0.00,0.0,8335,34,-983,22,984,1,46.3718437,-70.9427085,182.80,17.76,0.56,12,1,19:39:47,00
845457,-38,24289,21.89,1,1,0.00,0.0,8335,35,-984,23,985,1,46.3718810,-70.9426900,182.60,15.02,0.54,12,1,19:39:48,00
845922,-30,24289,21.88,1,1,0.00,0.0,8335,36,-980,23,981,1,46.3718810,-70.9426900,182.60,15.02,0.54,12,1,19:39:48,00
846386,-36,24289,21.90,1,1,0.00,0.0,8335,34,-982,25,983,1,46.3719120,-70.9426818,182.50,11.45,0.54,12,1,19:39:49,00
846850,-34,24289,21.95,1,1,0.00,0.0,8335,36,-983,34,984,1,46.3719120,-70.9426818,182.50,11.45,0.54,12,1,19:39:49,00
847312,-24,24289,21.89,1,1,0.00,0.0,8335,39,-979,8,980,1,46.3719335,-70.9426792,182.50,7.32,0.54,12,1,19:39:50,00
847779,-31,24289,21.95,1,1,0.00,0.0,8335,38,-980,20,981,1,46.3719335,-70.9426792,182.40,7.32,0.54,12,1,19:39:50,00
848258,-27,24289,21.98,1,1,0.00,0.0,8335,40,-982,17,983,1,46.3719458,-70.9426778,182.40,3.78,0.54,12,1,19:39:51,00
848720,-31,24289,21.85,1,1,0.00,0.0,8335,37,-980,24,981,1,46.3719458,-70.9426778,182.40,3.78,0.54,12,1,19:39:51,00
849184,-30,24289,21.99,1,1,0.00,0.0,8335,35,-982,23,983,1,46.3719458,-70.9426778,182.40,3.78,0.54,12,1,19:39:51,00
849650,-32,24289,21.91,1,1,0.00,0.0,8335,35,-982,21,983,1,46.3719498,-70.9426772,182.30,0.50,0.54,12,1,19:39:52,00
850121,-28,24289,21.95,1,1,0.00,0.0,8335,34,-982,24,983,1,46.3719498,-70.9426772,182.30,0.50,0.54,12,1,19:39:52,00
850599,-22,24289,21.98,1,1,0.00,0.0,8335,37,-981,24,982,1,46.3719505,-70.9426768,182.30,0.04,0.54,12,1,19:39:53,00
851069,-21,24289,21.93,1,1,0.00,0.0,8335,35,-982,23,983,1,46.3719505,-70.9426768,182.30,0.04,0.54,12,1,19:39:53,00
851545,-24,24289,21.91,1,1,0.00,0.0,8335,34,-982,23,983,1,46.3719505,-70.9426768,182.30,0.04,0.54,12,1,19:39:53,00
852016,-28,24289,21.87,1,1,0.00,0.0,8335,35,-983,21,983,1,46.3719505,-70.9426768,182.30,0.04,0.54,12,1,19:39:53,00
852488,-29,24289,21.92,1,1,0.00,0.0,8335,36,-982,23,983,1,46.3719512,-70.9426765,182.30,0.06,0.54,12,1,19:39:55,00
852964,-27,24289,21.95,1,1,0.00,0.0,8335,36,-982,20,983,1,46.3719512,-70.9426765,182.30,0.06,0.54,12,1,19:39:55,00
853436,-25,24289,21.95,1,1,0.00,0.0,8335,35,-982,20,983,1,46.3719515,-70.9426762,182.30,0.07,0.54,12,1,19:39:56,00
853897,-27,24289,21.90,1,1,0.00,0.0,8335,38,-982,22,983,1,46.3719515,-70.9426762,182.30,0.07,0.54,12,1,19:39:56,00
854369,-9,24289,21.97,1,1,0.00,0.0,8335,31,-981,26,982,1,46.3719515,-70.9426757,182.20,0.07,0.54,12,1,19:39:57,00
854850,-22,24289,21.94,1,1,0.00,0.0,8335,35,-982,23,983,1,46.3719515,-70.9426757,182.20,0.07,0.54,12,1,19:39:57,00
855332,-22,24289,21.92,1,1,0.00,0.0,8335,38,-981,23,982,1,46.3719518,-70.9426755,182.10,0.06,0.54,12,1,19:39:58,00
855807,-31,24289,21.94,1,1,0.00,0.0,8335,36,-982,23,983,1,46.3719518,-70.9426755,182.10,0.06,0.54,12,1,19:39:58,00
856279,-16,24289,21.98,1,1,0.00,0.0,8335,32,-980,20,981,1,46.3719523,-70.9426753,182.10,0.04,0.54,12,1,19:39:59,00
856836,-28,24289,21.95,1,1,0.00,0.0,8335,37,-983,23,984,1,46.3719523,-70.9426753,182.10,0.04,0.54,12,1,19:39:59,00
857307,-4,24289,21.97,1,1,0.00,0.0,8335,36,-982,22,983,1,46.3719527,-70.9426747,181.90,0.04,0.54,12,1,19:40:00,00
857778,-17,24289,21.92,1,1,0.00,0.0,8335,33,-982,20,983,1,46.3719527,-70.9426747,181.90,0.04,0.54,12,1,19:40:00,00
858247,-17,24289,21.98,1,1,0.00,0.0,8335,35,-982,24,983,1,46.3719530,-70.9426742,181.90,0.04,0.54,12,1,19:40:01,00
858717,-26,24289,21.95,1,1,0.00,0.0,8335,36,-981,22,982,1,46.3719530,-70.9426742,181.90,0.04,0.54,12,1,19:40:01,00
859188,-23,24289,22.02,1,1,0.00,0.0,8335,36,-981,23,982,1,46.3719530,-70.9426737,181.90,0.04,0.54,12,1,19:40:02,00
859653,-26,24289,21.92,1,1,0.00,0.0,8335,34,-982,21,983,1,46.3719530,-70.9426737,181.90,0.04,0.54,12,1,19:40:02,00
860125,-27,24289,21.92,1,1,0.00,0.0,8335,34,-983,23,984,1,46.3719533,-70.9426737,181.90,0.07,0.54,12,1,19:40:03,00
860592,-17,24289,21.90,1,1,0.00,0.0,8335,36,-982,22,983,1,46.3719533,-70.9426737,181.90,0.07,0.54,12,1,19:40:03,00
861060,-30,24289,21.95,1,1,0.00,0.0,8335,35,-982,22,983,1,46.3719533,-70.9426737,181.90,0.07,0.54,12,1,19:40:03,00
861531,-27,24289,21.92,1,1,0.00,0.0,8335,34,-982,22,983,1,46.3719533,-70.9426737,181.90,0.07,0.54,12,1,19:40:03,00
862003,-26,24289,21.91,1,1,0.00,0.0,8335,35,-983,21,983,1,46.3719533,-70.9426737,181.90,0.07,0.54,12,1,19:40:03,00
862482,-25,24289,21.92,1,1,0.00,0.0,8335,35,-984,23,985,1,46.3719532,-70.9426735,181.90,0.00,0.54,12,1,19:40:05,00
862955,-19,24289,21.90,1,1,0.00,0.0,8335,35,-982,22,983,1,46.3719532,-70.9426735,181.90,0.00,0.54,12,1,19:40:05,00
863431,-19,24289,21.92,1,1,0.00,0.0,8335,33,-983,22,984,1,46.3719528,-70.9426733,182.00,0.00,0.54,12,1,19:40:06,00
863908,-16,24289,21.93,1,1,0.00,0.0,8335,41,-978,29,979,1,46.3719528,-70.9426733,182.00,0.00,0.54,12,1,19:40:06,00
864379,-20,24289,21.91,1,1,0.00,0.0,8335,31,-981,26,982,1,46.3719527,-70.9426732,182.00,0.02,0.54,12,1,19:40:07,00
864855,-8,24289,21.88,1,1,0.00,0.0,8335,37,-980,23,981,1,46.3719527,-70.9426732,182.00,0.02,0.54,12,1,19:40:07,00
865327,-10,24289,21.95,1,1,0.00,0.0,8335,33,-980,22,981,1,46.3719523,-70.9426723,182.10,0.06,0.54,12,1,19:40:08,00
865813,-19,24289,21.88,1,1,0.00,0.0,8335,32,-982,20,983,1,46.3719523,-70.9426723,182.10,0.06,0.54,12,1,19:40:08,00
866282,-4,24289,21.91,1,1,0.00,0.0,8335,34,-983,21,984,1,46.3719520,-70.9426713,182.00,0.02,0.54,12,1,19:40:09,00
866755,-14,24289,21.98,1,1,0.00,0.0,8335,36,-981,22,982,1,46.3719520,-70.9426713,182.00,0.02,0.54,12,1,19:40:09,00
867240,-12,24289,22.00,1,1,0.00,0.0,8335,34,-982,20,983,1,46.3719518,-70.9426703,182.00,0.02,0.54,12,1,19:40:10,00
867715,-26,24289,21.96,1,1,0.00,0.0,8335,35,-982,19,983,1,46.3719518,-70.9426703,182.00,0.02,0.54,12,1,19:40:10,00
868191,-16,24289,22.02,1,1,0.00,0.0,8335,33,-982,23,983,1,46.3719513,-70.9426702,182.00,0.02,0.54,12,1,19:40:11,00
868665,-22,24289,21.90,1,1,0.00,0.0,8335,34,-981,22,982,1,46.3719513,-70.9426702,182.00,0.02,0.54,12,1,19:40:11,00
869140,-18,24289,21.93,1,1,0.00,0.0,8335,36,-982,25,983,1,46.3719508,-70.9426698,182.00,0.00,0.54,12,1,19:40:12,00
869623,-10,24289,21.92,1,1,0.00,0.0,8335,36,-981,21,982,1,46.3719508,-70.9426698,182.00,0.00,0.54,12,1,19:40:12,00
870095,-14,24289,21.93,1,1,0.00,0.0,8335,35,-982,22,983,1,46.3719508,-70.9426698,182.00,0.00,0.54,12,1,19:40:12,00
870570,-20,24289,21.94,1,1,0.00,0.0,8335,33,-982,20,983,1,46.3719508,-70.9426698,182.00,0.00,0.54,12,1,19:40:12,00
871055,-13,24289,21.93,1,1,0.00,0.0,8335,35,-982,24,983,1,46.3719508,-70.9426698,182.00,0.00,0.54,12,1,19:40:12,00
871530,-16,24289,21.98,1,1,0.00,0.0,8335,35,-981,21,982,1,46.3719497,-70.9426692,182.10,0.02,0.54,12,1,19:40:14,00
872103,-15,24289,21.93,1,1,0.00,0.0,8335,34,-981,24,982,1,46.3719497,-70.9426692,182.10,0.02,0.54,12,1,19:40:14,00
872572,-18,24289,21.91,1,1,0.00,0.0,8335,33,-982,24,983,1,46.3719493,-70.9426688,182.20,0.02,0.54,12,1,19:40:15,00
873039,-10,24289,21.92,1,1,0.00,0.0,8335,34,-982,23,983,1,46.3719493,-70.9426688,182.20,0.02,0.54,12,1,19:40:15,00
873503,-16,24289,21.88,1,1,0.00,0.0,8335,37,-978,19,979,1,46.3719487,-70.9426685,182.20,0.02,0.54,12,1,19:40:16,00
873970,-24,24289,21.99,1,1,0.00,0.0,8335,33,-984,23,985,1,46.3719487,-70.9426685,182.20,0.02,0.54,12,1,19:40:16,00
874434,-15,24289,21.90,1,1,0.00,0.0,8335,30,-983,25,983,1,46.3719482,-70.9426682,182.20,0.00,0.54,12,1,19:40:17,00
874898,-22,24289,21.93,1,1,0.00,0.0,8335,33,-982,28,983,1,46.3719482,-70.9426682,182.20,0.00,0.54,12,1,19:40:17,00
875362,-6,24289,21.95,1,1,0.00,0.0,8335,31,-982,26,983,1,46.3719482,-70.9426680,182.30,0.02,0.54,12,1,19:40:18,00
875832,-18,24289,21.92,1,1,0.00,0.0,8335,31,-981,19,982,1,46.3719482,-70.9426680,182.30,0.02,0.54,12,1,19:40:18,00
876294,-6,24289,21.91,1,1,0.00,0.0,8335,35,-985,9,986,1,46.3719478,-70.9426675,182.30,0.00,0.54,12,1,19:40:19,00
876760,-24,24289,21.96,1,1,0.00,0.0,8335,30,-983,17,983,1,46.3719478,-70.9426675,182.30,0.00,0.54,12,1,19:40:19,00
877230,-7,24289,21.98,1,1,0.00,0.0,8335,35,-982,30,983,1,46.3719475,-70.9426677,182.40,0.00,0.54,12,1,19:40:20,00
877705,-10,24289,21.93,1,1,0.00,0.0,8335,51,-981,18,982,1,46.3719475,-70.9426677,182.40,0.00,0.54,12,1,19:40:20,00
878181,-23,24289,21.94,1,1,0.00,0.0,8335,-22,-979,27,979,1,46.3719473,-70.9426677,182.40,0.00,0.54,12,1,19:40:21,00
878655,-14,24289,21.90,1,1,0.00,0.0,8335,30,-977,22,978,1,46.3719473,-70.9426677,182.40,0.00,0.54,12,1,19:40:21,00
879127,-23,24289,21.94,1,1,0.00,0.0,8335,38,-976,16,977,1,46.3719475,-70.9426685,182.40,0.02,0.54,12,1,19:40:22,00
879597,-12,24289,21.90,1,1,0.00,0.0,8335,39,-979,24,980,1,46.3719475,-70.9426685,182.50,0.02,0.54,12,1,19:40:22,00
880069,-15,24289,21.90,1,1,0.00,0.0,8335,33,-976,7,976,1,46.3719475,-70.9426685,182.50,0.02,0.54,12,1,19:40:22,00
880537,-27,24289,21.86,1,1,0.00,0.0,8335,36,-980,23,981,1,46.3719475,-70.9426688,182.50,0.02,0.54,12,1,19:40:23,00
881001,-21,24289,21.88,1,1,0.00,0.0,8335,36,-980,20,981,1,46.3719475,-70.9426688,182.50,0.02,0.54,12,1,19:40:23,00
881475,-19,24289,21.92,1,1,0.00,0.0,8335,36,-981,23,982,1,46.3719477,-70.9426687,182.50,0.02,0.54,12,1,19:40:24,00
881944,-27,24289,21.87,1,1,0.00,0.0,8335,34,-982,20,982,1,46.3719477,-70.9426687,182.50,0.02,0.54,12,1,19:40:24,00
882415,-16,24289,21.93,1,1,0.00,0.0,8335,35,-981,21,982,1,46.3719478,-70.9426687,182.50,0.02,0.54,12,1,19:40:25,00
882882,-20,24289,21.90,1,1,0.00,0.0,8335,35,-982,21,983,1,46.3719478,-70.9426687,182.50,0.02,0.54,12,1,19:40:25,00
883356,-11,24289,21.91,1,1,0.00,0.0,8335,35,-982,20,983,1,46.3719477,-70.9426683,182.40,0.02,0.54,12,1,19:40:26,00
883828,-18,24289,21.86,1,1,0.00,0.0,8335,35,-981,20,982,1,46.3719477,-70.9426683,182.40,0.02,0.54,12,1,19:40:26,00
884295,-3,24289,21.94,1,1,0.00,0.0,8335,34,-981,20,982,1,46.3719475,-70.9426680,182.40,0.00,0.54,12,1,19:40:27,00
884762,-23,24289,21.86,1,1,0.00,0.0,8335,34,-982,22,983,1,46.3719475,-70.9426680,182.40,0.00,0.54,12,1,19:40:27,00
885230,-19,24289,21.98,1,1,0.00,0.0,8335,37,-981,20,982,1,46.3719468,-70.9426675,182.40,0.11,0.54,12,1,19:40:28,00
885695,-23,24289,21.87,1,1,0.00,0.0,8335,34,-982,22,983,1,46.3719468,-70.9426675,182.30,0.11,0.54,12,1,19:40:28,00
886173,-9,24289,21.87,1,1,0.00,0.0,8335,34,-981,21,981,1,46.3719468,-70.9426670,182.30,0.02,0.54,12,1,19:40:29,00
886643,-24,24289,21.84,1,1,0.00,0.0,8335,37,-980,15,981,1,46.3719468,-70.9426670,182.20,0.02,0.54,12,1,19:40:29,00
887181,-21,24289,21.92,1,1,0.00,0.0,8335,31,-983,21,984,1,46.3719467,-70.9426668,182.20,0.04,0.54,12,1,19:40:30,00
887644,-16,24289,21.90,1,1,0.00,0.0,8335,35,-981,22,982,1,46.3719467,-70.9426668,182.10,0.04,0.54,12,1,19:40:30,00
888103,-17,24289,21.86,1,1,0.00,0.0,8335,37,-980,21,981,1,46.3719467,-70.9426668,182.10,0.04,0.54,12,1,19:40:30,00
888572,-10,24289,21.91,1,1,0.00,0.0,8335,36,-982,13,982,1,46.3719465,-70.9426665,182.00,0.04,0.54,12,1,19:40:31,00
889039,-15,24289,21.88,1,1,0.00,0.0,8335,31,-980,-2,981,1,46.3719465,-70.9426665,182.00,0.04,0.54,12,1,19:40:31,00
889495,-17,24289,21.91,1,1,0.00,0.0,8335,32,-979,17,980,1,46.3719458,-70.9426672,182.10,0.04,0.54,12,1,19:40:32,00
889955,-21,24289,21.90,1,1,0.00,0.0,8335,35,-982,24,982,1,46.3719458,-70.9426672,182.10,0.04,0.54,12,1,19:40:32,00
890411,-18,24289,21.88,1,1,0.00,0.0,8335,34,-981,22,982,1,46.3719455,-70.9426678,182.10,0.04,0.54,12,1,19:40:33,00
890881,-14,24289,21.90,1,1,0.00,0.0,8335,35,-981,19,982,1,46.3719455,-70.9426678,182.10,0.04,0.54,12,1,19:40:33,00
891341,-16,24289,21.91,1,1,0.00,0.0,8335,36,-981,22,982,1,46.3719455,-70.9426680,182.10,0.04,0.54,12,1,19:40:34,00
891801,-10,24289,21.88,1,1,0.00,0.0,8335,35,-982,20,983,1,46.3719455,-70.9426680,182.10,0.04,0.54,12,1,19:40:34,00
892267,-5,24289,21.92,1,1,0.00,0.0,8335,33,-981,22,982,1,46.3719453,-70.9426687,182.10,0.00,0.54,12,1,19:40:35,00
892742,-15,24289,21.88,1,1,0.00,0.0,8335,33,-981,22,982,1,46.3719453,-70.9426687,182.10,0.00,0.54,12,1,19:40:35,00
893217,-18,24289,21.96,1,1,0.00,0.0,8335,34,-981,20,982,1,46.3719452,-70.9426692,182.10,0.00,0.54,12,1,19:40:36,00
893694,-12,24289,21.87,1,1,0.00,0.0,8335,35,-982,25,983,1,46.3719452,-70.9426692,182.10,0.00,0.54,12,1,19:40:36,00
894166,-18,24289,21.89,1,1,0.00,0.0,8335,33,-982,20,983,1,46.3719452,-70.9426698,182.10,0.02,0.54,12,1,19:40:37,00
894644,-18,24289,21.88,1,1,0.00,0.0,8335,35,-982,17,983,1,46.3719452,-70.9426698,182.10,0.02,0.54,12,1,19:40:37,00
895114,-14,24289,21.88,1,1,0.00,0.0,8335,35,-980,19,981,1,46.3719452,-70.9426707,182.10,0.02,0.54,12,1,19:40:38,00
895588,-4,24289,21.90,1,1,0.00,0.0,8335,37,-981,16,982,1,46.3719452,-70.9426707,182.10,0.02,0.54,12,1,19:40:38,00
896057,-10,24289,21.89,1,1,0.00,0.0,8335,35,-982,17,983,1,46.3719452,-70.9426707,182.10,0.02,0.54,12,1,19:40:38,00
896531,-19,24289,21.91,1,1,0.00,0.0,8335,36,-982,22,983,1,46.3719452,-70.9426707,182.10,0.02,0.54,12,1,19:40:38,00
897009,-18,24289,21.86,1,1,0.00,0.0,8335,35,-982,23,983,1,46.3719452,-70.9426707,182.10,0.02,0.54,12,1,19:40:38,00
897482,-14,24289,21.90,1,1,0.00,0.0,8335,38,-981,18,982,1,46.3719453,-70.9426717,182.10,0.02,0.54,12,1,19:40:40,00
897962,-21,24289,21.87,1,1,0.00,0.0,8335,34,-981,21,982,1,46.3719453,-70.9426717,182.10,0.02,0.54,12,1,19:40:40,00
898443,-24,24289,21.84,1,1,0.00,0.0,8335,34,-980,17,981,1,46.3719455,-70.9426725,182.00,0.02,0.54,12,1,19:40:41,00
898918,-16,24289,21.81,1,1,0.00,0.0,8335,46,-979,36,981,1,46.3719455,-70.9426725,182.00,0.02,0.54,12,1,19:40:41,00
899386,-6,24289,21.84,1,1,0.00,0.0,8335,33,-981,15,981,1,46.3719458,-70.9426733,181.90,0.02,0.54,12,1,19:40:42,00
899859,-17,24289,21.84,1,1,0.00,0.0,8335,34,-981,22,982,1,46.3719458,-70.9426733,181.90,0.02,0.54,12,1,19:40:42,00
900333,-6,24289,21.83,1,1,0.00,0.0,8335,33,-982,33,983,1,46.3719462,-70.9426742,181.80,0.02,0.54,12,1,19:40:43,00
900808,-16,24289,21.86,1,1,0.00,0.0,8335,34,-981,12,981,1,46.3719462,-70.9426742,181.80,0.02,0.54,12,1,19:40:43,00
901278,-5,24289,21.86,1,1,0.00,0.0,8335,35,-983,21,984,1,46.3719463,-70.9426750,181.80,0.00,0.54,12,1,19:40:44,00
901752,-22,24289,21.89,1,1,0.00,0.0,8335,35,-982,19,982,1,46.3719463,-70.9426750,181.80,0.00,0.54,12,1,19:40:44,00
902303,-1,24289,21.87,1,1,0.00,0.0,8335,34,-981,22,982,1,46.3719465,-70.9426758,181.70,0.00,0.54,12,1,19:40:45,00
902774,-15,24289,21.81,1,1,0.00,0.0,8335,36,-981,19,982,1,46.3719465,-70.9426758,181.70,0.00,0.54,12,1,19:40:45,00
903244,-4,24289,21.90,1,1,0.00,0.0,8335,34,-982,21,983,1,46.3719467,-70.9426760,181.60,0.02,0.54,12,1,19:40:46,00
903707,-14,24289,21.85,1,1,0.00,0.0,8335,34,-982,20,982,1,46.3719467,-70.9426760,181.60,0.02,0.54,12,1,19:40:46,00
904169,-16,24289,21.85,1,1,0.00,0.0,8335,35,-981,20,982,1,46.3719465,-70.9426762,181.60,0.02,0.54,12,1,19:40:47,00
904626,-13,24289,21.87,1,1,0.00,0.0,8335,35,-982,20,983,1,46.3719465,-70.9426762,181.50,0.02,0.54,12,1,19:40:47,00
905093,-13,24289,21.83,1,1,0.00,0.0,8335,35,-981,20,982,1,46.3719465,-70.9426762,181.50,0.02,0.54,12,1,19:40:47,00
905560,-20,24289,21.82,1,1,0.00,0.0,8335,35,-981,21,982,1,46.3719463,-70.9426758,181.30,0.02,0.54,12,1,19:40:48,00
906018,-20,24289,21.80,1,1,0.00,0.0,8335,35,-982,20,983,1,46.3719463,-70.9426758,181.30,0.02,0.54,12,1,19:40:48,00
906484,-16,24289,21.84,1,1,0.00,0.0,8335,35,-981,19,982,1,46.3719462,-70.9426755,181.20,0.02,0.54,12,1,19:40:49,00
906949,-23,24289,21.83,1,1,0.00,0.0,8335,35,-982,19,983,1,46.3719462,-70.9426755,181.20,0.02,0.54,12,1,19:40:49,00
907418,-19,24289,21.79,1,1,0.00,0.0,8335,34,-981,19,982,1,46.3719462,-70.9426752,181.00,0.02,0.54,12,1,19:40:50,00
907888,-17,24289,21.77,1,1,0.00,0.0,8335,35,-982,18,983,1,46.3719462,-70.9426752,181.00,0.02,0.54,12,1,19:40:50,00
908359,-25,24289,21.81,1,1,0.00,0.0,8335,34,-982,21,983,1,46.3719460,-70.9426748,180.90,0.00,0.54,12,1,19:40:51,00
908825,-20,24289,21.82,1,1,0.00,0.0,8335,34,-982,20,983,1,46.3719460,-70.9426748,180.90,0.00,0.54,12,1,19:40:51,00
909295,-13,24289,21.81,1,1,0.00,0.0,8335,33,-982,21,983,1,46.3719458,-70.9426745,180.80,0.02,0.54,12,1,19:40:52,00
909768,-17,24289,21.81,1,1,0.00,0.0,8335,34,-981,20,981,1,46.3719458,-70.9426745,180.80,0.02,0.54,12,1,19:40:52,00
910235,-12,24289,21.84,1,1,0.00,0.0,8335,35,-981,21,982,1,46.3719458,-70.9426743,180.70,0.02,0.54,12,1,19:40:53,00
910704,-7,24289,21.79,1,1,0.00,0.0,8335,34,-982,21,983,1,46.3719458,-70.9426743,180.70,0.02,0.54,12,1,19:40:53,00
911177,-18,24289,21.81,1,1,0.00,0.0,8335,34,-982,20,982,1,46.3719458,-70.9426745,180.70,0.00,0.54,12,1,19:40:54,00
911644,-21,24289,21.78,1,1,0.00,0.0,8335,34,-981,20,982,1,46.3719458,-70.9426745,180.70,0.00,0.54,12,1,19:40:54,00
912111,-14,24289,21.79,1,1,0.00,0.0,8335,34,-981,21,982,1,46.3719458,-70.9426745,180.70,0.00,0.54,12,1,19:40:54,00
912579,-21,24289,21.78,1,1,0.00,0.0,8335,35,-981,19,982,1,46.3719458,-70.9426747,180.70,0.00,0.54,12,1,19:40:55,00
913048,-13,24289,21.81,1,1,0.00,0.0,8335,34,-981,19,982,1,46.3719458,-70.9426747,180.70,0.00,0.54,12,1,19:40:55,00
913516,-15,24289,21.82,1,1,0.00,0.0,8335,34,-981,22,982,1,46.3719458,-70.9426747,180.70,0.00,0.54,12,1,19:40:56,00
913985,-21,24289,21.80,1,1,0.00,0.0,8335,34,-981,21,982,1,46.3719458,-70.9426747,180.70,0.00,0.54,12,1,19:40:56,00
914465,-21,24289,21.75,1,1,0.00,0.0,8335,33,-980,22,981,1,46.3719458,-70.9426748,180.70,0.00,0.54,12,1,19:40:57,00
914938,-15,24289,21.79,1,1,0.00,0.0,8335,34,-982,21,983,1,46.3719458,-70.9426748,180.70,0.00,0.54,12,1,19:40:57,00
915418,-19,24289,21.80,1,1,0.00,0.0,8335,33,-981,21,982,1,46.3719460,-70.9426757,180.80,0.00,0.54,12,1,19:40:58,00
915886,-16,24289,21.80,1,1,0.00,0.0,8335,32,-982,20,982,1,46.3719460,-70.9426757,180.80,0.00,0.54,12,1,19:40:58,00
916359,-11,24289,21.79,1,1,0.00,0.0,8335,35,-981,20,982,1,46.3719458,-70.9426757,180.80,0.02,0.54,12,1,19:40:59,00
916842,-22,24289,21.82,1,1,0.00,0.0,8335,35,-981,20,982,1,46.3719458,-70.9426757,180.80,0.02,0.54,12,1,19:40:59,00
917387,-21,24289,21.81,1,1,0.00,0.0,8335,34,-982,20,982,1,46.3719457,-70.9426757,180.90,0.00,0.54,12,1,19:41:00,00
917856,-16,24289,21.75,1,1,0.00,0.0,8335,34,-980,21,981,1,46.3719457,-70.9426757,180.90,0.00,0.54,12,1,19:41:00,00
918311,-8,24289,21.72,1,1,0.00,0.0,8335,32,-981,21,981,1,46.3719453,-70.9426750,180.90,0.02,0.54,12,1,19:41:01,00
918771,-16,24289,21.80,1,1,0.00,0.0,8335,35,-980,19,981,1,46.3719453,-70.9426750,180.90,0.02,0.54,12,1,19:41:01,00
919237,-9,24289,21.87,1,1,0.00,0.0,8335,33,-981,21,982,1,46.3719447,-70.9426745,180.90,0.00,0.54,12,1,19:41:02,00
919697,-14,24289,21.77,1,1,0.00,0.0,8335,32,-981,20,982,1,46.3719447,-70.9426745,180.90,0.00,0.54,12,1,19:41:02,00
920162,-20,24289,21.80,1,1,0.00,0.0,8335,34,-981,18,981,1,46.3719443,-70.9426740,180.90,0.00,0.54,12,1,19:41:03,00
920626,-17,24289,21.77,1,1,0.00,0.0,8335,35,-980,21,980,1,46.3719443,-70.9426740,180.80,0.00,0.54,12,1,19:41:03,00
921086,-25,24289,21.71,1,1,0.00,0.0,8335,34,-980,18,981,1,46.3719443,-70.9426740,180.80,0.00,0.54,12,1,19:41:03,00
921560,-4,24289,21.78,1,1,0.00,0.0,8335,35,-979,15,980,1,46.3719443,-70.9426740,180.80,0.00,0.54,12,1,19:41:03,00
922025,-16,24289,21.76,1,1,0.00,0.0,8335,32,-981,24,982,1,46.3719443,-70.9426740,180.80,0.00,0.54,12,1,19:41:03,00
922487,-8,24289,21.82,1,1,0.00,0.0,8335,37,-982,22,982,1,46.3719435,-70.9426730,180.80,0.02,0.54,12,1,19:41:05,00
922952,-9,24289,21.79,1,1,0.00,0.0,8335,34,-982,24,983,1,46.3719435,-70.9426730,180.80,0.02,0.54,12,1,19:41:05,00
923420,-13,24289,21.80,1,1,0.00,0.0,8335,37,-979,13,980,1,46.3719428,-70.9426728,180.90,0.02,0.54,12,1,19:41:06,00
923897,-20,24289,21.79,1,1,0.00,0.0,8335,32,-981,18,982,1,46.3719428,-70.9426728,180.90,0.02,0.54,12,1,19:41:06,00
924362,-7,24289,21.80,1,1,0.00,0.0,8335,38,-982,21,983,1,46.3719425,-70.9426730,180.90,0.02,0.56,12,1,19:41:07,00
924834,-21,24289,21.79,1,1,0.00,0.0,8335,33,-981,23,982,1,46.3719425,-70.9426730,180.90,0.02,0.56,12,1,19:41:07,00
925301,10,24289,21.81,1,1,0.00,0.0,8335,33,-981,19,982,1,46.3719422,-70.9426733,180.90,0.04,0.56,12,1,19:41:08,00
925774,-3,24289,21.75,1,1,0.00,0.0,8335,35,-982,20,983,1,46.3719422,-70.9426733,181.00,0.04,0.54,12,1,19:41:08,00
926263,1,24289,21.81,1,1,0.00,0.0,8335,35,-982,30,983,1,46.3719420,-70.9426735,181.00,0.04,0.54,12,1,19:41:09,00
926728,-18,24289,21.76,1,1,0.00,0.0,8335,34,-980,19,981,1,46.3719420,-70.9426735,180.90,0.04,0.54,12,1,19:41:09,00
927206,-15,24289,21.81,1,1,0.00,0.0,8335,34,-981,19,981,1,46.3719417,-70.9426738,180.90,0.02,0.54,12,1,19:41:10,00
927685,-14,24289,21.74,1,1,0.00,0.0,8335,30,-979,20,980,1,46.3719417,-70.9426738,180.90,0.02,0.54,12,1,19:41:10,00
928156,-20,24289,21.77,1,1,0.00,0.0,8335,32,-982,13,982,1,46.3719417,-70.9426738,180.90,0.02,0.54,12,1,19:41:10,00
928643,-16,24289,21.77,1,1,0.00,0.0,8335,34,-982,22,982,1,46.3719417,-70.9426738,180.90,0.02,0.54,12,1,19:41:10,00
929121,-3,24289,21.76,1,1,0.00,0.0,8335,32,-980,21,981,1,46.3719417,-70.9426738,180.90,0.02,0.54,12,1,19:41:10,00
929590,-5,24289,21.73,1,1,0.00,0.0,8335,33,-982,22,983,1,46.3719417,-70.9426742,180.80,0.02,0.54,12,1,19:41:12,00
930069,-7,24289,21.79,1,1,0.00,0.0,8335,35,-981,23,982,1,46.3719417,-70.9426742,180.80,0.02,0.54,12,1,19:41:12,00
930557,-16,24289,21.77,1,1,0.00,0.0,8335,36,-980,22,981,1,46.3719417,-70.9426742,180.80,0.02,0.54,12,1,19:41:12,00
931034,-9,24289,21.65,1,1,0.00,0.0,8335,36,-980,22,981,1,46.3719417,-70.9426742,180.80,0.02,0.54,12,1,19:41:12,00
931513,-10,24289,21.73,1,1,0.00,0.0,8335,40,-980,18,981,1,46.3719417,-70.9426742,180.80,0.02,0.54,12,1,19:41:12,00
931982,-11,24289,21.78,1,1,0.00,0.0,8335,34,-982,20,983,1,46.3719417,-70.9426742,180.80,0.02,0.54,12,1,19:41:12,00
932548,-13,24289,21.77,1,1,0.00,0.0,8335,33,-979,16,980,1,46.3719417,-70.9426742,180.80,0.02,0.54,12,1,19:41:12,00
933020,-18,24289,21.77,1,1,0.00,0.0,8335,28,-981,24,982,1,46.3719417,-70.9426742,180.80,0.02,0.54,12,1,19:41:12,00
933499,-14,24289,21.77,1,1,0.00,0.0,8335,36,-982,15,983,1,46.3719417,-70.9426742,180.80,0.02,0.54,12,1,19:41:12,00
933960,-13,24289,21.71,1,1,0.00,0.0,8335,31,-982,20,983,1,46.3719417,-70.9426742,180.80,0.02,0.54,12,1,19:41:12,00
934434,-27,24289,21.64,1,1,0.00,0.0,8335,34,-982,23,982,1,46.3719428,-70.9426747,180.50,0.00,0.55,12,1,19:41:17,00
934906,-16,24289,21.72,1,1,0.00,0.0,8335,37,-981,15,982,1,46.3719428,-70.9426747,180.50,0.00,0.55,12,1,19:41:17,00
935372,-4,24289,21.76,1,1,0.00,0.0,8335,35,-982,20,983,1,46.3719430,-70.9426745,180.50,0.04,0.54,12,1,19:41:18,00
935844,-8,24289,21.80,1,1,0.00,0.0,8335,32,-982,16,982,1,46.3719430,-70.9426745,180.50,0.04,0.54,12,1,19:41:18,00
936309,6,24289,21.70,1,1,0.00,0.0,8335,35,-981,21,982,1,46.3719430,-70.9426743,180.50,0.02,0.54,12,1,19:41:19,00
936774,-6,24289,21.72,1,1,0.00,0.0,8335,35,-980,16,981,1,46.3719430,-70.9426743,180.50,0.02,0.54,12,1,19:41:19,00
937244,-5,24289,21.74,1,1,0.00,0.0,8335,36,-981,23,982,1,46.3719430,-70.9426742,180.50,0.02,0.56,12,1,19:41:20,00
937718,-3,24289,21.66,1,1,0.00,0.0,8335,32,-981,16,981,1,46.3719430,-70.9426742,180.50,0.02,0.56,12,1,19:41:20,00
938202,-3,24289,21.77,1,1,0.00,0.0,8335,25,-983,24,983,1,46.3719430,-70.9426735,180.50,0.02,0.56,12,1,19:41:21,00
938675,-12,24289,21.67,1,1,0.00,0.0,8335,33,-982,16,983,1,46.3719430,-70.9426735,180.50,0.02,0.56,12,1,19:41:21,00
939147,-21,24289,21.74,1,1,0.00,0.0,8335,29,-981,23,982,1,46.3719427,-70.9426735,180.50,0.07,0.56,12,1,19:41:22,00
939620,-17,24289,21.66,1,1,0.00,0.0,8335,31,-981,24,982,1,46.3719427,-70.9426735,180.50,0.07,0.56,12,1,19:41:22,00
940098,-15,24289,21.72,1,1,0.00,0.0,8335,32,-980,15,981,1,46.3719427,-70.9426735,180.50,0.07,0.56,12,1,19:41:22,00
940578,-15,24289,21.72,1,1,0.00,0.0,8335,31,-982,23,982,1,46.3719423,-70.9426732,180.50,0.02,0.56,12,1,19:41:23,00
941052,-13,24289,21.72,1,1,0.00,0.0,8335,28,-982,31,983,1,46.3719423,-70.9426732,180.50,0.02,0.56,12,1,19:41:23,00
941527,-12,24289,21.68,1,1,0.00,0.0,8335,27,-981,31,982,1,46.3719423,-70.9426732,180.50,0.02,0.56,12,1,19:41:23,00
941999,-21,24289,21.70,1,1,0.00,0.0,8335,27,-985,26,986,1,46.3719423,-70.9426732,180.50,0.02,0.56,12,1,19:41:23,00
942467,-8,24289,21.69,1,1,0.00,0.0,8335,25,-983,23,984,1,46.3719422,-70.9426717,180.50,0.04,0.55,12,1,19:41:25,00
942942,-22,24289,21.68,1,1,0.00,0.0,8335,26,-982,23,983,1,46.3719422,-70.9426717,180.50,0.04,0.55,12,1,19:41:25,00
943423,-3,24289,21.75,1,1,0.00,0.0,8335,24,-984,25,985,1,46.3719422,-70.9426707,180.50,0.04,0.55,12,1,19:41:26,00
943891,-9,24289,21.66,1,1,0.00,0.0,8335,26,-985,20,985,1,46.3719422,-70.9426707,180.50,0.04,0.55,12,1,19:41:26,00
944358,-12,24289,21.69,1,1,0.00,0.0,8335,37,-984,34,985,1,46.3719413,-70.9426690,180.50,0.09,0.55,12,1,19:41:27,00
944833,-22,24289,21.75,1,1,0.00,0.0,8335,30,-974,18,974,1,46.3719413,-70.9426690,180.50,0.09,0.55,12,1,19:41:27,00
945312,-3,24289,21.67,1,1,0.00,0.0,8335,41,-984,33,985,1,46.3719408,-70.9426675,180.60,0.04,0.54,12,1,19:41:28,00
945793,-9,24289,21.71,1,1,0.00,0.0,8335,30,-985,14,986,1,46.3719408,-70.9426675,180.60,0.04,0.54,12,1,19:41:28,00
946270,-8,24289,21.74,1,1,0.00,0.0,8335,30,-983,15,983,1,46.3719407,-70.9426667,180.60,0.02,0.54,12,1,19:41:29,00
946743,-13,24289,21.73,1,1,0.00,0.0,8335,23,-980,24,980,1,46.3719407,-70.9426667,180.60,0.02,0.54,12,1,19:41:29,00
947221,-3,24289,21.73,1,1,0.00,0.0,8335,20,-987,20,988,1,46.3719400,-70.9426655,180.70,0.02,0.54,12,1,19:41:30,00
947767,-16,24289,21.69,1,1,0.00,0.0,8335,28,-981,18,981,1,46.3719400,-70.9426655,180.70,0.02,0.54,12,1,19:41:30,00
948233,0,24289,21.76,1,1,0.00,0.0,8335,32,-982,17,982,1,46.3719398,-70.9426648,180.70,0.02,0.54,12,1,19:41:31,00
948690,-12,24289,21.66,1,1,0.00,0.0,8335,32,-984,15,984,1,46.3719398,-70.9426648,180.70,0.02,0.54,12,1,19:41:31,00
949161,-8,24289,21.71,1,1,0.00,0.0,8335,38,-982,21,983,1,46.3719395,-70.9426645,180.70,0.06,0.54,12,1,19:41:32,00
949627,-10,24289,21.67,1,1,0.00,0.0,8335,27,-980,26,981,1,46.3719395,-70.9426645,180.70,0.06,0.54,12,1,19:41:32,00
950101,-13,24289,21.65,1,1,0.00,0.0,8335,28,-983,19,984,1,46.3719397,-70.9426645,180.70,0.00,0.54,12,1,19:41:33,00
950566,2,24289,21.67,1,1,0.00,0.0,8335,35,-980,21,981,1,46.3719397,-70.9426645,180.70,0.00,0.54,12,1,19:41:33,00
951039,-11,24289,21.64,1,1,0.00,0.0,8335,32,-982,19,982,1,46.3719397,-70.9426645,180.70,0.00,0.54,12,1,19:41:33,00
951505,-5,24289,21.67,1,1,0.00,0.0,8335,41,-981,16,982,1,46.3719395,-70.9426645,180.60,0.02,0.54,12,1,19:41:34,00
951982,-7,24289,21.68,1,1,0.00,0.0,8335,32,-982,22,982,1,46.3719395,-70.9426645,180.60,0.02,0.54,12,1,19:41:34,00
952467,-15,24289,21.60,1,1,0.00,0.0,8335,32,-980,20,981,1,46.3719395,-70.9426647,180.60,0.00,0.54,12,1,19:41:35,00
952936,2,24289,21.70,1,1,0.00,0.0,8335,35,-983,20,984,1,46.3719395,-70.9426647,180.60,0.00,0.54,12,1,19:41:35,00
953401,-11,24289,21.68,1,1,0.00,0.0,8335,31,-979,17,980,1,46.3719393,-70.9426652,180.60,0.00,0.56,12,1,19:41:36,00
953871,-9,24289,21.64,1,1,0.00,0.0,8335,35,-984,19,985,1,46.3719393,-70.9426652,180.60,0.00,0.56,12,1,19:41:36,00
954337,-6,24289,21.66,1,1,0.00,0.0,8335,33,-981,13,982,1,46.3719393,-70.9426653,180.60,0.02,0.56,12,1,19:41:37,00
954803,-17,24289,21.64,1,1,0.00,0.0,8335,26,-989,41,990,1,46.3719393,-70.9426653,180.60,0.02,0.56,12,1,19:41:37,00
955263,-5,24289,21.73,1,1,0.00,0.0,8335,32,-976,18,977,1,46.3719393,-70.9426657,180.60,0.00,0.54,12,1,19:41:38,00
955726,-4,24289,21.64,1,1,0.00,0.0,8335,31,-978,20,979,1,46.3719393,-70.9426657,180.60,0.00,0.54,12,1,19:41:38,00
956203,0,24289,21.71,1,1,0.00,0.0,8335,32,-981,21,982,1,46.3719392,-70.9426660,180.60,0.00,0.54,12,1,19:41:39,00
956669,-15,24289,21.66,1,1,0.00,0.0,8335,32,-982,17,982,1,46.3719392,-70.9426660,180.60,0.00,0.54,12,1,19:41:39,00
957142,-10,24289,21.60,1,1,0.00,0.0,8335,33,-981,20,982,1,46.3719390,-70.9426663,180.60,0.02,0.54,12,1,19:41:40,00
957614,-13,24289,21.61,1,1,0.00,0.0,8335,30,-979,8,980,1,46.3719390,-70.9426663,180.60,0.02,0.54,12,1,19:41:40,00
958081,-4,24289,21.58,1,1,0.00,0.0,8335,33,-981,19,981,1,46.3719390,-70.9426663,180.60,0.02,0.54,12,1,19:41:40,00
958557,-12,24289,21.60,1,1,0.00,0.0,8335,34,-980,20,981,1,46.3719390,-70.9426663,180.60,0.02,0.54,12,1,19:41:40,00
959031,-16,24289,21.60,1,1,0.00,0.0,8335,32,-980,22,981,1,46.3719390,-70.9426663,180.60,0.02,0.54,12,1,19:41:40,00
959506,-11,24289,21.59,1,1,0.00,0.0,8335,36,-980,15,981,1,46.3719390,-70.9426667,180.70,0.00,0.54,12,1,19:41:42,00
959981,-16,24289,21.65,1,1,0.00,0.0,8335,32,-982,20,982,1,46.3719390,-70.9426667,180.70,0.00,0.54,12,1,19:41:42,00
960460,-16,24289,21.66,1,1,0.00,0.0,8335,33,-980,18,981,1,46.3719390,-70.9426668,180.70,0.00,0.54,12,1,19:41:43,00
960942,-17,24289,21.60,1,1,0.00,0.0,8335,34,-980,1,980,1,46.3719390,-70.9426668,180.70,0.00,0.54,12,1,19:41:43,00
961414,-18,24289,21.64,1,1,0.00,0.0,8335,33,-982,26,983,1,46.3719392,-70.9426670,180.80,0.00,0.54,12,1,19:41:44,00
961885,-10,24289,21.61,1,1,0.00,0.0,8335,36,-982,19,983,1,46.3719392,-70.9426670,180.80,0.00,0.54,12,1,19:41:44,00
962355,-2,24289,21.59,1,1,0.00,0.0,8335,40,-978,20,979,1,46.3719392,-70.9426672,180.90,0.00,0.54,12,1,19:41:45,00
962901,-11,24289,21.62,1,1,0.00,0.0,8335,27,-984,23,984,1,46.3719392,-70.9426672,180.90,0.00,0.54,12,1,19:41:45,00
963365,-11,24289,21.63,1,1,0.00,0.0,8335,39,-978,19,979,1,46.3719393,-70.9426678,181.00,0.00,0.54,12,1,19:41:46,00
963828,-18,24289,21.62,1,1,0.00,0.0,8335,38,-985,20,986,1,46.3719393,-70.9426678,181.00,0.00,0.54,12,1,19:41:46,00
964296,-5,24289,21.60,1,1,0.00,0.0,8335,25,-985,19,986,1,46.3719393,-70.9426683,181.00,0.04,0.54,12,1,19:41:47,00
964762,-19,24289,21.60,1,1,0.00,0.0,8335,37,-982,15,983,1,46.3719393,-70.9426683,181.00,0.04,0.54,12,1,19:41:47,00
965232,-9,24289,21.70,1,1,0.00,0.0,8335,43,-978,19,979,1,46.3719393,-70.9426690,181.10,0.00,0.54,12,1,19:41:48,00
965691,-17,24289,21.61,1,1,0.00,0.0,8335,35,-978,22,979,1,46.3719393,-70.9426690,181.10,0.00,0.54,12,1,19:41:48,00
966158,-13,24289,21.57,1,1,0.00,0.0,8335,37,-978,21,979,1,46.3719393,-70.9426697,181.10,0.04,0.54,12,1,19:41:49,00
966638,-10,24289,21.60,1,1,0.00,0.0,8335,32,-982,26,983,1,46.3719393,-70.9426697,181.10,0.04,0.54,12,1,19:41:49,00
967103,-14,24289,21.60,1,1,0.00,0.0,8335,30,-982,21,983,1,46.3719393,-70.9426697,181.10,0.04,0.54,12,1,19:41:49,00
967569,-10,24289,21.58,1,1,0.00,0.0,8335,33,-988,24,989,1,46.3719395,-70.9426698,181.30,0.02,0.54,12,1,19:41:50,00
968036,-1,24289,21.60,1,1,0.00,0.0,8335,32,-982,24,983,1,46.3719395,-70.9426698,181.30,0.02,0.54,12,1,19:41:50,00
968503,-13,24289,21.58,1,1,0.00,0.0,8335,38,-993,23,994,1,46.3719393,-70.9426703,181.40,0.02,0.54,12,1,19:41:51,00
968977,-16,24289,21.57,1,1,0.00,0.0,8335,39,-988,25,990,1,46.3719393,-70.9426703,181.40,0.02,0.54,12,1,19:41:51,00
969443,-11,24289,21.60,1,1,0.00,0.0,8335,42,-974,23,976,1,46.3719392,-70.9426712,181.50,0.02,0.54,12,1,19:41:52,00
969905,-3,24289,21.58,1,1,0.00,0.0,8335,40,-980,14,981,1,46.3719392,-70.9426712,181.50,0.02,0.54,12,1,19:41:52,00
970382,-8,24289,21.57,1,1,0.00,0.0,8335,39,-983,21,984,1,46.3719393,-70.9426715,181.60,0.02,0.54,12,1,19:41:53,00
970860,-20,24289,21.61,1,1,0.00,0.0,8335,43,-972,17,973,1,46.3719393,-70.9426715,181.60,0.02,0.54,12,1,19:41:53,00
971332,-5,24289,21.57,1,1,0.00,0.0,8335,36,-971,20,971,1,46.3719397,-70.9426720,181.70,0.02,0.54,12,1,19:41:54,00
971799,-16,24289,21.59,1,1,0.00,0.0,8335,42,-981,17,982,1,46.3719397,-70.9426720,181.70,0.02,0.54,12,1,19:41:54,00
972283,3,24289,21.61,1,1,0.00,0.0,8335,39,-979,16,980,1,46.3719400,-70.9426727,181.80,0.02,0.54,12,1,19:41:55,00
972766,-18,24289,21.55,1,1,0.00,0.0,8335,34,-980,14,981,1,46.3719400,-70.9426727,181.80,0.02,0.54,12,1,19:41:55,00
973238,-11,24289,21.66,1,1,0.00,0.0,8335,34,-983,30,984,1,46.3719405,-70.9426732,181.80,0.00,0.54,12,1,19:41:56,00
973715,-9,24289,21.60,1,1,0.00,0.0,8335,31,-986,-1,986,1,46.3719405,-70.9426732,181.80,0.00,0.54,12,1,19:41:56,00
974194,-20,24289,21.62,1,1,0.00,0.0,8335,35,-981,41,983,1,46.3719405,-70.9426732,181.80,0.00,0.54,12,1,19:41:56,00
974676,-22,24289,21.57,1,1,0.00,0.0,8335,36,-977,4,978,1,46.3719405,-70.9426737,181.80,0.00,0.54,12,1,19:41:57,00
975170,-15,24289,21.58,1,1,0.00,0.0,8335,29,-984,26,984,1,46.3719405,-70.9426737,181.80,0.00,0.54,12,1,19:41:57,00
975659,-15,24289,21.57,1,1,0.00,0.0,8335,31,-979,34,980,1,46.3719405,-70.9426737,181.80,0.00,0.54,12,1,19:41:57,00
976141,-9,24289,21.62,1,1,0.00,0.0,8335,38,-979,24,980,1,46.3719405,-70.9426737,181.80,0.00,0.54,12,1,19:41:57,00
976613,-17,24289,21.54,1,1,0.00,0.0,8335,20,-978,22,979,1,46.3719410,-70.9426738,182.00,0.00,0.54,12,1,19:41:59,00
977097,-10,24289,21.58,1,1,0.00,0.0,8335,27,-980,9,980,1,46.3719410,-70.9426738,182.00,0.00,0.54,12,1,19:41:59,00
977575,-11,24289,21.62,1,1,0.00,0.0,8335,33,-979,25,980,1,46.3719413,-70.9426737,182.20,0.02,0.54,12,1,19:42:00,00
978111,-8,24289,21.57,1,1,0.00,0.0,8335,25,-979,8,979,1,46.3719413,-70.9426737,182.20,0.02,0.54,12,1,19:42:00,00
978578,-3,24289,21.51,1,1,0.00,0.0,8335,20,-983,22,983,1,46.3719418,-70.9426735,182.20,0.00,0.54,12,1,19:42:01,00
979042,-5,24289,21.58,1,1,0.00,0.0,8335,16,-984,29,984,1,46.3719418,-70.9426735,182.20,0.00,0.54,12,1,19:42:01,00
979515,1,24289,21.58,1,1,0.00,0.0,8335,10,-989,43,990,1,46.3719425,-70.9426738,182.20,0.04,0.54,12,1,19:42:02,00
979980,3,24289,21.57,1,1,0.00,0.0,8335,23,-978,-2,978,1,46.3719425,-70.9426738,182.20,0.04,0.54,12,1,19:42:02,00
980444,-12,24289,21.60,1,1,0.00,0.0,8335,33,-982,27,983,1,46.3719432,-70.9426740,182.20,0.04,0.54,12,1,19:42:03,00
980917,-11,24289,21.56,1,1,0.00,0.0,8335,26,-983,34,984,1,46.3719432,-70.9426740,182.20,0.04,0.54,12,1,19:42:03,00
981386,-10,24289,21.59,1,1,0.00,0.0,8335,33,-973,10,974,1,46.3719437,-70.9426743,182.20,0.02,0.54,12,1,19:42:04,00
981860,1,24289,21.53,1,1,0.00,0.0,8335,25,-981,45,983,1,46.3719437,-70.9426743,182.20,0.02,0.54,12,1,19:42:04,00
982335,-5,24289,21.57,1,1,0.00,0.0,8335,34,-975,13,975,1,46.3719440,-70.9426743,182.20,0.02,0.54,12,1,19:42:05,00
982809,-15,24289,21.60,1,1,0.00,0.0,8335,29,-983,33,984,1,46.3719440,-70.9426743,182.20,0.02,0.54,12,1,19:42:05,00
983285,-6,24289,21.59,1,1,0.00,0.0,8335,19,-985,30,985,1,46.3719440,-70.9426743,182.20,0.02,0.54,12,1,19:42:05,00
983760,-12,24289,21.57,1,1,0.00,0.0,8335,28,-983,12,984,1,46.3719440,-70.9426743,182.20,0.02,0.54,12,1,19:42:05,00
984223,-6,24289,21.61,1,1,0.00,0.0,8335,24,-980,17,980,1,46.3719440,-70.9426743,182.20,0.02,0.54,12,1,19:42:05,00
984692,-7,24289,21.58,1,1,0.00,0.0,8335,14,-980,28,980,1,46.3719453,-70.9426752,182.40,0.02,0.54,12,1,19:42:07,00
985166,-14,24289,21.57,1,1,0.00,0.0,8335,31,-977,23,977,1,46.3719453,-70.9426752,182.40,0.02,0.54,12,1,19:42:07,00
985652,-3,24289,21.57,1,1,0.00,0.0,8335,37,-985,15,986,1,46.3719457,-70.9426755,182.50,0.02,0.54,12,1,19:42:08,00
986131,-19,24289,21.57,1,1,0.00,0.0,8335,26,-980,37,981,1,46.3719457,-70.9426755,182.50,0.02,0.54,12,1,19:42:08,00
986605,-10,24289,21.56,1,1,0.00,0.0,8335,32,-978,23,979,1,46.3719462,-70.9426762,182.60,0.02,0.54,12,1,19:42:09,00
987088,-2,24289,21.54,1,1,0.00,0.0,8335,34,-966,25,966,1,46.3719462,-70.9426762,182.60,0.02,0.54,12,1,19:42:09,00
987567,-8,24289,21.54,1,1,0.00,0.0,8335,35,-979,13,980,1,46.3719463,-70.9426767,182.60,0.02,0.54,12,1,19:42:10,00
988061,-9,24289,21.55,1,1,0.00,0.0,8335,29,-980,22,981,1,46.3719463,-70.9426767,182.60,0.02,0.54,12,1,19:42:10,00
988536,-16,24289,21.49,1,1,0.00,0.0,8335,37,-992,6,993,1,46.3719467,-70.9426773,182.70,0.02,0.54,12,1,19:42:11,00
989014,-18,24289,21.59,1,1,0.00,0.0,8335,29,-978,6,979,1,46.3719467,-70.9426773,182.70,0.02,0.54,12,1,19:42:11,00
989482,-14,24289,21.57,1,1,0.00,0.0,8335,32,-981,10,981,1,46.3719470,-70.9426777,182.70,0.02,0.54,12,1,19:42:12,00
989969,-9,24289,21.54,1,1,0.00,0.0,8335,34,-980,17,981,1,46.3719470,-70.9426777,182.70,0.02,0.54,12,1,19:42:12,00
990465,-8,24289,21.55,1,1,0.00,0.0,8335,27,-980,11,981,1,46.3719472,-70.9426782,182.80,0.04,0.54,12,1,19:42:13,00
990931,-16,24289,21.56,1,1,0.00,0.0,8335,37,-982,29,983,1,46.3719472,-70.9426782,182.80,0.04,0.54,12,1,19:42:13,00
991418,-4,24289,21.47,1,1,0.00,0.0,8335,33,-982,15,983,1,46.3719470,-70.9426785,182.80,0.04,0.54,12,1,19:42:14,00
991901,-6,24289,21.55,1,1,0.00,0.0,8335,30,-980,15,981,1,46.3719470,-70.9426785,182.80,0.04,0.54,12,1,19:42:14,00
992379,-8,24289,21.54,1,1,0.00,0.0,8335,36,-980,9,981,1,46.3719470,-70.9426790,182.90,0.02,0.54,12,1,19:42:15,00
992853,-7,24289,21.55,1,1,0.00,0.0,8335,27,-982,20,982,1,46.3719470,-70.9426790,182.90,0.02,0.54,12,1,19:42:15,00
993420,-6,24289,21.56,1,1,0.00,0.0,8335,32,-981,20,982,1,46.3719468,-70.9426795,182.90,0.02,0.54,12,1,19:42:16,00
993884,-9,24289,21.52,1,1,0.00,0.0,8335,33,-981,16,982,1,46.3719468,-70.9426795,182.90,0.02,0.54,12,1,19:42:16,00
994352,0,24289,21.52,1,1,0.00,0.0,8335,33,-982,24,983,1,46.3719467,-70.9426798,182.90,0.04,0.54,12,1,19:42:17,00
994822,-20,24289,21.50,1,1,0.00,0.0,8335,31,-982,5,983,1,46.3719467,-70.9426798,182.90,0.04,0.54,12,1,19:42:17,00
995290,-1,24289,21.55,1,1,0.00,0.0,8335,29,-982,14,982,1,46.3719465,-70.9426805,182.90,0.02,0.54,12,1,19:42:18,00
995757,-12,24289,21.52,1,1,0.00,0.0,8335,31,-981,17,981,1,46.3719465,-70.9426805,182.90,0.02,0.54,12,1,19:42:18,00
996221,-10,24289,21.56,1,1,0.00,0.0,8335,32,-980,13,981,1,46.3719463,-70.9426812,182.90,0.02,0.54,12,1,19:42:19,00
996701,-6,24289,21.51,1,1,0.00,0.0,8335,33,-980,17,981,1,46.3719463,-70.9426812,182.90,0.02,0.54,12,1,19:42:19,00
997159,-18,24289,21.48,1,1,0.00,0.0,8335,32,-980,12,980,1,46.3719457,-70.9426813,182.90,0.04,0.54,12,1,19:42:20,00
997628,-5,24289,21.50,1,1,0.00,0.0,8335,32,-981,18,982,1,46.3719457,-70.9426813,183.00,0.04,0.54,12,1,19:42:20,00
998098,-3,24289,21.51,1,1,0.00,0.0,8335,32,-980,13,981,1,46.3719457,-70.9426813,183.00,0.04,0.54,12,1,19:42:20,00
998572,-3,24289,21.51,1,1,0.00,0.0,8335,32,-979,16,980,1,46.3719455,-70.9426820,183.00,0.00,0.54,12,1,19:42:21,00
999040,-10,24289,21.52,1,1,0.00,0.0,8335,32,-979,15,980,1,46.3719455,-70.9426820,183.00,0.00,0.54,12,1,19:42:21,00
999505,-14,24289,21.55,1,1,0.00,0.0,8335,32,-981,15,982,1,46.3719453,-70.9426825,183.00,0.02,0.54,12,1,19:42:22,00
999983,-11,24289,21.47,1,1,0.00,0.0,8335,31,-981,17,981,1,46.3719453,-70.9426825,183.00,0.02,0.54,12,1,19:42:22,00
1000464,-12,24289,21.52,1,1,0.00,0.0,8335,32,-982,13,983,1,46.3719450,-70.9426832,183.00,0.02,0.54,12,1,19:42:23,00
1000950,-4,24289,21.56,1,1,0.00,0.0,8335,32,-982,21,983,1,46.3719450,-70.9426832,183.00,0.02,0.54,12,1,19:42:23,00
1001418,-9,24289,21.56,1,1,0.00,0.0,8335,31,-980,16,981,1,46.3719447,-70.9426835,183.00,0.00,0.54,12,1,19:42:24,00
1001890,-4,24289,21.54,1,1,0.00,0.0,8335,32,-980,18,980,1,46.3719447,-70.9426835,183.00,0.00,0.54,12,1,19:42:24,00
1002375,-8,24289,21.57,1,1,0.00,0.0,8335,32,-980,17,981,1,46.3719440,-70.9426833,183.00,0.00,0.54,12,1,19:42:25,00
1002858,-16,24289,21.51,1,1,0.00,0.0,8335,32,-981,17,981,1,46.3719440,-70.9426833,183.00,0.00,0.54,12,1,19:42:25,00
1003333,7,24289,21.50,1,1,0.00,0.0,8335,31,-981,19,982,1,46.3719433,-70.9426830,183.00,0.00,0.54,12,1,19:42:26,00
1003806,-7,24289,21.54,1,1,0.00,0.0,8335,31,-979,18,980,1,46.3719433,-70.9426830,183.00,0.00,0.54,12,1,19:42:26,00
1004275,18,24289,21.56,1,1,0.00,0.0,8335,32,-981,17,981,1,46.3719427,-70.9426830,182.90,0.02,0.54,12,1,19:42:27,00
1004749,-17,24289,21.51,1,1,0.00,0.0,8335,33,-980,13,980,1,46.3719427,-70.9426830,182.90,0.02,0.54,12,1,19:42:27,00
1005223,-8,24289,21.56,1,1,0.00,0.0,8335,31,-980,20,981,1,46.3719422,-70.9426828,182.90,0.00,0.54,12,1,19:42:28,00
1005697,-10,24289,21.50,1,1,0.00,0.0,8335,33,-979,15,980,1,46.3719422,-70.9426828,182.80,0.00,0.54,12,1,19:42:28,00
1006166,-10,24289,21.53,1,1,0.00,0.0,8335,33,-981,26,982,1,46.3719422,-70.9426828,182.80,0.00,0.54,12,1,19:42:28,00
1006645,-7,24289,21.52,1,1,0.00,0.0,8335,36,-980,18,981,1,46.3719418,-70.9426825,182.70,0.00,0.54,12,1,19:42:29,00
1007131,-17,24289,21.52,1,1,0.00,0.0,8335,29,-975,12,975,1,46.3719418,-70.9426825,182.70,0.00,0.54,12,1,19:42:29,00
1007599,-17,24289,21.50,1,1,0.00,0.0,8335,32,-979,6,980,1,46.3719417,-70.9426820,182.70,0.02,0.54,12,1,19:42:30,00
1008069,-11,24289,21.49,1,1,0.00,0.0,8335,32,-980,17,980,1,46.3719417,-70.9426820,182.70,0.02,0.54,12,1,19:42:30,00
1008619,-6,24289,21.45,1,1,0.00,0.0,8335,30,-976,14,977,1,46.3719417,-70.9426820,182.70,0.02,0.54,12,1,19:42:30,00
1009086,-15,24289,21.54,1,1,0.00,0.0,8335,32,-983,13,983,1,46.3719417,-70.9426820,182.70,0.02,0.54,12,1,19:42:30,00
1009552,-8,24289,21.56,1,1,0.00,0.0,8335,28,-979,13,979,1,46.3719412,-70.9426807,182.70,0.00,0.54,12,1,19:42:32,00
1010015,-11,24289,21.53,1,1,0.00,0.0,8335,26,-980,21,980,1,46.3719412,-70.9426807,182.70,0.00,0.54,12,1,19:42:32,00
1010478,-2,24289,21.50,1,1,0.00,0.0,8335,29,-981,20,981,1,46.3719407,-70.9426800,182.60,0.04,0.54,12,1,19:42:33,00
1010940,2,24289,21.52,1,1,0.00,0.0,8335,29,-978,13,979,1,46.3719407,-70.9426800,182.60,0.04,0.54,12,1,19:42:33,00
1011400,-2,24289,21.54,1,1,0.00,0.0,8335,38,-980,21,981,1,46.3719405,-70.9426795,182.60,0.02,0.54,12,1,19:42:34,00
1011869,-7,24289,21.50,1,1,0.00,0.0,8335,30,-982,21,982,1,46.3719405,-70.9426795,182.70,0.02,0.54,12,1,19:42:34,00
1012334,11,24289,21.48,1,1,0.00,0.0,8335,32,-980,15,981,1,46.3719403,-70.9426790,182.70,0.02,0.54,12,1,19:42:35,00
1012794,-2,24289,21.48,1,1,0.00,0.0,8335,31,-981,19,982,1,46.3719403,-70.9426790,182.70,0.02,0.54,12,1,19:42:35,00
1013256,-2,24289,21.49,1,1,0.00,0.0,8335,33,-980,18,981,1,46.3719403,-70.9426790,182.70,0.02,0.54,12,1,19:42:35,00
1013726,-11,24289,21.48,1,1,0.00,0.0,8335,31,-981,16,981,1,46.3719405,-70.9426783,182.60,0.02,0.54,12,1,19:42:36,00
1014193,-6,24289,21.54,1,1,0.00,0.0,8335,41,-980,6,981,1,46.3719405,-70.9426783,182.60,0.02,0.54,12,1,19:42:36,00
1014659,-5,24289,21.42,1,1,0.00,0.0,8335,28,-983,15,983,1,46.3719405,-70.9426778,182.60,0.00,0.54,12,1,19:42:37,00
1015122,-5,24289,21.48,1,1,0.00,0.0,8335,32,-980,23,980,1,46.3719405,-70.9426778,182.60,0.00,0.54,12,1,19:42:37,00
1015589,-2,24289,21.52,1,1,0.00,0.0,8335,33,-978,23,979,1,46.3719405,-70.9426773,182.50,0.02,0.54,12,1,19:42:38,00
1016072,-19,24289,21.48,1,1,0.00,0.0,8335,37,-982,0,983,1,46.3719405,-70.9426773,182.50,0.02,0.54,12,1,19:42:38,00
1016555,-9,24289,21.46,1,1,0.00,0.0,8335,30,-980,19,980,1,46.3719408,-70.9426768,182.40,0.04,0.54,12,1,19:42:39,00
1017031,-9,24289,21.50,1,1,0.00,0.0,8335,30,-985,19,985,1,46.3719408,-70.9426768,182.40,0.04,0.54,12,1,19:42:39,00
1017505,-15,24289,21.52,1,1,0.00,0.0,8335,35,-980,20,981,1,46.3719410,-70.9426762,182.30,0.04,0.54,12,1,19:42:40,00
1017970,-3,24289,21.47,1,1,0.00,0.0,8335,30,-981,20,982,1,46.3719410,-70.9426762,182.30,0.04,0.54,12,1,19:42:40,00
1018437,-6,24289,21.54,1,1,0.00,0.0,8335,26,-982,14,982,1,46.3719412,-70.9426757,182.20,0.02,0.54,12,1,19:42:41,00
1018921,-9,24289,21.49,1,1,0.00,0.0,8335,40,-987,5,988,1,46.3719412,-70.9426757,182.20,0.02,0.54,12,1,19:42:41,00
1019409,-11,24289,21.49,1,1,0.00,0.0,8335,33,-979,12,979,1,46.3719415,-70.9426748,182.00,0.02,0.54,12,1,19:42:42,00
1019890,-9,24289,21.47,1,1,0.00,0.0,8335,33,-982,13,982,1,46.3719415,-70.9426748,182.00,0.02,0.54,12,1,19:42:42,00
1020372,-9,24289,21.49,1,1,0.00,0.0,8335,35,-981,16,982,1,46.3719420,-70.9426737,181.80,0.04,0.54,12,1,19:42:43,00
1020847,-5,24289,21.47,1,1,0.00,0.0,8335,33,-982,18,983,1,46.3719420,-70.9426737,181.80,0.04,0.54,12,1,19:42:43,00
1021328,8,24289,21.47,1,1,0.00,0.0,8335,30,-982,19,983,1,46.3719423,-70.9426730,181.50,0.04,0.54,12,1,19:42:44,00
1021796,-12,24289,21.48,1,1,0.00,0.0,8335,36,-980,10,981,1,46.3719423,-70.9426730,181.50,0.04,0.54,12,1,19:42:44,00
1022278,5,24289,21.51,1,1,0.00,0.0,8335,32,-980,24,980,1,46.3719427,-70.9426722,181.40,0.09,0.55,12,1,19:42:45,00
1022768,-15,24289,21.44,1,1,0.00,0.0,8335,31,-982,27,983,1,46.3719427,-70.9426722,181.40,0.09,0.55,12,1,19:42:45,00
1023256,-9,24289,21.53,1,1,0.00,0.0,8335,31,-983,13,983,1,46.3719425,-70.9426717,181.20,0.06,0.55,12,1,19:42:46,00
1023815,-12,24289,21.47,1,1,0.00,0.0,8335,45,-979,15,981,1,46.3719425,-70.9426717,181.20,0.06,0.55,12,1,19:42:46,00
1024293,-1,24289,21.49,1,1,0.00,0.0,8335,33,-977,21,977,1,46.3719427,-70.9426713,181.20,0.13,0.55,12,1,19:42:47,00
1024754,-23,24289,21.45,1,1,0.00,0.0,8335,39,-982,37,984,1,46.3719427,-70.9426713,181.20,0.13,0.55,12,1,19:42:47,00
1025225,-9,24289,21.48,1,1,0.00,0.0,8335,33,-979,3,979,1,46.3719428,-70.9426715,181.20,0.02,0.55,12,1,19:42:48,00
1025685,-6,24289,21.46,1,1,0.00,0.0,8335,32,-981,11,981,1,46.3719428,-70.9426715,181.10,0.02,0.54,12,1,19:42:48,00
1026168,-15,24289,21.44,1,1,0.00,0.0,8335,35,-981,18,981,1,46.3719430,-70.9426718,181.10,0.06,0.54,12,1,19:42:49,00
1026632,-17,24289,21.46,1,1,0.00,0.0,8335,30,-980,23,981,1,46.3719430,-70.9426718,181.00,0.06,0.54,12,1,19:42:49,00
1027095,-10,24289,21.46,1,1,0.00,0.0,8335,33,-979,19,980,1,46.3719432,-70.9426725,181.00,0.13,0.54,12,1,19:42:50,00
1027558,-9,24289,21.44,1,1,0.00,0.0,8335,30,-983,20,983,1,46.3719432,-70.9426725,181.00,0.13,0.54,12,1,19:42:50,00
1028030,-14,24289,21.42,1,1,0.00,0.0,8335,33,-982,31,983,1,46.3719432,-70.9426725,181.00,0.13,0.54,12,1,19:42:50,00
1028505,-7,24289,21.43,1,1,0.00,0.0,8335,30,-977,8,977,1,46.3719432,-70.9426728,181.00,0.07,0.55,12,1,19:42:51,00
1028984,-8,24289,21.47,1,1,0.00,0.0,8335,33,-982,18,983,1,46.3719432,-70.9426728,181.00,0.07,0.55,12,1,19:42:51,00
1029449,5,24289,21.41,1,1,0.00,0.0,8335,30,-983,23,983,1,46.3719432,-70.9426733,180.90,0.07,0.54,12,1,19:42:52,00
1029917,-6,24289,21.47,1,1,0.00,0.0,8335,32,-980,14,981,1,46.3719432,-70.9426733,180.90,0.07,0.54,12,1,19:42:52,00
1030394,-11,24289,21.45,1,1,0.00,0.0,8335,32,-980,17,980,1,46.3719435,-70.9426737,180.90,0.07,0.55,12,1,19:42:53,00
1030880,-2,24289,21.46,1,1,0.00,0.0,8335,32,-979,21,980,1,46.3719435,-70.9426737,180.90,0.07,0.55,12,1,19:42:53,00
1031364,12,24289,21.48,1,1,0.00,0.0,8335,36,-977,10,978,1,46.3719438,-70.9426738,180.80,0.07,0.55,12,1,19:42:54,00
1031831,-14,24289,21.52,1,1,0.00,0.0,8335,32,-980,20,981,1,46.3719438,-70.9426738,180.80,0.07,0.55,12,1,19:42:54,00
1032298,4,24289,21.46,1,1,0.00,0.0,8335,35,-981,20,982,1,46.3719442,-70.9426742,180.70,0.07,0.56,12,1,19:42:55,00
1032766,-19,24289,21.49,1,1,0.00,0.0,8335,30,-979,20,980,1,46.3719442,-70.9426742,180.70,0.07,0.56,12,1,19:42:55,00
1033239,0,24289,21.52,1,1,0.00,0.0,8335,31,-981,19,982,1,46.3719445,-70.9426743,180.70,0.02,0.56,12,1,19:42:56,00
1033714,-7,24289,21.47,1,1,0.00,0.0,8335,34,-980,7,981,1,46.3719445,-70.9426743,180.70,0.02,0.56,12,1,19:42:56,00
1034185,-6,24289,21.52,1,1,0.00,0.0,8335,34,-983,14,984,1,46.3719452,-70.9426747,180.60,0.02,0.56,12,1,19:42:57,00
1034655,-2,24289,21.47,1,1,0.00,0.0,8335,23,-981,14,981,1,46.3719452,-70.9426747,180.60,0.02,0.56,12,1,19:42:57,00
1035127,-3,24289,21.45,1,1,0.00,0.0,8335,27,-980,20,981,1,46.3719453,-70.9426748,180.60,0.04,0.56,12,1,19:42:58,00
1035605,-4,24289,21.47,1,1,0.00,0.0,8335,36,-980,13,981,1,46.3719453,-70.9426748,180.60,0.04,0.56,12,1,19:42:58,00
1036086,-10,24289,21.51,1,1,0.00,0.0,8335,26,-982,19,982,1,46.3719453,-70.9426748,180.60,0.04,0.56,12,1,19:42:58,00
1036576,-7,24289,21.47,1,1,0.00,0.0,8335,31,-982,12,982,1,46.3719457,-70.9426750,180.50,0.02,0.55,12,1,19:42:59,00
1037054,-14,24289,21.43,1,1,0.00,0.0,8335,29,-981,17,981,1,46.3719457,-70.9426750,180.50,0.02,0.55,12,1,19:42:59,00
1037525,-5,24289,21.46,1,1,0.00,0.0,8335,34,-980,16,981,1,46.3719463,-70.9426752,180.50,0.04,0.55,12,1,19:43:00,00
1038016,-13,24289,21.43,1,1,0.00,0.0,8335,28,-979,20,980,1,46.3719463,-70.9426752,180.50,0.04,0.55,12,1,19:43:00,00
1038506,-6,24289,21.48,1,1,0.00,0.0,8335,29,-979,19,980,1,46.3719463,-70.9426752,180.50,0.04,0.55,12,1,19:43:00,00
1039055,-10,24289,21.45,1,1,0.00,0.0,8335,34,-982,11,983,1,46.3719463,-70.9426752,180.50,0.04,0.55,12,1,19:43:00,00
1039516,-3,24289,21.50,1,1,0.00,0.0,8335,38,-980,16,981,1,46.3719482,-70.9426755,180.40,0.04,0.55,12,1,19:43:02,00
1039979,0,24289,21.38,1,1,0.00,0.0,8335,31,-979,23,980,1,46.3719482,-70.9426755,180.40,0.04,0.55,12,1,19:43:02,00
1040455,-6,24289,21.43,1,1,0.00,0.0,8335,31,-983,20,984,1,46.3719490,-70.9426758,180.40,0.04,0.55,12,1,19:43:03,00
1040922,-8,24289,21.47,1,1,0.00,0.0,8335,31,-981,23,982,1,46.3719490,-70.9426758,180.40,0.04,0.55,12,1,19:43:03,00
1041387,-14,24289,21.45,1,1,0.00,0.0,8335,27,-981,16,981,1,46.3719493,-70.9426760,180.40,0.04,0.55,12,1,19:43:04,00
1041854,-2,24289,21.52,1,1,0.00,0.0,8335,27,-987,20,988,1,46.3719493,-70.9426760,180.40,0.04,0.55,12,1,19:43:04,00
1042327,2,24289,21.46,1,1,0.00,0.0,8335,25,-977,9,977,1,46.3719498,-70.9426760,180.30,0.02,0.56,12,1,19:43:05,00
1042794,-12,24289,21.46,1,1,0.00,0.0,8335,33,-979,26,980,1,46.3719498,-70.9426760,180.30,0.02,0.56,12,1,19:43:05,00
1043268,-3,24289,21.45,1,1,0.00,0.0,8335,32,-979,11,980,1,46.3719500,-70.9426760,180.30,0.02,0.56,12,1,19:43:06,00
1043741,-14,24289,21.43,1,1,0.00,0.0,8335,30,-980,25,981,1,46.3719500,-70.9426760,180.30,0.02,0.56,12,1,19:43:06,00
1044214,-11,24289,21.47,1,1,0.00,0.0,8335,21,-978,-2,978,1,46.3719505,-70.9426762,180.30,0.04,0.56,12,1,19:43:07,00
1044685,-18,24289,21.37,1,1,0.00,0.0,8335,26,-982,11,982,1,46.3719505,-70.9426762,180.40,0.04,0.55,12,1,19:43:07,00
1045160,-18,24289,21.44,1,1,0.00,0.0,8335,38,-982,11,982,1,46.3719508,-70.9426762,180.40,0.00,0.55,12,1,19:43:08,00
1045629,-2,24289,21.44,1,1,0.00,0.0,8335,40,-981,5,981,1,46.3719508,-70.9426762,180.40,0.00,0.55,12,1,19:43:08,00
1046100,-16,24289,21.42,1,1,0.00,0.0,8335,31,-984,-6,985,1,46.3719508,-70.9426762,180.40,0.00,0.55,12,1,19:43:08,00
1046579,-15,24289,21.47,1,1,0.00,0.0,8335,32,-985,17,986,1,46.3719512,-70.9426760,180.50,0.00,0.55,12,1,19:43:09,00
1047045,-13,24289,21.42,1,1,0.00,0.0,8335,31,-980,15,980,1,46.3719512,-70.9426760,180.50,0.00,0.55,12,1,19:43:09,00
1047517,-8,24289,21.46,1,1,0.00,0.0,8335,34,-978,25,979,1,46.3719512,-70.9426760,180.50,0.02,0.55,12,1,19:43:10,00
1047988,2,24289,21.44,1,1,0.00,0.0,8335,29,-979,9,980,1,46.3719512,-70.9426760,180.50,0.02,0.55,12,1,19:43:10,00
1048466,-6,24289,21.45,1,1,0.00,0.0,8335,33,-978,19,979,1,46.3719508,-70.9426762,180.60,0.02,0.54,12,1,19:43:11,00
1048939,-13,24289,21.42,1,1,0.00,0.0,8335,30,-979,19,980,1,46.3719508,-70.9426762,180.60,0.02,0.54,12,1,19:43:11,00
1049417,-5,24289,21.53,1,1,0.00,0.0,8335,33,-977,16,978,1,46.3719507,-70.9426762,180.60,0.02,0.54,12,1,19:43:12,00
1049892,-13,24289,21.44,1,1,0.00,0.0,8335,32,-981,5,981,1,46.3719507,-70.9426762,180.60,0.02,0.54,12,1,19:43:12,00
1050373,-6,24289,21.41,1,1,0.00,0.0,8335,37,-990,25,991,1,46.3719503,-70.9426765,180.70,0.02,0.54,12,1,19:43:13,00
1050845,-8,24289,21.44,1,1,0.00,0.0,8335,35,-979,16,980,1,46.3719503,-70.9426765,180.70,0.02,0.54,12,1,19:43:13,00
1051328,22,24289,21.46,1,1,0.00,0.0,8335,34,-982,6,983,1,46.3719502,-70.9426763,180.70,0.04,0.54,12,1,19:43:14,00
1051815,-4,24289,21.45,1,1,0.00,0.0,8335,37,-981,29,982,1,46.3719502,-70.9426763,180.70,0.04,0.54,12,1,19:43:14,00
1052298,20,24289,21.47,1,1,0.00,0.0,8335,31,-977,9,977,1,46.3719502,-70.9426762,180.70,0.04,0.55,12,1,19:43:15,00
1052767,-1,24289,21.46,1,1,0.00,0.0,8335,24,-981,23,981,1,46.3719502,-70.9426762,180.70,0.04,0.55,12,1,19:43:15,00
1053250,-8,24289,21.45,1,1,0.00,0.0,8335,39,-975,21,976,1,46.3719485,-70.9426767,180.90,0.02,0.54,12,1,19:43:16,00
1053733,-6,24289,21.41,1,1,0.00,0.0,8335,31,-987,-13,987,1,46.3719485,-70.9426767,180.90,0.02,0.54,12,1,19:43:16,00
1054289,8,24289,21.47,1,1,0.00,0.0,8335,34,-974,16,975,1,46.3719483,-70.9426762,180.90,0.02,0.54,12,1,19:43:17,00
1054753,-6,24289,21.47,1,1,0.00,0.0,8335,29,-980,39,981,1,46.3719483,-70.9426762,180.90,0.02,0.54,12,1,19:43:17,00
1055221,15,24289,21.47,1,1,0.00,0.0,8335,27,-975,17,976,1,46.3719480,-70.9426757,180.90,0.02,0.54,12,1,19:43:18,00
1055683,1,24289,21.47,1,1,0.00,0.0,8335,32,-979,3,980,1,46.3719480,-70.9426757,180.90,0.02,0.54,12,1,19:43:18,00
1056150,1,24289,21.45,1,1,0.00,0.0,8335,26,-983,24,984,1,46.3719480,-70.9426757,180.90,0.02,0.54,12,1,19:43:18,00
1056622,2,24289,21.44,1,1,0.00,0.0,8335,31,-978,10,979,1,46.3719480,-70.9426757,180.90,0.02,0.54,12,1,19:43:18,00
1057092,4,24289,21.48,1,1,0.00,0.0,8335,34,-979,13,980,1,46.3719480,-70.9426757,180.90,0.02,0.54,12,1,19:43:18,00
1057560,17,24289,21.45,1,1,0.00,0.0,8335,34,-978,20,978,1,46.3719480,-70.9426747,180.90,0.04,0.54,12,1,19:43:20,00
1058024,7,24289,21.50,1,1,0.00,0.0,8335,27,-983,15,983,1,46.3719480,-70.9426747,180.90,0.04,0.54,12,1,19:43:20,00
1058504,5,24289,21.45,1,1,0.00,0.0,8335,30,-980,15,981,1,46.3719478,-70.9426735,180.90,0.04,0.55,12,1,19:43:21,00
1058972,4,24289,21.47,1,1,0.00,0.0,8335,34,-978,32,979,1,46.3719478,-70.9426735,180.90,0.04,0.55,12,1,19:43:21,00
1059454,6,24289,21.50,1,1,0.00,0.0,8335,31,-976,9,977,1,46.3719480,-70.9426732,180.90,0.00,0.54,12,1,19:43:22,00
1059925,5,24289,21.42,1,1,0.00,0.0,8335,31,-980,15,981,1,46.3719480,-70.9426732,180.90,0.00,0.54,12,1,19:43:22,00
1060392,4,24289,21.47,1,1,0.00,0.0,8335,29,-980,20,981,1,46.3719483,-70.9426728,180.90,0.06,0.54,12,1,19:43:23,00
1060860,5,24289,21.41,1,1,0.00,0.0,8335,31,-978,15,979,1,46.3719483,-70.9426728,180.90,0.06,0.54,12,1,19:43:23,00
1061341,17,24289,21.46,1,1,0.00,0.0,8335,31,-981,26,982,1,46.3719480,-70.9426728,180.90,0.02,0.54,12,1,19:43:24,00
1061818,5,24289,21.51,1,1,0.00,0.0,8335,34,-981,-3,981,1,46.3719480,-70.9426728,180.90,0.02,0.54,12,1,19:43:24,00
1062295,-5,24289,21.43,1,1,0.00,0.0,8335,34,-968,18,969,1,46.3719468,-70.9426740,180.90,0.04,0.54,12,1,19:43:25,00
1062770,-7,24289,21.40,1,1,0.00,0.0,8335,36,-977,19,978,1,46.3719468,-70.9426740,180.90,0.04,0.54,12,1,19:43:25,00
1063248,-4,24289,21.45,1,1,0.00,0.0,8335,34,-978,14,979,1,46.3719468,-70.9426740,180.90,0.04,0.54,12,1,19:43:25,00
1063720,-8,24289,21.39,1,1,0.00,0.0,8335,29,-976,23,977,1,46.3719468,-70.9426740,181.10,0.04,0.54,12,1,19:43:26,00
1064201,-9,24289,21.53,1,1,0.00,0.0,8335,25,-987,44,988,1,46.3719468,-70.9426740,181.10,0.04,0.54,12,1,19:43:26,00
1064669,8,24289,21.45,1,1,0.00,0.0,8335,40,-983,30,984,1,46.3719468,-70.9426737,181.10,0.04,0.54,12,1,19:43:27,00
1065137,-7,24289,21.34,1,1,0.00,0.0,8335,34,-982,18,983,1,46.3719468,-70.9426737,181.10,0.04,0.54,12,1,19:43:27,00
1065611,-5,24289,21.42,1,1,0.00,0.0,8335,29,-1000,29,1001,1,46.3719470,-70.9426737,181.00,0.04,0.54,12,1,19:43:28,00
1066090,-16,24289,21.40,1,1,0.00,0.0,8335,22,-972,16,973,1,46.3719470,-70.9426737,181.00,0.04,0.54,12,1,19:43:28,00
1066569,-1,24289,21.38,1,1,0.00,0.0,8335,28,-992,2,992,1,46.3719463,-70.9426745,181.20,0.00,0.54,12,1,19:43:29,00
1067042,-12,24289,21.43,1,1,0.00,0.0,8335,32,-981,26,982,1,46.3719463,-70.9426745,181.20,0.00,0.54,12,1,19:43:29,00
1067516,-4,24289,21.40,1,1,0.00,0.0,8335,27,-981,22,982,1,46.3719462,-70.9426748,181.20,0.00,0.54,12,1,19:43:30,00
1067989,-12,24289,21.38,1,1,0.00,0.0,8335,40,-976,26,977,1,46.3719462,-70.9426748,181.20,0.00,0.54,12,1,19:43:30,00
1068461,-9,24289,21.40,1,1,0.00,0.0,8335,31,-978,35,979,1,46.3719463,-70.9426755,181.20,0.07,0.54,12,1,19:43:31,00
1068942,-17,24289,21.42,1,1,0.00,0.0,8335,40,-973,-31,975,1,46.3719463,-70.9426755,181.20,0.07,0.54,12,1,19:43:31,00
1069484,-9,24289,21.44,1,1,0.00,0.0,8335,31,-980,7,980,1,46.3719460,-70.9426762,181.20,0.00,0.54,12,1,19:43:32,00
1069947,-13,24289,21.39,1,1,0.00,0.0,8335,29,-982,24,982,1,46.3719460,-70.9426762,181.20,0.00,0.54,12,1,19:43:32,00
1070413,-17,24289,21.40,1,1,0.00,0.0,8335,43,-979,20,980,1,46.3719462,-70.9426767,181.20,0.07,0.54,12,1,19:43:33,00
1070877,-3,24289,21.42,1,1,0.00,0.0,8335,41,-978,10,978,1,46.3719462,-70.9426767,181.20,0.07,0.54,12,1,19:43:33,00
1071348,8,24289,21.46,1,1,0.00,0.0,8335,36,-982,24,983,1,46.3719462,-70.9426765,181.20,0.19,0.55,12,1,19:43:34,00
1071813,-10,24289,21.41,1,1,0.00,0.0,8335,35,-973,36,975,1,46.3719462,-70.9426765,181.20,0.19,0.55,12,1,19:43:34,00
1072282,22,24289,21.48,1,1,0.00,0.0,8336,39,-975,18,976,1,46.3719463,-70.9426773,181.20,0.15,0.54,12,1,19:43:35,00
1072751,-11,24289,21.37,1,1,0.63,6.5,8337,36,-976,18,977,1,46.3719463,-70.9426773,181.20,0.15,0.54,12,1,19:43:35,00
1073226,-10,24289,21.44,1,1,0.79,8.2,8338,1,-977,15,977,1,46.3719467,-70.9426785,181.20,0.07,0.54,12,1,19:43:36,00
1073704,-3,24289,21.40,1,1,0.79,8.2,8338,15,-981,18,981,1,46.3719467,-70.9426785,181.20,0.07,0.54,12,1,19:43:36,00
1074181,531,24289,21.73,1,1,0.79,8.2,8338,24,-982,15,983,1,46.3719463,-70.9426792,181.20,0.02,0.54,12,1,19:43:37,00
1074661,5,24289,21.33,1,1,0.79,8.2,8338,46,-975,18,977,1,46.3719463,-70.9426792,181.20,0.02,0.54,12,1,19:43:37,00
1075133,14,24289,21.37,1,1,0.31,3.2,8339,37,-981,20,982,1,46.3719460,-70.9426792,181.20,0.00,0.54,12,1,19:43:38,00
1075605,0,24289,21.45,1,1,0.31,3.2,8339,36,-977,22,978,1,46.3719460,-70.9426792,181.40,0.00,0.54,12,1,19:43:38,00
1076078,-7,24289,21.42,1,1,0.31,3.2,8339,31,-983,13,983,1,46.3719460,-70.9426792,181.40,0.00,0.54,12,1,19:43:38,00
1076554,-2,24289,21.40,1,1,0.31,3.2,8339,33,-982,14,982,1,46.3719460,-70.9426793,181.40,0.00,0.54,12,1,19:43:39,00
1077030,750,24289,21.73,1,1,0.00,0.0,8339,18,-981,13,981,1,46.3719460,-70.9426793,181.40,0.00,0.54,12,1,19:43:39,00
1077506,4911,24289,23.09,1,1,0.00,0.0,8339,14,-983,24,983,1,46.3719460,-70.9426793,181.40,0.00,0.54,12,1,19:43:39,00
1077976,11705,24289,24.13,1,1,0.00,0.0,8339,-5,-988,31,989,1,46.3719460,-70.9426793,181.40,0.00,0.54,12,1,19:43:39,00
1078461,19377,24289,24.95,1,1,1.28,13.4,8341,-39,-972,6,973,1,46.3719453,-70.9426790,181.40,0.20,0.54,12,1,19:43:41,00
1078935,19337,24289,25.26,1,1,3.65,38.2,8345,-16,-997,41,998,1,46.3719453,-70.9426790,181.40,0.20,0.54,12,1,19:43:41,00
1079413,19377,24289,25.11,1,1,9.47,98.9,8354,-32,-980,33,981,1,46.3719448,-70.9426780,181.40,0.20,0.54,12,1,19:43:42,00
1079890,19377,24289,24.85,1,1,2.23,23.3,8356,-29,-944,46,946,1,46.3719448,-70.9426780,181.40,0.20,0.54,12,1,19:43:42,00
1080369,19275,24289,25.08,1,1,2.17,22.7,8358,-22,-954,59,956,1,46.3719442,-70.9426778,181.30,0.70,0.54,12,1,19:43:43,00
1080856,16373,24289,24.62,1,1,13.08,136.6,8374,-7,-971,-35,972,1,46.3719442,-70.9426778,181.30,0.70,0.54,12,1,19:43:43,00
1081340,19263,24289,25.21,1,1,8.36,87.3,8382,-22,-992,51,994,1,46.3719438,-70.9426775,181.30,0.04,0.54,12,1,19:43:44,00
1081819,14356,24289,24.14,1,1,11.07,115.6,8394,7,-1002,10,1002,1,46.3719438,-70.9426775,181.30,0.04,0.54,12,1,19:43:44,00
1082294,17525,24289,24.87,1,1,9.39,98.0,8403,9,-951,51,952,1,46.3719440,-70.9426773,181.30,0.06,0.54,12,1,19:43:45,00
1082776,19098,24289,25.04,1,1,6.57,68.6,8409,-14,-1021,-25,1021,1,46.3719440,-70.9426773,181.30,0.06,0.54,12,1,19:43:45,00
1083264,19090,24289,25.28,1,1,2.70,28.2,8412,23,-948,45,949,1,46.3719435,-70.9426770,181.30,0.11,0.54,12,1,19:43:46,00
1083740,18617,24289,25.00,1,1,6.87,71.7,8419,23,-876,79,880,1,46.3719435,-70.9426770,181.30,0.11,0.54,12,1,19:43:46,00
1084219,14228,24289,24.65,1,1,3.16,33.0,8422,13,-1010,-11,1010,1,46.3719432,-70.9426765,181.30,0.06,0.54,12,1,19:43:47,00
1084767,8776,24289,23.40,1,1,1.90,19.8,8424,27,-921,23,921,1,46.3719432,-70.9426765,181.30,0.06,0.54,12,1,19:43:47,00
1085232,4167,24289,22.47,1,1,6.68,69.7,8431,30,-1012,-20,1013,1,46.3719442,-70.9426763,181.30,0.54,0.54,12,1,19:43:48,00
1085709,2534,24289,22.18,1,1,5.86,61.2,8437,39,-962,34,963,1,46.3719442,-70.9426763,181.30,0.54,0.54,12,1,19:43:48,00
1086178,862,24289,21.63,1,1,3.92,41.0,8441,23,-957,97,962,1,46.3719482,-70.9426750,181.30,2.20,0.54,12,1,19:43:49,00
1086647,1044,24289,21.74,1,1,12.25,127.9,8453,32,-946,-16,947,1,46.3719482,-70.9426750,181.30,2.20,0.54,12,1,19:43:49,00
1087121,2289,24289,22.51,1,1,10.34,108.0,8463,48,-1020,29,1022,1,46.3719482,-70.9426750,181.30,2.20,0.54,12,1,19:43:49,00
1087593,8400,24289,23.40,1,1,7.19,75.1,8470,32,-961,38,962,1,46.3719482,-70.9426750,181.30,2.20,0.54,12,1,19:43:49,00
1088066,15468,24289,24.95,1,1,8.47,88.5,8478,3,-989,-130,998,1,46.3719482,-70.9426750,181.30,2.20,0.54,12,1,19:43:49,00
1088545,18572,24289,25.36,1,1,10.38,108.4,8487,-6,-957,75,960,1,46.3719482,-70.9426750,181.30,2.20,0.54,12,1,19:43:49,00
1089011,17808,24289,24.94,1,1,6.38,66.6,8493,12,-912,-10,912,1,46.3719482,-70.9426750,181.30,2.20,0.54,12,1,19:43:49,00
1089486,17206,24289,24.99,1,1,3.09,32.3,8496,46,-1051,59,1054,1,46.3719830,-70.9426678,181.50,2.20,0.54,12,1,19:43:52,00
1089965,16981,24289,25.37,1,1,2.58,27.0,8499,39,-1042,146,1053,1,46.3719830,-70.9426678,181.50,2.20,0.54,12,1,19:43:52,00
1090440,15995,24289,25.31,1,1,5.38,56.2,8500,-9,-1115,35,1115,1,46.3720007,-70.9426637,181.60,7.48,0.54,12,1,19:43:53,00
1090913,-256,24289,21.86,1,1,5.38,56.2,8500,18,-1027,47,1028,1,46.3720007,-70.9426637,181.60,7.48,0.54,12,1,19:43:53,00
1091402,-242,24289,21.80,1,1,1.39,14.5,8504,61,-992,129,1003,1,46.3720212,-70.9426587,181.60,8.57,0.54,12,1,19:43:54,00
1091876,-236,24289,21.84,1,1,15.20,158.7,8510,34,-997,68,1000,1,46.3720212,-70.9426587,181.60,8.57,0.54,12,1,19:43:54,00
1092351,-198,24289,21.84,1,1,1.90,19.8,8513,78,-960,96,968,1,46.3720438,-70.9426528,181.70,9.24,0.54,12,1,19:43:55,00
1092839,-197,24289,21.84,1,1,3.91,40.8,8517,68,-892,112,902,1,46.3720438,-70.9426528,181.70,9.24,0.54,12,1,19:43:55,00
1093318,-166,24289,21.86,1,1,4.81,50.2,8522,39,-1034,45,1035,1,46.3720667,-70.9426458,181.70,9.15,0.54,12,1,19:43:56,00
1093793,-154,24289,21.88,1,1,4.02,42.0,8526,56,-881,91,887,1,46.3720667,-70.9426458,181.70,9.15,0.54,12,1,19:43:56,00
1094273,-144,24289,21.94,1,1,11.73,122.5,8531,66,-892,124,903,1,46.3720883,-70.9426370,181.70,8.80,0.54,12,1,19:43:57,00
1094748,-131,24289,21.85,1,1,1.33,13.9,8533,52,-1083,190,1100,1,46.3720883,-70.9426370,181.70,8.80,0.54,12,1,19:43:57,00
1095235,-123,24289,21.95,1,1,11.03,115.2,8538,87,-862,116,874,1,46.3721100,-70.9426255,181.70,9.35,0.54,12,1,19:43:58,00
1095715,-119,24289,21.93,1,1,1.85,19.3,8541,47,-959,53,961,1,46.3721100,-70.9426255,181.70,9.35,0.54,12,1,19:43:58,00
1096189,-126,24289,21.98,1,1,6.87,71.8,8547,22,-1032,-32,1033,1,46.3721100,-70.9426255,181.70,9.35,0.54,12,1,19:43:58,00
1096662,-26,24289,22.13,1,1,1.89,19.7,8549,15,-1015,148,1025,1,46.3721335,-70.9426097,181.90,10.74,0.54,12,1,19:43:59,00
1097137,-10,24289,22.22,1,1,1.89,19.7,8549,40,-1027,65,1030,1,46.3721335,-70.9426097,181.90,10.74,0.54,12,1,19:43:59,00
1097620,-27,24289,21.99,1,1,0.86,9.0,8550,39,-911,-2,912,1,46.3721583,-70.9425877,181.90,11.96,0.54,12,1,19:44:00,00
1098106,-18,24289,21.91,1,1,0.86,9.0,8550,75,-948,-5,951,1,46.3721583,-70.9425877,181.90,11.96,0.54,12,1,19:44:00,00
1098584,-98,24289,22.06,1,1,1.33,13.9,8553,57,-1002,21,1004,1,46.3721583,-70.9425877,181.90,11.96,0.54,12,1,19:44:00,00
1099063,-89,24289,22.04,1,1,2.51,26.2,8557,65,-953,-26,956,1,46.3721583,-70.9425877,181.90,11.96,0.54,12,1,19:44:00,00
1099543,113,24289,22.01,1,1,7.65,79.9,8564,45,-926,-101,932,1,46.3722000,-70.9425240,182.10,12.02,0.54,12,1,19:44:02,00
1100087,2332,24289,22.89,1,1,1.71,17.9,8566,55,-876,47,879,1,46.3722000,-70.9425240,182.10,12.02,0.54,12,1,19:44:02,00
1100552,9433,24289,24.55,1,1,1.88,19.7,8568,37,-832,21,833,1,46.3722137,-70.9424862,182.20,11.74,0.54,12,1,19:44:03,00
1101016,8180,24289,24.67,1,1,2.16,22.5,8570,-25,-975,-231,1002,1,46.3722137,-70.9424862,182.20,11.74,0.54,12,1,19:44:03,00
1101485,2103,24289,23.70,1,1,5.63,58.8,8576,48,-980,-96,986,1,46.3722217,-70.9424457,182.20,11.61,0.54,12,1,19:44:04,00
1101955,1653,24289,22.32,1,1,13.56,141.6,8589,60,-949,86,955,1,46.3722217,-70.9424457,182.20,11.61,0.54,12,1,19:44:04,00
1102436,1051,24289,23.00,1,1,4.75,49.6,8593,58,-1009,13,1010,1,46.3722237,-70.9424033,182.20,11.82,0.54,12,1,19:44:05,00
1102900,1129,24289,22.31,1,1,6.10,63.8,8600,25,-1010,105,1015,1,46.3722237,-70.9424033,182.20,11.82,0.54,12,1,19:44:05,00
1103368,3578,24289,23.12,1,1,17.52,182.9,8603,20,-938,105,944,1,46.3722200,-70.9423607,182.20,11.96,0.54,12,1,19:44:06,00
1103839,10377,24289,25.10,1,1,6.79,70.9,8615,18,-923,132,933,1,46.3722200,-70.9423607,182.20,11.96,0.54,12,1,19:44:06,00
1104303,17647,24289,25.73,1,1,8.61,89.9,8623,9,-900,102,906,1,46.3722128,-70.9423180,182.20,12.26,0.54,12,1,19:44:07,00
1104771,18129,24289,25.41,1,1,9.09,94.9,8632,9,-962,108,968,1,46.3722128,-70.9423180,182.20,12.26,0.54,12,1,19:44:07,00
1105238,17246,24289,26.07,1,1,9.93,103.7,8642,7,-1048,88,1051,1,46.3722037,-70.9422750,182.20,12.52,0.54,12,1,19:44:08,00
1105706,17062,24289,25.83,1,1,1.37,14.3,8643,0,-972,99,977,1,46.3722037,-70.9422750,182.20,12.52,0.54,12,1,19:44:08,00
1106179,16921,24289,25.90,1,1,1.66,17.4,8645,21,-983,174,999,1,46.3722037,-70.9422750,182.20,12.52,0.54,12,1,19:44:08,00
1106661,16616,24289,26.16,1,1,14.96,156.3,8646,-46,-998,101,1004,1,46.3722037,-70.9422750,182.20,12.52,0.54,12,1,19:44:08,00
1107147,16213,24289,25.87,1,1,1.73,18.1,8648,28,-944,131,954,1,46.3722037,-70.9422750,182.20,12.52,0.54,12,1,19:44:08,00
1107623,16124,24289,26.06,1,1,0.93,9.7,8649,-34,-1000,75,1004,1,46.3721885,-70.9421853,182.30,12.93,0.54,12,1,19:44:10,00
1108094,15550,24289,25.84,1,1,0.60,6.3,8650,-5,-969,96,974,1,46.3721885,-70.9421853,182.30,12.93,0.54,12,1,19:44:10,00
1108572,15447,24289,25.68,1,1,0.60,6.3,8650,-4,-1017,75,1020,1,46.3721848,-70.9421380,182.40,12.93,0.54,12,1,19:44:11,00
1109048,15096,24289,26.36,1,1,1.99,20.8,8654,-7,-923,114,930,1,46.3721848,-70.9421380,182.40,12.93,0.54,12,1,19:44:11,00
1109524,14746,24289,26.21,1,1,3.33,34.8,8657,25,-1028,74,1031,1,46.3721868,-70.9420918,182.50,12.67,0.54,12,1,19:44:12,00
1109998,14811,24289,25.80,1,1,9.68,101.1,8668,1,-900,182,918,1,46.3721868,-70.9420918,182.50,12.67,0.54,12,1,19:44:12,00
1110472,14128,24289,26.40,1,1,6.83,71.3,8675,27,-890,91,895,1,46.3721947,-70.9420503,182.60,11.67,0.54,12,1,19:44:13,00
1110942,13901,24289,25.96,1,1,8.46,88.3,8683,-3,-976,213,999,1,46.3721947,-70.9420503,182.60,11.67,0.54,12,1,19:44:13,00
1111411,13641,24289,25.88,1,1,13.27,138.6,8696,-9,-1017,79,1021,1,46.3722063,-70.9420128,182.60,11.32,0.54,12,1,19:44:14,00
1111893,13638,24289,25.86,1,1,13.94,145.5,8710,34,-919,138,930,1,46.3722063,-70.9420128,182.60,11.32,0.54,12,1,19:44:14,00
1112366,13192,24289,26.48,1,1,15.28,159.6,8725,-1,-938,169,953,1,46.3722215,-70.9419768,182.60,11.89,0.54,12,1,19:44:15,00
1112840,13393,24289,26.36,1,1,14.72,153.7,8740,-23,-1009,131,1018,1,46.3722215,-70.9419768,182.60,11.89,0.54,12,1,19:44:15,00
1113314,12396,24289,25.75,1,1,14.08,147.1,8754,11,-935,202,957,1,46.3722215,-70.9419768,182.60,11.89,0.54,12,1,19:44:15,00
1113796,12386,24289,25.42,1,1,14.26,148.9,8768,4,-916,107,922,1,46.3722215,-70.9419768,182.60,11.89,0.54,12,1,19:44:15,00
1114284,12284,24289,25.56,1,1,15.08,157.5,8784,4,-1066,156,1077,1,46.3722215,-70.9419768,182.60,11.89,0.54,12,1,19:44:15,00
1114760,11672,24289,25.59,1,1,14.67,153.2,8798,43,-834,47,836,1,46.3722618,-70.9419043,182.60,13.65,0.54,12,1,19:44:17,00
1115309,11593,24289,25.28,1,1,13.70,143.1,8814,34,-881,63,884,1,46.3722873,-70.9418685,182.60,14.50,0.54,12,1,19:44:18,00
1115773,11376,24289,25.65,1,1,15.48,161.6,8829,-2,-944,189,963,1,46.3722873,-70.9418685,182.70,14.50,0.54,12,1,19:44:18,00
1116232,10898,24289,25.89,1,1,15.68,163.8,8844,64,-954,124,964,1,46.3722873,-70.9418685,182.70,14.50,0.54,12,1,19:44:18,00
1116698,10751,24289,25.60,1,1,16.16,168.8,8860,7,-870,59,872,1,46.3723178,-70.9418360,182.70,15.48,0.54,12,1,19:44:19,00
1117166,10315,24289,26.69,1,1,16.03,167.4,8875,-29,-1075,135,1084,1,46.3723178,-70.9418360,182.70,15.48,0.54,12,1,19:44:19,00
1117630,10739,24289,25.65,1,1,16.82,175.6,8892,66,-1090,-123,1099,1,46.3723533,-70.9418077,182.70,16.48,0.54,12,1,19:44:20,00
1118098,10627,24289,25.41,1,1,16.69,174.3,8908,24,-860,119,868,1,46.3723533,-70.9418077,182.70,16.48,0.54,12,1,19:44:20,00
1118561,10127,24289,25.17,1,1,16.80,175.4,8924,-70,-1145,21,1147,1,46.3723935,-70.9417862,182.70,17.45,0.54,12,1,19:44:21,00
1119030,9209,24289,26.72,1,1,17.32,180.9,8941,27,-934,156,947,1,46.3723935,-70.9417862,182.70,17.45,0.54,12,1,19:44:21,00
1119498,9502,24289,25.88,1,1,17.47,182.4,8958,30,-962,-38,964,1,46.3724380,-70.9417730,182.60,18.37,0.54,12,1,19:44:22,00
1119966,8404,24289,26.71,1,1,16.89,176.3,8975,30,-1102,-21,1103,1,46.3724380,-70.9417730,182.60,18.37,0.54,12,1,19:44:22,00
1120432,8733,24289,25.37,1,1,17.85,186.4,8992,4,-1095,-20,1095,1,46.3724852,-70.9417693,182.70,19.06,0.54,12,1,19:44:23,00
1120909,8677,24289,24.89,1,1,17.66,184.4,9010,21,-941,-17,941,1,46.3724852,-70.9417693,182.70,19.06,0.54,12,1,19:44:23,00
1121389,8309,24289,25.49,1,1,16.96,177.1,9027,35,-1147,69,1149,1,46.3725337,-70.9417768,182.70,19.74,0.56,12,1,19:44:24,00
1121860,7949,24289,27.05,1,1,17.89,186.8,9044,56,-944,61,947,1,46.3725337,-70.9417768,182.70,19.74,0.56,12,1,19:44:24,00
1122328,8513,24289,24.98,1,1,18.95,197.9,9063,50,-940,27,942,1,46.3725822,-70.9417967,182.70,20.39,0.56,12,1,19:44:25,00
1122796,7906,24289,25.63,1,1,8.18,85.5,9071,43,-950,54,953,1,46.3725822,-70.9417967,182.70,20.39,0.56,12,1,19:44:25,00
1123269,8342,24289,25.60,1,1,9.27,96.8,9080,35,-952,27,953,1,46.3726292,-70.9418282,182.70,21.00,0.56,12,1,19:44:26,00
1123753,8028,24289,25.29,1,1,2.27,23.7,9081,38,-910,41,912,1,46.3726292,-70.9418282,182.70,21.00,0.56,12,1,19:44:26,00
1124228,7739,24289,27.06,1,1,0.70,7.3,9082,58,-871,25,873,1,46.3726730,-70.9418715,182.70,21.46,0.56,12,1,19:44:27,00
1124701,8209,24289,24.91,1,1,7.83,81.8,9091,28,-985,4,985,1,46.3726730,-70.9418715,182.80,21.46,0.56,12,1,19:44:27,00
1125173,8081,24289,25.98,1,1,5.06,52.9,9096,48,-1012,71,1015,1,46.3726730,-70.9418715,182.80,21.46,0.56,12,1,19:44:27,00
1125662,7673,24289,25.53,1,1,12.10,126.3,9108,34,-932,132,942,1,46.3726730,-70.9418715,182.80,21.46,0.56,12,1,19:44:27,00
1126146,7628,24289,25.03,1,1,18.56,193.9,9127,15,-1025,120,1032,1,46.3726730,-70.9418715,182.80,21.46,0.56,12,1,19:44:27,00
1126624,7770,24289,25.82,1,1,18.34,191.5,9145,48,-802,148,817,1,46.3727407,-70.9419950,182.90,22.39,0.54,12,1,19:44:29,00
1127096,7447,24289,26.69,1,1,19.78,206.6,9165,45,-986,123,995,1,46.3727407,-70.9419950,182.90,22.39,0.54,12,1,19:44:29,00
1127569,7358,24289,25.08,1,1,19.65,205.2,9184,-6,-972,188,990,1,46.3727607,-70.9420718,182.80,22.93,0.56,12,1,19:44:30,00
1128039,7087,24289,25.58,1,1,15.09,157.6,9199,2,-1162,82,1165,1,46.3727607,-70.9420718,182.80,22.93,0.56,12,1,19:44:30,00
1128523,6649,24289,25.32,1,1,15.99,167.0,9215,78,-947,76,953,1,46.3727687,-70.9421553,182.80,23.69,0.54,12,1,19:44:31,00
1128997,6491,24289,25.40,1,1,19.23,200.8,9234,60,-951,80,956,1,46.3727687,-70.9421553,182.80,23.69,0.54,12,1,19:44:31,00
1129472,7222,24289,27.02,1,1,18.60,194.3,9253,40,-955,109,962,1,46.3727663,-70.9422422,182.70,24.32,0.54,12,1,19:44:32,00
1129960,7156,24289,25.01,1,1,19.62,204.9,9273,100,-910,185,934,1,46.3727663,-70.9422422,182.70,24.32,0.54,12,1,19:44:32,00
1130504,6296,24289,25.43,1,1,17.86,186.6,9293,35,-968,134,978,1,46.3727537,-70.9423283,182.60,24.32,0.55,12,1,19:44:33,00
1130977,6070,24289,25.55,1,1,19.44,203.0,9312,45,-935,205,958,1,46.3727537,-70.9423283,182.60,24.32,0.55,12,1,19:44:33,00
1131443,5756,24289,25.24,1,1,19.52,203.9,9331,77,-759,275,811,1,46.3727307,-70.9424110,182.60,24.76,0.58,12,1,19:44:34,00
1131917,6465,24289,27.29,1,1,18.76,195.9,9350,49,-1072,62,1075,1,46.3727307,-70.9424110,182.60,24.76,0.58,12,1,19:44:34,00
1132380,7218,24289,25.10,1,1,18.98,198.2,9368,34,-951,118,959,1,46.3726988,-70.9424882,182.60,25.02,0.55,12,1,19:44:35,00
1132854,7230,24289,25.55,1,1,18.14,189.5,9386,30,-971,195,990,1,46.3726988,-70.9424882,182.60,25.02,0.55,12,1,19:44:35,00
1133333,7095,24289,25.83,1,1,19.58,204.5,9406,73,-820,142,836,1,46.3726617,-70.9425612,182.60,25.22,0.55,12,1,19:44:36,00
1133805,6773,24289,25.62,1,1,17.89,186.8,9423,49,-1005,15,1006,1,46.3726617,-70.9425612,182.60,25.22,0.55,12,1,19:44:36,00
1134269,7477,24289,26.13,1,1,19.15,200.0,9442,27,-996,62,998,1,46.3726220,-70.9426332,182.60,25.59,0.55,12,1,19:44:37,00
1134728,6723,24289,25.81,1,1,18.73,195.7,9460,39,-976,169,991,1,46.3726220,-70.9426332,182.60,25.59,0.58,12,1,19:44:37,00
1135196,7383,24289,25.58,1,1,19.23,200.8,9479,40,-1067,91,1072,1,46.3726220,-70.9426332,182.60,25.59,0.58,12,1,19:44:37,00
1135674,7216,24289,26.03,1,1,19.27,201.3,9498,51,-949,132,959,1,46.3726220,-70.9426332,182.60,25.59,0.58,12,1,19:44:37,00
1136141,7522,24289,25.25,1,1,18.41,192.3,9516,40,-1015,109,1022,1,46.3726220,-70.9426332,182.60,25.59,0.58,12,1,19:44:37,00
1136610,7035,24289,25.67,1,1,18.78,196.1,9534,7,-889,110,896,1,46.3725427,-70.9427810,182.50,26.13,0.60,12,1,19:44:39,00
1137073,6639,24289,26.04,1,1,17.10,178.6,9537,32,-937,57,940,1,46.3725427,-70.9427810,182.50,26.13,0.60,12,1,19:44:39,00
1137543,6391,24289,25.89,1,1,5.24,54.7,9546,35,-957,-1,957,1,46.3725028,-70.9428567,182.50,26.39,0.60,12,1,19:44:40,00
1138028,6360,24289,27.88,1,1,11.97,125.0,9559,20,-1102,-36,1103,1,46.3725028,-70.9428567,182.50,26.39,0.60,12,1,19:44:40,00
1138496,6790,24289,25.71,1,1,16.44,171.7,9575,41,-1018,53,1020,1,46.3724632,-70.9429328,182.50,26.39,0.60,12,1,19:44:41,00
1138966,5855,24289,25.92,1,1,19.56,204.3,9594,5,-1070,-42,1071,1,46.3724632,-70.9429328,182.50,26.39,0.60,12,1,19:44:41,00
1139433,6677,24289,27.49,1,1,20.90,218.3,9615,62,-928,-57,932,1,46.3724233,-70.9430082,182.60,26.15,0.60,12,1,19:44:42,00
1139905,5765,24289,26.04,1,1,19.65,205.2,9634,43,-977,44,979,1,46.3724233,-70.9430082,182.60,26.15,0.60,12,1,19:44:42,00
1140376,6673,24289,25.73,1,1,20.95,218.8,9655,69,-1070,30,1073,1,46.3723833,-70.9430820,182.60,26.08,0.60,12,1,19:44:43,00
1140855,6498,24289,25.87,1,1,19.65,205.2,9674,23,-1067,10,1068,1,46.3723833,-70.9430820,182.60,26.08,0.60,12,1,19:44:43,00
1141340,6437,24289,25.74,1,1,19.27,201.2,9694,38,-1061,-43,1062,1,46.3723423,-70.9431550,182.70,26.04,0.60,12,1,19:44:44,00
1141809,5942,24289,26.19,1,1,19.56,204.3,9713,21,-1100,-81,1103,1,46.3723423,-70.9431550,182.70,26.04,0.60,12,1,19:44:44,00
1142290,6081,24289,28.03,1,1,19.99,208.8,9733,71,-958,41,962,1,46.3723005,-70.9432270,182.70,26.09,0.60,12,1,19:44:45,00
1142775,6509,24289,28.07,1,1,20.23,211.3,9754,33,-929,35,930,1,46.3723005,0.0000000,2.00,26.09,0.00,106,1,19:44:45,00
1143246,5808,24289,26.34,1,1,19.73,206.1,9773,8,-1146,-77,1149,1,46.3722562,-70.9432960,2.00,26.15,0.00,106,1,19:44:46,00
1143719,5977,24289,26.19,1,1,20.07,209.6,9793,43,-802,-10,803,1,46.3722562,-70.9432960,182.70,26.15,0.60,12,1,19:44:46,00
1144181,6075,24289,26.10,1,1,21.00,219.3,9813,6,-1264,-61,1265,1,46.3722562,-70.9432960,182.70,26.15,0.60,12,1,19:44:46,00
1144653,6154,24289,25.90,1,1,19.23,200.8,9832,35,-890,-18,891,1,46.3722085,-70.9433603,182.80,26.24,0.60,12,1,19:44:47,00
1145124,5459,24289,28.08,1,1,21.39,223.4,9853,75,-887,-16,891,1,46.3722085,-70.9433603,182.80,26.24,0.60,12,1,19:44:47,00
1145675,5716,24289,26.46,1,1,18.28,190.9,9874,18,-1033,1,1033,1,46.3722085,-70.9433603,182.80,26.24,0.60,12,1,19:44:47,00
1146148,5395,24289,26.49,1,1,20.86,217.8,9895,34,-823,-43,825,1,46.3722085,-70.9433603,182.80,26.24,0.60,12,1,19:44:47,00
1146614,5338,24289,26.07,1,1,20.64,215.5,9915,75,-858,95,866,1,46.3720938,-70.9434513,182.80,26.48,0.60,12,1,19:44:49,00
1147079,5682,24289,28.25,1,1,20.55,214.6,9935,95,-983,-54,989,1,46.3720938,-70.9434513,182.80,26.48,0.60,12,1,19:44:49,00
1147549,6451,24289,26.04,1,1,20.50,214.1,9955,38,-964,-34,965,1,46.3720292,-70.9434703,182.80,26.52,0.61,12,1,19:44:50,00
1148009,5851,24289,27.32,1,1,21.09,220.3,9975,75,-925,41,929,1,46.3720292,-70.9434703,182.80,26.52,0.61,12,1,19:44:50,00
1148474,6727,24289,26.03,1,1,20.20,211.0,9995,24,-1003,62,1005,1,46.3719630,-70.9434703,182.90,26.56,0.61,12,1,19:44:51,00
1148937,5821,24289,26.40,1,1,19.82,207.0,10014,48,-1084,91,1089,1,46.3719630,-70.9434703,182.90,26.56,0.61,12,1,19:44:51,00
1149399,7098,24289,26.34,1,1,18.65,194.8,10032,5,-1079,-108,1085,1,46.3718992,-70.9434468,183.00,26.56,0.61,12,1,19:44:52,00
1149865,7149,24289,26.66,1,1,19.40,202.6,10051,13,-984,247,1015,1,46.3718992,-70.9434468,183.00,26.56,0.61,12,1,19:44:52,00
1150329,6744,24289,26.33,1,1,20.04,209.3,10070,62,-963,39,965,1,46.3718413,-70.9434002,183.00,26.69,0.57,12,1,19:44:53,00
1150786,7771,24289,26.35,1,1,19.95,208.3,10089,4,-1044,91,1048,1,46.3718413,-70.9434002,183.00,26.69,0.57,12,1,19:44:53,00
1151253,7316,24289,28.11,1,1,20.24,211.4,10109,18,-1010,102,1015,1,46.3717937,-70.9433325,183.00,26.97,0.57,12,1,19:44:54,00
1151712,7365,24289,26.78,1,1,19.95,208.3,10128,51,-959,147,972,1,46.3717937,-70.9433325,183.00,26.97,0.54,12,1,19:44:54,00
1152175,6866,24289,28.47,1,1,19.27,201.3,10147,27,-907,200,929,1,46.3717937,-70.9433325,183.00,26.97,0.54,12,1,19:44:54,00
1152639,6610,24289,26.44,1,1,19.90,207.9,10165,50,-689,226,727,1,46.3717580,-70.9432495,183.00,27.22,0.54,12,1,19:44:55,00
1153101,6998,24289,26.35,1,1,10.57,110.4,10175,36,-1078,180,1093,1,46.3717580,-70.9432495,183.00,27.22,0.54,12,1,19:44:55,00
1153573,6833,24289,28.43,1,1,9.30,97.1,10185,-13,-1071,164,1083,1,46.3717320,-70.9431582,182.90,27.47,0.54,12,1,19:44:56,00
1154033,6539,24289,28.42,1,1,8.50,88.8,10191,8,-1030,144,1040,1,46.3717320,-70.9431582,182.90,27.47,0.54,12,1,19:44:56,00
1154506,6609,24289,28.58,1,1,11.48,119.9,10205,15,-1111,194,1128,1,46.3717180,-70.9430615,182.90,27.35,0.54,12,1,19:44:57,00
1154973,6101,24289,26.93,1,1,13.13,137.1,10218,42,-979,95,985,1,46.3717180,-70.9430615,182.90,27.35,0.54,12,1,19:44:57,00
1155444,6330,24289,28.48,1,1,16.16,168.8,10234,25,-985,148,996,1,46.3717187,-70.9429640,182.90,27.04,0.54,12,1,19:44:58,00
1155910,6315,24289,26.85,1,1,17.85,186.4,10251,62,-691,265,742,1,46.3717187,-70.9429640,182.90,27.04,0.54,12,1,19:44:58,00
1156378,6172,24289,26.42,1,1,9.91,103.4,10260,63,-789,291,844,1,46.3717328,-70.9428700,182.90,26.58,0.54,12,1,19:44:59,00
1156849,5990,24289,26.70,1,1,9.34,97.6,10264,52,-973,60,976,1,46.3717328,-70.9428700,183.00,26.58,0.55,12,1,19:44:59,00
1157319,6601,24289,26.47,1,1,3.76,39.3,10268,54,-893,155,908,1,46.3717328,-70.9428700,183.00,26.58,0.55,12,1,19:44:59,00
1157786,6060,24289,28.05,1,1,3.76,39.3,10268,28,-995,160,1008,1,46.3717580,-70.9427825,183.20,26.15,0.54,12,1,19:45:00,00
1158253,6218,24289,26.97,1,1,0.43,4.5,10269,52,-934,95,941,1,46.3717580,-70.9427825,183.20,26.15,0.54,12,1,19:45:00,00
1158730,6813,24289,28.69,1,1,2.70,28.2,10272,57,-880,150,894,1,46.3717912,-70.9427015,183.20,26.08,0.54,12,1,19:45:01,00
1159204,6284,24289,27.03,1,1,3.39,35.4,10275,46,-925,150,938,1,46.3717912,-70.9427015,183.20,26.08,0.54,12,1,19:45:01,00
1159671,6576,24289,28.69,1,1,3.43,35.8,10278,75,-934,134,947,1,46.3718287,-70.9426240,183.20,26.19,0.54,12,1,19:45:02,00
1160139,6827,24289,26.81,1,1,3.24,33.8,10279,38,-1053,134,1063,1,46.3718287,-70.9426240,183.20,26.19,0.54,12,1,19:45:02,00
1160675,6516,24289,27.20,1,1,2.26,23.6,10283,24,-948,210,971,1,46.3718678,-70.9425472,183.20,26.52,0.54,12,1,19:45:03,00
1161136,6504,24289,28.90,1,1,1.77,18.5,10284,57,-968,55,972,1,46.3718678,-70.9425472,183.20,26.52,0.54,12,1,19:45:03,00
1161604,6887,24289,27.26,1,1,6.08,63.5,10294,-1,-1016,157,1028,1,46.3719072,-70.9424690,183.20,26.87,0.54,12,1,19:45:04,00
1162064,6905,24289,26.92,1,1,16.55,172.8,10309,31,-961,92,966,1,46.3719072,-70.9424690,183.20,26.87,0.54,12,1,19:45:04,00
1162522,6621,24289,27.12,1,1,16.68,174.2,10326,17,-986,171,1001,1,46.3719468,-70.9423903,183.20,27.04,0.54,12,1,19:45:05,00
1162981,6877,24289,27.14,1,1,19.02,198.7,10344,36,-924,53,926,1,46.3719468,-70.9423903,183.20,27.04,0.54,12,1,19:45:05,00
1163441,7675,24289,28.45,1,1,17.57,183.5,10360,34,-987,113,994,1,46.3719868,-70.9423117,183.30,27.02,0.54,12,1,19:45:06,00
1163911,7419,24289,27.23,1,1,15.26,159.4,10376,45,-987,13,988,1,46.3719868,-70.9423117,183.30,27.02,0.54,12,1,19:45:06,00
1164376,7228,24289,27.81,1,1,17.81,186.0,10393,11,-989,87,993,1,46.3720268,-70.9422332,183.30,26.93,0.54,12,1,19:45:07,00
1164836,7716,24289,26.86,1,1,21.00,219.3,10413,-1,-1105,57,1106,1,46.3720268,-70.9422332,183.40,26.93,0.54,12,1,19:45:07,00
1165304,6767,24289,29.03,1,1,19.31,201.7,10432,12,-1050,22,1050,1,46.3720675,-70.9421560,183.40,26.78,0.54,12,1,19:45:08,00
1165776,7715,24289,26.73,1,1,19.40,202.6,10451,-13,-1042,59,1044,1,46.3720675,-70.9421560,183.40,26.78,0.54,12,1,19:45:08,00
1166251,7044,24289,27.33,1,1,19.66,205.3,10471,29,-963,99,969,1,46.3720675,-70.9421560,183.40,26.78,0.54,12,1,19:45:08,00
1166709,7370,24289,28.28,1,1,20.08,209.7,10490,52,-1000,11,1002,1,46.3721092,-70.9420803,183.40,26.71,0.54,12,1,19:45:09,00
1167173,7828,24289,26.90,1,1,20.37,212.8,10510,29,-967,31,968,1,46.3721092,-70.9420803,183.40,26.71,0.54,12,1,19:45:09,00
1167637,7266,24289,27.59,1,1,19.02,198.7,10528,31,-990,63,992,1,46.3721517,-70.9420063,183.50,26.56,0.54,12,1,19:45:10,00
1168102,7714,24289,26.93,1,1,20.29,211.9,10548,-4,-1003,-5,1003,1,46.3721517,-70.9420063,183.50,26.56,0.54,12,1,19:45:10,00
1168587,6986,24289,28.23,1,1,19.23,200.8,10567,38,-1029,65,1032,1,46.3721955,-70.9419338,183.70,26.56,0.54,12,1,19:45:11,00
1169055,6762,24289,29.32,1,1,20.33,212.3,10587,59,-980,68,984,1,46.3721955,-70.9419338,183.70,26.56,0.54,12,1,19:45:11,00
1169524,6754,24289,29.12,1,1,19.40,202.6,10606,41,-1036,91,1041,1,46.3722413,-70.9418657,183.70,26.22,0.54,12,1,19:45:12,00
1169988,7006,24289,27.51,1,1,20.46,213.7,10626,18,-926,140,936,1,46.3722413,-70.9418657,183.70,26.22,0.54,12,1,19:45:12,00
1170460,6387,24289,29.17,1,1,19.44,203.0,10645,25,-948,15,948,1,46.3722917,-70.9418050,183.70,26.21,0.54,12,1,19:45:13,00
1170930,6898,24289,27.23,1,1,20.82,217.4,10666,47,-871,70,875,1,46.3722917,-70.9418050,183.70,26.21,0.54,12,1,19:45:13,00
1171402,6287,24289,27.74,1,1,19.73,206.1,10685,-5,-1085,29,1085,1,46.3723473,-70.9417555,183.70,26.06,0.54,12,1,19:45:14,00
1171871,6340,24289,29.04,1,1,19.99,208.8,10705,31,-933,93,938,1,46.3723473,-70.9417555,183.70,26.06,0.54,12,1,19:45:14,00
1172332,6676,24289,26.80,1,1,17.81,186.0,10722,16,-1040,14,1040,1,46.3724082,-70.9417233,183.70,26.13,0.54,12,1,19:45:15,00
1172804,5447,24289,29.27,1,1,15.28,159.6,10737,25,-1134,44,1136,1,46.3724082,-70.9417233,183.70,26.13,0.54,12,1,19:45:15,00
1173276,6862,24289,28.71,1,1,19.52,203.9,10756,38,-923,18,924,1,46.3724723,-70.9417090,183.70,26.19,0.54,12,1,19:45:16,00
1173748,6482,24289,29.29,1,1,18.22,190.3,10774,117,-859,-64,870,1,46.3724723,-70.9417090,183.70,26.19,0.54,12,1,19:45:16,00
1174216,6776,24289,27.82,1,1,18.01,188.1,10791,40,-995,86,1000,1,46.3724723,-70.9417090,183.70,26.19,0.54,12,1,19:45:16,00
1174687,6973,24289,27.15,1,1,19.50,203.7,10811,2,-1000,75,1002,1,46.3725372,-70.9417128,183.80,26.11,0.56,12,1,19:45:17,00
1175154,5763,24289,26.90,1,1,20.33,212.3,10831,60,-1063,69,1067,1,46.3725372,-70.9417128,183.80,26.11,0.56,12,1,19:45:17,00
1175695,6429,24289,26.87,1,1,18.83,196.6,10852,66,-1020,90,1026,1,46.3726003,-70.9417343,183.90,26.09,0.56,12,1,19:45:18,00
1176152,4756,24289,26.93,1,1,18.61,194.4,10870,37,-1146,8,1147,1,46.3726003,-70.9417343,183.90,26.09,0.56,12,1,19:45:18,00
1176617,1703,24289,26.93,1,1,21.58,225.3,10891,36,-1062,-51,1063,1,46.3726595,-70.9417740,184.00,26.19,0.56,12,1,19:45:19,00
1177079,3063,24289,26.96,1,1,21.95,229.3,10912,22,-1004,53,1006,1,46.3726595,-70.9417740,184.00,26.19,0.56,12,1,19:45:19,00
1177542,5108,24289,26.89,1,1,22.00,229.8,10933,27,-984,41,985,1,46.3727125,-70.9418293,184.00,26.32,0.56,12,1,19:45:20,00
1178010,3494,24289,27.01,1,1,22.36,233.5,10955,39,-915,87,920,1,46.3727125,-70.9418293,184.00,26.32,0.56,12,1,19:45:20,00
1178474,4611,24289,26.88,1,1,21.35,222.9,10976,41,-943,212,967,1,46.3727565,-70.9419002,184.10,26.48,0.54,12,1,19:45:21,00
1178934,2674,24289,29.33,1,1,22.15,231.3,10997,26,-907,159,922,1,46.3727565,-70.9419002,184.10,26.48,0.54,12,1,19:45:21,00
1179398,4372,24289,26.80,1,1,21.44,223.9,11018,17,-1044,278,1081,1,46.3727888,-70.9419845,184.10,26.95,0.54,12,1,19:45:22,00
1179860,4380,24289,28.99,1,1,22.51,235.0,11040,55,-1005,90,1011,1,46.3727888,-70.9419845,184.10,26.95,0.54,12,1,19:45:22,00
1180324,4605,24289,27.14,1,1,21.23,221.7,11060,66,-903,140,916,1,46.3728093,-70.9420785,184.10,27.37,0.54,12,1,19:45:23,00
1180787,4316,24289,27.52,1,1,22.70,237.1,11082,1,-1067,189,1083,1,46.3728093,-70.9420785,184.00,27.37,0.54,12,1,19:45:23,00
1181250,3830,24289,29.31,1,1,21.72,226.8,11103,60,-943,117,952,1,46.3728093,-70.9420785,184.00,27.37,0.54,12,1,19:45:23,00
1181713,4232,24289,29.21,1,1,22.85,238.6,11125,49,-980,79,985,1,46.3728163,-70.9421773,183.90,27.67,0.54,12,1,19:45:24,00
1182177,4548,24289,26.86,1,1,23.18,242.1,11148,54,-857,280,903,1,46.3728163,-70.9421773,183.90,27.67,0.54,12,1,19:45:24,00
1182650,4485,24289,26.97,1,1,21.17,221.1,11169,75,-839,179,861,1,46.3728087,-70.9422773,183.80,28.11,0.55,12,1,19:45:25,00
1183126,4036,24289,28.83,1,1,19.73,206.1,11188,19,-907,269,947,1,46.3728087,-70.9422773,183.80,28.11,0.55,12,1,19:45:25,00
1183590,3582,24289,29.15,1,1,22.99,240.1,11211,61,-859,104,868,1,46.3727877,-70.9423748,183.60,28.52,0.54,12,1,19:45:26,00
1184063,3624,24289,26.99,1,1,20.50,214.1,11231,36,-850,186,871,1,46.3727877,-70.9423748,183.60,28.52,0.54,12,1,19:45:26,00
1184533,3775,24289,27.12,1,1,20.37,212.8,11251,41,-928,176,946,1,46.3727543,-70.9424657,183.40,28.93,0.55,12,1,19:45:27,00
1184997,6025,24289,27.20,1,1,16.76,175.1,11267,62,-861,241,897,1,46.3727543,-70.9424657,183.40,28.93,0.55,12,1,19:45:27,00
1185467,4971,24289,29.34,1,1,19.15,200.0,11286,49,-879,127,890,1,46.3727123,-70.9425518,183.40,29.15,0.55,12,1,19:45:28,00
1185938,3827,24289,27.93,1,1,17.95,187.5,11304,15,-993,238,1022,1,46.3727123,-70.9425518,183.40,29.15,0.58,12,1,19:45:28,00
1186412,6577,24289,27.10,1,1,11.30,118.0,11315,26,-921,48,922,1,46.3726672,-70.9426358,183.40,29.30,0.58,12,1,19:45:29,00
1186883,7264,24289,26.99,1,1,11.28,117.8,11326,78,-899,128,912,1,46.3726672,-70.9426358,183.40,29.30,0.58,12,1,19:45:29,00
1187351,6731,24289,28.49,1,1,12.30,128.5,11338,44,-987,178,1004,1,46.3726223,-70.9427200,183.40,29.50,0.58,12,1,19:45:30,00
1187822,6997,24289,27.28,1,1,15.09,157.6,11353,41,-1021,73,1024,1,46.3726223,-70.9427200,183.30,29.50,0.60,12,1,19:45:30,00
1188291,3625,24289,27.49,1,1,15.82,165.2,11368,42,-889,92,895,1,46.3725765,-70.9428042,183.30,29.72,0.60,12,1,19:45:31,00
1188759,6098,24289,27.66,1,1,12.70,132.7,11381,50,-783,99,791,1,46.3725765,-70.9428042,183.10,29.72,0.60,12,1,19:45:31,00
1189221,7243,24289,27.29,1,1,17.77,185.6,11398,26,-916,53,917,1,46.3725765,-70.9428042,183.10,29.72,0.60,12,1,19:45:31,00
1189694,6679,24289,29.71,1,1,15.12,157.9,11413,64,-1074,-47,1077,1,46.3725303,-70.9428885,183.00,29.80,0.60,12,1,19:45:32,00
1190154,7257,24289,27.13,1,1,21.81,227.8,11434,46,-1027,-7,1029,1,46.3725303,-70.9428885,183.00,29.80,0.60,12,1,19:45:32,00
1190680,6171,24289,27.23,1,1,15.50,161.9,11451,46,-950,60,953,1,46.3724853,-70.9429735,183.00,29.69,0.60,12,1,19:45:33,00
1191138,3767,24289,27.43,1,1,19.24,200.9,11468,69,-961,83,967,1,46.3724853,-70.9429735,183.00,29.69,0.60,12,1,19:45:33,00
1191593,3707,24289,29.75,1,1,11.75,122.7,11480,17,-922,32,923,1,46.3724407,-70.9430575,183.10,29.26,0.60,12,1,19:45:34,00
1192048,7231,24289,27.25,1,1,16.80,175.4,11496,7,-1043,88,1047,1,46.3724407,-70.9430575,183.10,29.26,0.60,12,1,19:45:34,00
1192505,6543,24289,29.43,1,1,18.98,198.2,11514,164,-945,-168,973,1,46.3723958,-70.9431398,183.20,28.87,0.60,12,1,19:45:35,00
1192960,5608,24289,27.31,1,1,19.07,199.1,11532,78,-951,-41,955,1,46.3723958,-70.9431398,183.20,28.87,0.60,12,1,19:45:35,00
1193414,5423,24289,29.55,1,1,21.14,220.8,11552,12,-1075,-2,1075,1,46.3723510,-70.9432208,183.20,28.54,0.60,12,1,19:45:36,00
1193871,7288,24289,29.75,1,1,21.58,225.3,11573,36,-928,-30,929,1,46.3723510,-70.9432208,183.30,28.54,0.60,12,1,19:45:36,00
1194340,2096,24289,27.59,1,1,18.38,191.9,11591,52,-941,54,944,1,46.3723047,-70.9432982,183.30,28.17,0.60,12,1,19:45:37,00
1194800,5675,24289,28.37,1,1,20.17,210.6,11610,21,-961,27,962,1,46.3723047,-70.9432982,183.30,28.17,0.60,12,1,19:45:37,00
1195257,5833,24289,27.43,1,1,21.23,221.7,11630,62,-982,-130,993,1,46.3722555,-70.9433700,183.30,27.97,0.60,12,1,19:45:38,00
1195718,6326,24289,27.27,1,1,21.43,223.8,11651,13,-1132,46,1133,1,46.3722555,-70.9433700,183.40,27.97,0.60,12,1,19:45:38,00
1196187,3770,24289,29.79,1,1,21.40,223.5,11672,28,-1008,4,1008,1,46.3722555,-70.9433700,183.40,27.97,0.60,12,1,19:45:38,00
1196652,2913,24289,28.83,1,1,21.00,219.3,11692,18,-1014,-63,1016,1,46.3722015,-70.9434333,183.50,27.89,0.60,12,1,19:45:39,00
1197114,7247,24289,29.88,1,1,21.21,221.5,11713,92,-1092,52,1098,1,46.3722015,-70.9434333,183.50,27.89,0.60,12,1,19:45:39,00
1197575,4665,24289,27.45,1,1,22.05,230.3,11734,12,-1070,54,1071,1,46.3721408,-70.9434835,183.60,27.95,0.60,12,1,19:45:40,00
1198037,3860,24289,27.55,1,1,21.35,222.9,11755,23,-938,-33,939,1,46.3721408,-70.9434835,183.60,27.95,0.60,12,1,19:45:40,00
1198496,7320,24289,27.32,1,1,22.15,231.3,11776,86,-941,28,945,1,46.3720742,-70.9435155,184.00,28.37,0.61,12,1,19:45:41,00
1198966,2559,24289,28.36,1,1,20.42,213.2,11796,37,-989,30,990,1,46.3720742,-70.9435155,184.00,28.37,0.61,12,1,19:45:41,00
1199434,5350,24289,28.33,1,1,21.44,223.9,11817,88,-924,-54,930,1,46.3720047,-70.9435248,184.10,28.08,0.63,12,1,19:45:42,00
1199899,2046,24289,28.01,1,1,21.48,224.4,11838,35,-1035,-86,1040,1,46.3720047,-70.9435248,184.10,28.08,0.63,12,1,19:45:42,00
1200366,2481,24289,27.77,1,1,21.44,223.9,11859,-28,-869,110,876,1,46.3719352,-70.9435118,184.10,28.24,0.63,12,1,19:45:43,00
1200832,2791,24289,28.94,1,1,21.14,220.8,11879,35,-1002,-26,1002,1,46.3719352,-70.9435118,184.10,28.24,0.63,12,1,19:45:43,00
1201301,6359,24289,29.57,1,1,20.50,214.1,11899,54,-804,205,831,1,46.3718685,-70.9434777,184.10,28.43,0.63,12,1,19:45:44,00
1201768,3594,24289,27.63,1,1,21.48,224.4,11920,78,-1034,-35,1037,1,46.3718685,-70.9434777,184.40,28.43,0.59,12,1,19:45:44,00
1202234,1936,24289,27.47,1,1,20.55,214.6,11940,18,-972,73,975,1,46.3718085,-70.9434247,184.40,28.15,0.59,12,1,19:45:45,00
1202703,4950,24289,29.46,1,1,21.53,224.8,11961,10,-1073,73,1076,1,46.3718085,-70.9434247,184.40,28.15,0.63,12,1,19:45:45,00
1203174,1872,24289,27.82,1,1,21.85,228.2,11983,34,-962,60,964,1,46.3718085,-70.9434247,184.40,28.15,0.63,12,1,19:45:45,00
1203647,7354,24289,27.47,1,1,19.48,203.4,12002,76,-823,195,849,1,46.3717577,-70.9433552,184.30,28.08,0.61,12,1,19:45:46,00
1204125,6191,24289,29.61,1,1,21.85,228.2,12024,83,-753,148,772,1,46.3717577,-70.9433552,184.30,28.08,0.61,12,1,19:45:46,00
1204598,6509,24289,27.53,1,1,20.64,215.5,12044,95,-744,153,765,1,46.3717188,-70.9432718,184.20,27.97,0.54,12,1,19:45:47,00
1205073,6474,24289,27.25,1,1,21.03,219.7,12065,77,-903,193,926,1,46.3717188,-70.9432718,184.20,27.97,0.54,12,1,19:45:47,00
1205614,2860,24289,27.40,1,1,17.38,181.5,12085,8,-1233,149,1242,1,46.3716928,-70.9431780,184.00,28.09,0.54,12,1,19:45:48,00
1206086,4790,24289,27.31,1,1,13.24,138.3,12098,82,-1075,139,1087,1,46.3716928,-70.9431780,184.00,28.09,0.54,12,1,19:45:48,00
1206548,3005,24289,29.67,1,1,20.04,209.3,12117,35,-976,62,979,1,46.3716823,-70.9430780,183.80,28.21,0.54,12,1,19:45:49,00
1207008,4043,24289,27.58,1,1,22.55,235.5,12139,32,-1011,116,1018,1,46.3716823,-70.9430780,183.80,28.21,0.54,12,1,19:45:49,00
1207472,4153,24289,29.54,1,1,21.44,223.9,12160,54,-1038,210,1060,1,46.3716870,-70.9429767,183.60,28.21,0.54,12,1,19:45:50,00
1207939,2655,24289,29.90,1,1,22.51,235.0,12182,-24,-1051,361,1112,1,46.3716870,-70.9429767,183.60,28.21,0.54,12,1,19:45:50,00
1208412,5216,24289,27.57,1,1,21.44,223.9,12203,7,-1003,150,1014,1,46.3717080,-70.9428795,183.60,28.24,0.54,12,1,19:45:51,00
1208870,5807,24289,27.63,1,1,21.37,223.2,12223,27,-1103,188,1119,1,46.3717080,-70.9428795,183.60,28.24,0.54,12,1,19:45:51,00
1209336,4502,24289,27.30,1,1,19.23,200.8,12242,15,-1001,188,1019,1,46.3717405,-70.9427887,183.60,28.37,0.54,12,1,19:45:52,00
1209795,6605,24289,27.56,1,1,14.51,151.5,12256,60,-996,87,1002,1,46.3717405,-70.9427887,183.60,28.37,0.54,12,1,19:45:52,00
1210259,6913,24289,27.66,1,1,19.78,206.5,12275,29,-902,145,914,1,46.3717405,-70.9427887,183.60,28.37,0.54,12,1,19:45:52,00
1210728,1852,24289,28.03,1,1,16.09,168.1,12291,24,-875,197,898,1,46.3717797,-70.9427023,183.60,28.48,0.54,12,1,19:45:53,00
1211194,1891,24289,27.67,1,1,19.69,205.6,12310,40,-993,115,1000,1,46.3717797,-70.9427023,183.60,28.48,0.54,12,1,19:45:53,00
1211667,5564,24289,29.66,1,1,19.07,199.2,12329,29,-1093,139,1102,1,46.3718225,-70.9426190,183.60,28.61,0.54,12,1,19:45:54,00
1212140,4000,24289,29.26,1,1,18.38,191.9,12347,44,-964,136,974,1,46.3718225,-70.9426190,183.60,28.61,0.54,12,1,19:45:54,00
1212610,2248,24289,28.92,1,1,20.42,213.2,12367,27,-1028,137,1038,1,46.3718677,-70.9425370,183.50,28.95,0.54,12,1,19:45:55,00
1213092,4676,24289,28.18,1,1,19.78,206.6,12387,31,-1093,116,1100,1,46.3718677,-70.9425370,183.50,28.95,0.54,12,1,19:45:55,00
1213557,2221,24289,28.13,1,1,17.43,182.0,12404,57,-1011,143,1022,1,46.3719128,-70.9424535,183.50,29.32,0.54,12,1,19:45:56,00
1214024,3293,24289,27.84,1,1,15.71,164.1,12419,70,-844,-21,848,1,46.3719128,-70.9424535,183.50,29.32,0.54,12,1,19:45:56,00
1214493,3974,24289,29.95,1,1,14.83,154.9,12433,55,-974,161,989,1,46.3719575,-70.9423690,183.50,29.32,0.54,12,1,19:45:57,00
1214961,6895,24289,27.83,1,1,19.11,199.6,12452,30,-1087,67,1090,1,46.3719575,-70.9423690,183.50,29.32,0.54,12,1,19:45:57,00
1215438,7137,24289,27.69,1,1,16.68,174.2,12469,53,-1071,65,1075,1,46.3720037,-70.9422860,183.50,29.34,0.54,12,1,19:45:58,00
1215907,3200,24289,28.05,1,1,17.97,187.6,12486,44,-876,95,882,1,46.3720037,-70.9422860,183.50,29.34,0.54,12,1,19:45:58,00
1216374,5789,24289,28.10,1,1,16.99,177.5,12503,26,-969,-27,970,1,46.3720487,-70.9422025,183.60,29.13,0.54,12,1,19:45:59,00
1216845,4962,24289,29.88,1,1,20.16,210.5,12523,40,-940,119,948,1,46.3720487,-70.9422025,183.60,29.13,0.54,12,1,19:45:59,00
1217317,7398,24289,27.48,1,1,21.08,220.1,12544,61,-1067,39,1070,1,46.3720932,-70.9421197,183.60,28.82,0.54,12,1,19:46:00,00
1217798,5842,24289,27.79,1,1,20.16,210.5,12564,23,-1037,12,1037,1,46.3720932,-70.9421197,183.60,28.82,0.54,12,1,19:46:00,00
1218275,4079,24289,29.23,1,1,20.07,209.6,12584,28,-1078,13,1078,1,46.3721388,-70.9420387,183.60,28.65,0.54,12,1,19:46:01,00
1218744,4968,24289,27.89,1,1,20.12,210.1,12604,28,-1024,25,1025,1,46.3721388,-70.9420387,183.70,28.65,0.54,12,1,19:46:01,00
1219222,4727,24289,29.89,1,1,19.07,199.2,12623,22,-1015,82,1019,1,46.3721388,-70.9420387,183.70,28.65,0.54,12,1,19:46:01,00
1219690,3947,24289,29.87,1,1,20.86,217.9,12643,64,-1048,15,1050,1,46.3721857,-70.9419607,183.70,28.37,0.54,12,1,19:46:02,00
1220171,4322,24289,27.92,1,1,20.56,214.7,12664,49,-911,101,918,1,46.3721857,-70.9419607,183.70,28.37,0.54,12,1,19:46:02,00
1220710,4045,24289,30.12,1,1,21.16,221.0,12688,26,-1000,29,1000,1,46.3722348,-70.9418870,183.70,28.28,0.54,12,1,19:46:03,00
1221176,4913,24289,29.97,1,1,20.86,217.9,12708,55,-914,99,921,1,46.3722348,-70.9418870,183.70,28.28,0.54,12,1,19:46:03,00
1221639,5850,24289,28.03,1,1,21.95,229.3,12729,5,-1058,30,1058,1,46.3722882,-70.9418208,183.80,28.06,0.54,12,1,19:46:04,00
1222101,6499,24289,27.90,1,1,20.16,210.5,12749,-11,-1140,26,1140,1,46.3722882,-70.9418208,183.80,28.06,0.54,12,1,19:46:04,00
1222572,4143,24289,28.06,1,1,20.82,217.4,12769,49,-875,118,884,1,46.3723478,-70.9417677,183.80,28.00,0.54,12,1,19:46:05,00
1223036,6342,24289,27.89,1,1,20.86,217.9,12789,49,-983,-21,985,1,46.3723478,-70.9417677,183.80,28.00,0.54,12,1,19:46:05,00
1223496,6721,24289,30.08,1,1,20.24,211.4,12809,59,-1123,-62,1126,1,46.3724132,-70.9417327,183.80,27.93,0.55,12,1,19:46:06,00
1223962,4136,24289,27.89,1,1,21.18,221.2,12829,25,-1242,22,1243,1,46.3724132,-70.9417327,183.80,27.93,0.55,12,1,19:46:06,00
1224430,6952,24289,30.05,1,1,21.26,222.0,12850,55,-938,74,942,1,46.3724822,-70.9417198,183.90,27.78,0.55,12,1,19:46:07,00
1224900,6901,24289,30.06,1,1,21.90,228.7,12872,20,-804,26,805,1,46.3724822,-70.9417198,183.90,27.78,0.55,12,1,19:46:07,00
1225367,2903,24289,27.82,1,1,21.72,226.8,12893,19,-873,-7,873,1,46.3725508,-70.9417295,183.90,27.71,0.54,12,1,19:46:08,00
1225839,6394,24289,30.12,1,1,20.20,211.0,12913,155,-959,-392,1048,1,46.3725508,-70.9417295,183.90,27.71,0.54,12,1,19:46:08,00
1226311,4891,24289,27.86,1,1,21.35,222.9,12934,27,-1209,-58,1210,1,46.3726168,-70.9417600,183.90,27.82,0.54,12,1,19:46:09,00
1226791,4340,24289,27.71,1,1,21.72,226.8,12956,7,-921,53,922,1,46.3726168,-70.9417600,183.90,27.82,0.54,12,1,19:46:09,00
1227265,4662,24289,30.09,1,1,22.65,236.6,12978,63,-891,121,901,1,46.3726778,-70.9418088,183.90,27.80,0.54,12,1,19:46:10,00
1227744,4277,24289,27.75,1,1,20.95,218.8,12999,15,-920,142,931,1,46.3726778,-70.9418088,183.90,27.80,0.54,12,1,19:46:10,00
1228227,3296,24289,29.95,1,1,21.94,229.2,13021,7,-1005,98,1010,1,46.3726778,-70.9418088,183.90,27.80,0.54,12,1,19:46:10,00
1228706,3969,24289,30.00,1,1,20.86,217.8,13042,39,-1076,144,1086,1,46.3726778,-70.9418088,183.90,27.80,0.54,12,1,19:46:10,00
1229175,6304,24289,30.00,1,1,22.55,235.5,13064,56,-1087,72,1091,1,46.3726778,-70.9418088,183.90,27.80,0.54,12,1,19:46:10,00
1229649,6002,24289,27.76,1,1,21.44,223.9,13085,63,-1035,135,1046,1,46.3727735,-70.9419530,184.20,27.78,0.54,12,1,19:46:12,00
1230125,4758,24289,27.93,1,1,20.95,218.8,13106,63,-882,150,897,1,46.3727735,-70.9419530,184.20,27.78,0.54,12,1,19:46:12,00
1230604,3719,24289,27.67,1,1,18.68,195.1,13125,36,-953,143,964,1,46.3728020,-70.9420443,184.20,27.78,0.54,12,1,19:46:13,00
1231085,5543,24289,27.88,1,1,17.95,187.5,13143,23,-979,161,993,1,46.3728020,-70.9420443,184.20,27.78,0.54,12,1,19:46:13,00
1231566,4304,24289,27.78,1,1,20.99,219.2,13164,72,-898,149,914,1,46.3728135,-70.9421440,184.00,27.78,0.54,12,1,19:46:14,00
1232046,5391,24289,27.76,1,1,20.03,209.2,13184,46,-976,196,996,1,46.3728135,-70.9421440,184.00,27.78,0.54,12,1,19:46:14,00
1232517,4721,24289,27.93,1,1,20.12,210.1,13204,43,-1130,147,1140,1,46.3728088,-70.9422465,184.00,28.59,0.55,12,1,19:46:15,00
1232992,4318,24289,27.71,1,1,20.64,215.5,13224,76,-1010,67,1015,1,46.3728088,-70.9422465,184.00,28.59,0.55,12,1,19:46:15,00
1233479,4142,24289,28.05,1,1,18.27,190.8,13243,68,-887,152,903,1,46.3727897,-70.9423462,184.00,29.04,0.55,12,1,19:46:16,00
1233954,2446,24289,29.50,1,1,16.47,172.0,13259,29,-892,135,903,1,46.3727897,-70.9423462,184.00,29.04,0.55,12,1,19:46:16,00
1234431,4825,24289,27.98,1,1,19.58,204.5,13279,55,-955,162,970,1,46.3727585,-70.9424407,184.00,29.43,0.55,12,1,19:46:17,00
1234907,5685,24289,29.50,1,1,19.11,199.6,13298,28,-1015,185,1033,1,46.3727585,-70.9424407,184.00,29.43,0.55,12,1,19:46:17,00
1235378,5535,24289,27.81,1,1,21.62,225.8,13319,41,-895,163,911,1,46.3727195,-70.9425303,184.00,29.48,0.55,12,1,19:46:18,00
1235937,6878,24289,28.07,1,1,10.54,110.1,13331,26,-1032,91,1036,1,46.3727195,-70.9425303,184.10,29.48,0.55,12,1,19:46:18,00
1236417,6957,24289,29.63,1,1,12.10,126.3,13343,19,-992,117,999,1,46.3726782,-70.9426172,184.20,29.37,0.55,12,1,19:46:19,00
1236883,6205,24289,30.21,1,1,10.79,112.7,13354,2,-1079,178,1094,1,46.3726782,-70.9426172,184.20,29.37,0.55,12,1,19:46:19,00
1237345,3846,24289,28.28,1,1,18.82,196.5,13372,74,-964,131,976,1,46.3726348,-70.9427022,184.20,29.34,0.55,12,1,19:46:20,00
1237812,4227,24289,28.24,1,1,20.86,217.9,13392,60,-920,212,946,1,46.3726348,-70.9427022,184.20,29.34,0.56,12,1,19:46:20,00
1238275,4997,24289,28.31,1,1,19.31,201.7,13411,28,-1044,152,1055,1,46.3725900,-70.9427863,184.20,29.56,0.56,12,1,19:46:21,00
1238737,5047,24289,28.37,1,1,16.17,168.9,13426,46,-970,121,979,1,46.3725900,-70.9427863,184.20,29.56,0.56,12,1,19:46:21,00
1239208,5944,24289,28.39,1,1,15.48,161.6,13442,57,-920,59,924,1,46.3725900,-70.9427863,184.20,29.56,0.56,12,1,19:46:21,00
1239672,7248,24289,28.03,1,1,20.49,214.0,13461,99,-1034,4,1038,1,46.3725452,-70.9428710,184.20,29.65,0.60,12,1,19:46:22,00
1240135,4731,24289,28.53,1,1,18.87,197.1,13480,52,-953,16,954,1,46.3725452,-70.9428710,184.20,29.65,0.60,12,1,19:46:22,00
1240602,4594,24289,28.35,1,1,20.77,216.9,13500,88,-792,74,800,1,46.3725007,-70.9429557,184.30,29.47,0.60,12,1,19:46:23,00
1241069,6542,24289,28.06,1,1,20.82,217.4,13520,50,-969,2,970,1,46.3725007,-70.9429557,184.30,29.47,0.60,12,1,19:46:23,00
1241539,5054,24289,28.30,1,1,21.12,220.6,13541,13,-1068,49,1069,1,46.3724567,-70.9430395,184.50,29.15,0.60,12,1,19:46:24,00
1242005,4626,24289,28.16,1,1,22.13,231.1,13563,33,-1100,89,1104,1,46.3724567,-70.9430395,184.50,29.15,0.60,12,1,19:46:24,00
1242474,4498,24289,28.40,1,1,20.82,217.4,13583,30,-1011,-43,1013,1,46.3724132,-70.9431217,184.80,28.59,0.60,12,1,19:46:25,00
1242945,4974,24289,30.08,1,1,21.12,220.6,13604,25,-925,84,929,1,46.3724132,-70.9431217,184.80,28.59,0.60,12,1,19:46:25,00
1243414,4305,24289,28.38,1,1,21.53,224.8,13625,66,-945,123,956,1,46.3723688,-70.9432010,184.80,28.15,0.60,12,1,19:46:26,00
1243890,6988,24289,30.46,1,1,21.99,229.6,13647,12,-1067,77,1070,1,46.3723688,-70.9432010,184.90,28.15,0.60,12,1,19:46:26,00
1244362,4255,24289,30.23,1,1,20.64,215.5,13667,54,-896,59,899,1,46.3723215,-70.9432768,184.90,28.02,0.60,12,1,19:46:27,00
1244830,4371,24289,30.16,1,1,19.15,200.0,13686,68,-845,62,850,1,46.3723215,-70.9432768,185.10,28.02,0.60,12,1,19:46:27,00
1245309,6777,24289,28.56,1,1,19.95,208.3,13706,53,-1058,-43,1060,1,46.3723215,-70.9432768,185.10,28.02,0.60,12,1,19:46:27,00
1245777,4986,24289,28.18,1,1,21.90,228.8,13727,69,-1089,-24,1091,1,46.3722722,-70.9433483,185.20,27.80,0.60,12,1,19:46:28,00
1246256,6568,24289,28.00,1,1,20.86,217.8,13748,2,-1165,65,1167,1,46.3722722,-70.9433483,185.20,27.80,0.60,12,1,19:46:28,00
1246724,5326,24289,28.28,1,1,19.69,205.6,13767,42,-931,-9,932,1,46.3722193,-70.9434130,185.20,27.71,0.60,12,1,19:46:29,00
1247201,5902,24289,30.31,1,1,21.17,221.1,13788,57,-1031,55,1034,1,46.3722193,-70.9434130,185.20,27.71,0.60,12,1,19:46:29,00
1247673,3783,24289,28.38,1,1,20.20,211.0,13808,69,-963,-45,967,1,46.3721613,-70.9434665,185.10,27.63,0.60,12,1,19:46:30,00
1248143,6473,24289,28.35,1,1,20.77,216.9,13829,52,-1011,114,1019,1,46.3721613,-70.9434665,185.10,27.63,0.60,12,1,19:46:30,00
1248618,6571,24289,30.29,1,1,20.50,214.1,13849,38,-1000,96,1005,1,46.3720978,-70.9435045,185.10,27.76,0.60,12,1,19:46:31,00
1249089,6743,24289,30.31,1,1,21.72,226.8,13870,56,-993,120,1002,1,46.3720978,-70.9435045,185.10,27.76,0.60,12,1,19:46:31,00
1249555,2093,24289,28.34,1,1,20.95,218.8,13891,-31,-1084,-43,1085,1,46.3720303,-70.9435230,185.10,27.78,0.60,12,1,19:46:32,00
1250023,1781,24289,28.37,1,1,21.67,226.3,13912,-7,-1146,-39,1147,1,46.3720303,-70.9435230,185.10,27.78,0.61,12,1,19:46:32,00
1250496,6883,24289,28.23,1,1,21.58,225.3,13933,1,-932,83,936,1,46.3719615,-70.9435212,185.10,27.89,0.61,12,1,19:46:33,00
1251039,3286,24289,28.11,1,1,19.19,200.4,13955,-25,-1111,80,1114,1,46.3719615,-70.9435212,185.10,27.89,0.61,12,1,19:46:33,00
1251496,7067,24289,30.56,1,1,21.14,220.8,13975,35,-1129,21,1130,1,46.3718947,-70.9434987,185.00,27.71,0.63,12,1,19:46:34,00
1251961,4181,24289,30.43,1,1,21.44,223.9,13996,-46,-1193,-16,1194,1,46.3718947,-70.9434987,185.00,27.71,0.63,12,1,19:46:34,00
1252425,6059,24289,28.34,1,1,21.35,222.9,14017,52,-936,-24,938,1,46.3718330,-70.9434567,185.00,27.63,0.63,12,1,19:46:35,00
1252897,4085,24289,30.35,1,1,21.35,222.9,14038,53,-989,124,998,1,46.3718330,-70.9434567,185.00,27.63,0.63,12,1,19:46:35,00
1253363,6596,24289,28.06,1,1,20.13,210.2,14057,2,-1040,127,1047,1,46.3718330,-70.9434567,185.00,27.63,0.63,12,1,19:46:35,00
1253833,6411,24289,28.23,1,1,21.76,227.3,14079,55,-751,174,773,1,46.3717798,-70.9433945,185.20,27.63,0.61,12,1,19:46:36,00
1254309,7095,24289,30.59,1,1,20.50,214.1,14099,41,-1068,82,1072,1,46.3717798,-70.9433945,185.20,27.63,0.61,12,1,19:46:36,00
1254783,6686,24289,28.06,1,1,20.86,217.8,14120,28,-1009,152,1021,1,46.3717798,-70.9433945,185.20,27.63,0.61,12,1,19:46:36,00
1255244,7146,24289,30.43,1,1,21.76,227.3,14141,46,-801,184,823,1,46.3717798,-70.9433945,185.20,27.63,0.61,12,1,19:46:36,00
1255717,3457,24289,28.34,1,1,21.81,227.8,14162,20,-891,189,911,1,46.3717798,-70.9433945,185.20,27.63,0.61,12,1,19:46:36,00
1256191,3162,24289,30.46,1,1,21.26,222.0,14183,86,-883,95,892,1,46.3717798,-70.9433945,185.20,27.63,0.61,12,1,19:46:36,00
1256669,6224,24289,27.93,1,1,19.70,205.8,14203,19,-942,265,979,1,46.3716918,-70.9431243,185.30,27.63,0.55,12,1,19:46:39,00
1257141,4567,24289,28.32,1,1,22.41,234.0,14225,70,-945,138,957,1,46.3716918,-70.9431243,185.30,27.63,0.55,12,1,19:46:39,00
1257612,6228,24289,30.62,1,1,21.48,224.4,14246,39,-981,225,1007,1,46.3716870,-70.9430227,185.20,28.39,0.54,12,1,19:46:40,00
1258090,3900,24289,30.32,1,1,21.81,227.7,14268,12,-1111,78,1114,1,46.3716870,-70.9430227,185.20,28.39,0.54,12,1,19:46:40,00
1258567,6197,24289,28.36,1,1,21.44,223.9,14289,14,-798,275,844,1,46.3716977,-70.9429227,185.20,28.24,0.54,12,1,19:46:41,00
1259036,5135,24289,28.21,1,1,22.46,234.5,14311,51,-1049,90,1054,1,46.3716977,-70.9429227,185.20,28.24,0.54,12,1,19:46:41,00
1259505,3049,24289,28.32,1,1,22.89,239.1,14334,41,-1011,205,1032,1,46.3717232,-70.9428285,185.20,28.13,0.54,12,1,19:46:42,00
1259983,2634,24289,30.27,1,1,20.07,209.6,14354,23,-1046,97,1051,1,46.3717232,-70.9428285,185.20,28.13,0.54,12,1,19:46:42,00
1260463,4611,24289,28.09,1,1,20.16,210.5,14374,-1,-971,192,989,1,46.3717602,-70.9427420,185.20,28.26,0.54,12,1,19:46:43,00
1260942,5346,24289,28.34,1,1,20.16,210.5,14394,46,-1091,94,1096,1,46.3717602,-70.9427420,185.10,28.26,0.54,12,1,19:46:43,00
1261416,6633,24289,28.03,1,1,22.08,230.6,14416,4,-1201,189,1216,1,46.3718025,-70.9426597,185.10,28.47,0.54,12,1,19:46:44,00
1261891,6434,24289,30.43,1,1,21.03,219.7,14437,36,-1088,136,1097,1,46.3718025,-70.9426597,185.10,28.47,0.54,12,1,19:46:44,00
1262367,4428,24289,28.42,1,1,20.86,217.8,14458,37,-910,174,927,1,46.3718025,-70.9426597,185.10,28.47,0.54,12,1,19:46:44,00
1262848,6724,24289,28.18,1,1,21.81,227.7,14480,29,-988,161,1001,1,46.3718463,-70.9425778,184.90,28.71,0.55,12,1,19:46:45,00
1263317,2429,24289,29.51,1,1,21.48,224.4,14501,57,-984,194,1004,1,46.3718463,-70.9425778,184.90,28.71,0.55,12,1,19:46:45,00
1263790,4606,24289,30.52,1,1,21.44,223.9,14522,61,-878,124,889,1,46.3718910,-70.9424955,184.70,29.06,0.54,12,1,19:46:46,00
1264264,5976,24289,30.46,1,1,21.35,222.9,14543,48,-938,137,949,1,46.3718910,-70.9424955,184.70,29.06,0.54,12,1,19:46:46,00
1264739,6215,24289,28.68,1,1,21.26,222.0,14564,37,-1079,118,1086,1,46.3719360,-70.9424125,184.60,29.30,0.54,12,1,19:46:47,00
1265215,5818,24289,28.57,1,1,21.35,222.9,14585,31,-981,119,989,1,46.3719360,-70.9424125,184.60,29.30,0.54,12,1,19:46:47,00
1265688,6702,24289,28.23,1,1,20.12,210.1,14605,27,-1008,36,1009,1,46.3719813,-70.9423290,184.60,29.28,0.54,12,1,19:46:48,00
1266241,5691,24289,28.51,1,1,18.05,188.5,14626,32,-955,113,962,1,46.3719813,-70.9423290,184.60,29.28,0.54,12,1,19:46:48,00
1266712,5348,24289,28.66,1,1,19.07,199.2,14645,38,-887,93,893,1,46.3720267,-70.9422462,184.70,29.15,0.54,12,1,19:46:49,00
1267173,7182,24289,30.49,1,1,20.82,217.4,14665,82,-886,-16,890,1,46.3720267,-70.9422462,184.70,29.15,0.54,12,1,19:46:49,00
1267646,4197,24289,30.48,1,1,20.77,216.9,14685,28,-945,29,946,1,46.3720720,-70.9421637,184.70,29.04,0.54,12,1,19:46:50,00
1268107,7210,24289,28.43,1,1,20.73,216.5,14705,-16,-1077,48,1078,1,46.3720720,-70.9421637,184.70,29.04,0.54,12,1,19:46:50,00
1268569,5276,24289,28.53,1,1,20.68,216.0,14725,127,-1035,-58,1045,1,46.3721178,-70.9420828,184.70,28.80,0.56,12,1,19:46:51,00
1269030,5466,24289,28.68,1,1,19.61,204.7,14744,55,-1088,-3,1090,1,46.3721178,-70.9420828,184.70,28.80,0.56,12,1,19:46:51,00
1269502,5871,24289,28.66,1,1,19.95,208.3,14764,78,-835,47,840,1,46.3721640,-70.9420035,184.70,28.56,0.54,12,1,19:46:52,00
1269976,6929,24289,29.61,1,1,20.59,215.1,14784,64,-979,22,981,1,46.3721640,-70.9420035,184.70,28.56,0.54,12,1,19:46:52,00
1270441,5406,24289,29.02,1,1,20.59,215.1,14804,30,-988,63,990,1,46.3722115,-70.9419272,184.70,28.28,0.54,12,1,19:46:53,00
1270904,5983,24289,28.53,1,1,20.68,216.0,14824,54,-981,-26,983,1,46.3722115,-70.9419272,184.70,28.28,0.54,12,1,19:46:53,00
1271364,5521,24289,28.81,1,1,21.67,226.3,14845,65,-898,-8,901,1,46.3722115,-70.9419272,184.70,28.28,0.54,12,1,19:46:53,00
1271833,7222,24289,28.40,1,1,20.68,216.0,14865,10,-1178,32,1178,1,46.3722622,-70.9418565,184.70,28.09,0.54,12,1,19:46:54,00
1272309,6599,24289,30.88,1,1,20.03,209.2,14885,34,-1094,32,1095,1,46.3722622,-70.9418565,184.70,28.09,0.54,12,1,19:46:54,00
1272786,4389,24289,28.61,1,1,20.07,209.6,14905,6,-909,131,919,1,46.3723182,-70.9417957,184.80,28.09,0.54,12,1,19:46:55,00
1273254,5150,24289,28.64,1,1,21.44,223.9,14926,35,-1085,52,1087,1,46.3723182,-70.9417957,184.80,28.09,0.54,12,1,19:46:55,00
1273723,4366,24289,30.64,1,1,19.65,205.2,14945,33,-1026,57,1028,1,46.3723800,-70.9417497,184.90,27.74,0.54,12,1,19:46:56,00
1274188,3747,24289,28.49,1,1,18.22,190.3,14963,69,-1033,33,1036,1,46.3723800,-70.9417497,184.90,27.74,0.54,12,1,19:46:56,00
1274668,6385,24289,29.55,1,1,18.53,193.5,14981,24,-1138,59,1139,1,46.3724470,-70.9417235,185.00,27.67,0.54,12,1,19:46:57,00
1275142,6517,24289,30.60,1,1,19.58,204.5,15001,41,-1107,35,1108,1,46.3724470,-70.9417235,185.00,27.67,0.54,12,1,19:46:57,00
1275612,6427,24289,30.83,1,1,18.53,193.5,15019,101,-901,25,907,1,46.3725158,-70.9417187,185.00,27.61,0.54,12,1,19:46:58,00
1276085,4194,24289,28.38,1,1,20.90,218.3,15040,45,-956,-43,958,1,46.3725158,-70.9417187,185.00,27.61,0.54,12,1,19:46:58,00
1276554,2244,24289,28.56,1,1,19.65,205.2,15059,-28,-945,84,949,1,46.3725837,-70.9417352,185.00,27.50,0.54,12,1,19:46:59,00
1277033,6286,24289,30.56,1,1,20.12,210.1,15079,76,-733,43,739,1,46.3725837,-70.9417352,185.00,27.50,0.54,12,1,19:46:59,00
1277498,4534,24289,28.45,1,1,20.24,211.4,15099,72,-926,34,929,1,46.3725837,-70.9417352,185.00,27.50,0.54,12,1,19:46:59,00
1277965,3633,24289,28.48,1,1,21.44,223.9,15120,59,-889,20,891,1,46.3726477,-70.9417710,185.10,27.47,0.54,12,1,19:47:00,00
1278443,5303,24289,28.36,1,1,19.99,208.8,15140,30,-1131,132,1139,1,46.3726477,-70.9417710,185.10,27.47,0.54,12,1,19:47:00,00
1278909,4359,24289,30.35,1,1,21.76,227.3,15161,36,-876,214,903,1,46.3727055,-70.9418245,185.10,27.58,0.55,12,1,19:47:01,00
1279385,4242,24289,28.50,1,1,22.08,230.6,15183,63,-1004,104,1011,1,46.3727055,-70.9418245,185.10,27.58,0.55,12,1,19:47:01,00
1279860,4436,24289,28.33,1,1,22.08,230.6,15205,31,-1017,146,1028,1,46.3727542,-70.9418947,185.20,27.58,0.55,12,1,19:47:02,00
1280338,4090,24289,30.32,1,1,22.22,232.1,15227,44,-1017,206,1039,1,46.3727542,-70.9418947,185.20,27.58,0.55,12,1,19:47:02,00
1280805,4242,24289,29.42,1,1,21.81,227.8,15248,67,-985,103,993,1,46.3727908,-70.9419792,185.10,27.93,0.54,12,1,19:47:03,00
1281344,4151,24289,30.38,1,1,20.13,210.2,15271,7,-1183,175,1196,1,46.3727908,-70.9419792,185.10,27.93,0.54,12,1,19:47:03,00
1281811,4065,24289,30.45,1,1,21.95,229.3,15292,59,-931,172,949,1,46.3728140,-70.9420745,185.10,28.17,0.54,12,1,19:47:04,00
1282272,4537,24289,28.37,1,1,22.36,233.5,15314,19,-936,235,965,1,46.3728140,-70.9420745,185.10,28.17,0.54,12,1,19:47:04,00
1282732,4086,24289,30.36,1,1,22.34,233.3,15335,4,-981,163,995,1,46.3728230,-70.9421753,185.10,28.30,0.54,12,1,19:47:05,00
1283192,4370,24289,29.04,1,1,22.80,238.1,15357,9,-893,153,906,1,46.3728230,-70.9421753,185.10,28.30,0.54,12,1,19:47:05,00
1283652,4690,24289,28.17,1,1,22.00,229.8,15378,56,-922,205,946,1,46.3728167,-70.9422772,185.10,28.54,0.54,12,1,19:47:06,00
1284116,5060,24289,28.25,1,1,22.18,231.6,15400,6,-990,91,994,1,46.3728167,-70.9422772,185.00,28.54,0.54,12,1,19:47:06,00
1284583,3699,24289,30.52,1,1,20.73,216.5,15420,34,-848,197,872,1,46.3727948,-70.9423755,185.00,28.85,0.54,12,1,19:47:07,00
1285042,3799,24289,28.42,1,1,22.60,236.1,15442,28,-971,124,979,1,46.3727948,-70.9423755,185.00,28.85,0.54,12,1,19:47:07,00
1285498,6259,24289,29.90,1,1,21.09,220.3,15462,39,-900,113,908,1,46.3727948,-70.9423755,185.00,28.85,0.54,12,1,19:47:07,00
1285959,6826,24289,30.56,1,1,22.15,231.3,15483,15,-1077,127,1084,1,46.3727587,-70.9424667,184.80,29.45,0.54,12,1,19:47:08,00
1286430,6862,24289,28.18,1,1,22.04,230.1,15505,26,-1154,66,1156,1,46.3727587,-70.9424667,184.80,29.45,0.54,12,1,19:47:08,00
1286898,6279,24289,28.37,1,1,20.46,213.7,15525,26,-1033,109,1039,1,46.3727150,-70.9425537,184.80,29.71,0.54,12,1,19:47:09,00
1287362,7331,24289,30.87,1,1,21.62,225.8,15546,48,-972,128,982,1,46.3727150,-70.9425537,184.80,29.71,0.54,12,1,19:47:09,00
1287828,6524,24289,28.42,1,1,21.53,224.8,15567,61,-1043,112,1051,1,46.3726690,-70.9426385,184.80,29.82,0.54,12,1,19:47:10,00
1288297,2228,24289,28.54,1,1,20.50,214.1,15587,41,-907,139,919,1,46.3726690,-70.9426385,184.80,29.82,0.54,12,1,19:47:10,00
1288770,6552,24289,28.40,1,1,20.46,213.7,15607,42,-951,115,959,1,46.3726228,-70.9427238,184.80,30.06,0.54,12,1,19:47:11,00
1289244,6999,24289,28.33,1,1,21.39,223.4,15628,13,-1067,58,1069,1,46.3726228,-70.9427238,184.80,30.06,0.54,12,1,19:47:11,00
1289720,5173,24289,28.37,1,1,20.73,216.5,15649,40,-1017,44,1019,1,46.3725782,-70.9428110,184.70,30.11,0.60,12,1,19:47:12,00
1290196,3751,24289,28.52,1,1,21.35,222.9,15670,-5,-1228,32,1229,1,46.3725782,-70.9428110,184.70,30.11,0.60,12,1,19:47:12,00
1290670,3333,24289,28.70,1,1,20.37,212.8,15690,-8,-1206,87,1209,1,46.3725335,-70.9428983,184.60,30.08,0.60,12,1,19:47:13,00
1291142,5960,24289,28.57,1,1,20.37,212.8,15710,10,-1024,53,1025,1,46.3725335,-70.9428983,184.60,30.08,0.60,12,1,19:47:13,00
1291609,6868,24289,30.54,1,1,21.94,229.2,15732,24,-957,51,959,1,46.3724892,-70.9429848,184.60,29.78,0.60,12,1,19:47:14,00
1292088,7231,24289,28.29,1,1,21.21,221.5,15753,25,-924,89,929,1,46.3724892,-70.9429848,184.60,29.78,0.60,12,1,19:47:14,00
1292561,4247,24289,30.78,1,1,21.21,221.5,15774,25,-990,18,991,1,46.3724452,-70.9430697,184.60,29.32,0.60,12,1,19:47:15,00
1293033,7117,24289,30.65,1,1,20.37,212.8,15794,23,-1123,15,1123,1,46.3724452,-70.9430697,184.60,29.32,0.60,12,1,19:47:15,00
1293511,3523,24289,28.65,1,1,21.30,222.5,15815,23,-1103,-60,1105,1,46.3724013,-70.9431530,184.60,28.80,0.60,12,1,19:47:16,00
1293986,5128,24289,28.72,1,1,20.69,216.0,15836,36,-1060,-50,1062,1,46.3724013,-70.9431530,184.60,28.80,0.60,12,1,19:47:16,00
1294456,6099,24289,29.16,1,1,20.24,211.4,15856,51,-862,45,865,1,46.3724013,-70.9431530,184.60,28.80,0.60,12,1,19:47:16,00
1294929,7075,24289,28.45,1,1,21.30,222.5,15877,68,-832,122,843,1,46.3723553,-70.9432317,184.70,28.48,0.60,12,1,19:47:17,00
1295404,3748,24289,30.81,1,1,21.17,221.1,15898,92,-850,59,857,1,46.3723553,-70.9432317,184.70,28.48,0.60,12,1,19:47:17,00
1295879,4881,24289,28.65,1,1,20.77,216.9,15918,21,-985,26,986,1,46.3723065,-70.9433063,184.80,28.35,0.60,12,1,19:47:18,00
1296427,5597,24289,28.78,1,1,18.71,195.4,15940,14,-1015,-23,1015,1,46.3722552,-70.9433765,184.80,28.21,0.60,12,1,19:47:19,00
1296889,6283,24289,28.83,1,1,20.31,212.1,15959,37,-971,-83,975,1,46.3722552,-70.9433765,184.90,28.21,0.60,12,1,19:47:19,00
1297358,5772,24289,28.68,1,1,20.95,218.8,15980,-24,-1060,40,1061,1,46.3722552,-70.9433765,184.90,28.21,0.60,12,1,19:47:19,00
1297823,4626,24289,30.72,1,1,20.64,215.5,16000,-18,-1085,15,1085,1,46.3721995,-70.9434380,184.90,28.13,0.60,12,1,19:47:20,00
1298298,5212,24289,28.73,1,1,21.17,221.1,16021,33,-1000,11,1000,1,46.3721995,-70.9434380,184.90,28.13,0.60,12,1,19:47:20,00
1298763,6464,24289,30.78,1,1,20.04,209.3,16040,154,-826,-77,844,1,46.3721377,-70.9434863,185.00,28.15,0.60,12,1,19:47:21,00
1299228,6290,24289,28.73,1,1,21.44,223.9,16061,29,-946,60,948,1,46.3721377,-70.9434863,185.00,28.15,0.60,12,1,19:47:21,00
1299693,6406,24289,28.48,1,1,21.72,226.8,16082,-3,-1089,23,1089,1,46.3720712,-70.9435162,185.00,28.04,0.57,12,1,19:47:22,00
1300159,4997,24289,28.51,1,1,21.67,226.3,16103,131,-952,111,968,1,46.3720712,-70.9435162,185.00,28.04,0.57,12,1,19:47:22,00
1300629,6247,24289,28.70,1,1,22.04,230.1,16125,21,-890,45,891,1,46.3720017,-70.9435253,185.10,28.11,0.57,12,1,19:47:23,00
1301092,6373,24289,30.63,1,1,19.52,203.9,16144,64,-942,-139,954,1,46.3720017,-70.9435253,185.10,28.11,0.57,12,1,19:47:23,00
1301557,6105,24289,28.68,1,1,20.55,214.6,16164,-46,-1257,-12,1258,1,46.3719325,-70.9435135,185.10,28.02,0.61,12,1,19:47:24,00
1302024,6406,24289,28.41,1,1,19.52,203.9,16183,37,-897,13,898,1,46.3719325,-70.9435135,185.10,28.02,0.61,12,1,19:47:24,00
1302486,1983,24289,28.66,1,1,20.55,214.6,16203,-36,-1106,-17,1107,1,46.3718667,-70.9434815,185.10,27.85,0.66,12,1,19:47:25,00
1302953,6782,24289,28.58,1,1,21.58,225.3,16224,5,-908,37,909,1,46.3718667,-70.9434815,185.10,27.85,0.66,12,1,19:47:25,00
1303424,6962,24289,28.55,1,1,21.58,225.3,16245,-48,-1064,50,1067,1,46.3718075,-70.9434313,185.10,27.48,0.60,12,1,19:47:26,00
1303900,6329,24289,28.57,1,1,20.99,219.2,16266,-15,-1012,189,1030,1,46.3718075,-70.9434313,185.10,27.48,0.60,12,1,19:47:26,00
1304368,6657,24289,28.83,1,1,21.81,227.8,16287,-32,-1170,119,1177,1,46.3717587,-70.9433625,185.30,27.47,0.57,12,1,19:47:27,00
1304839,6533,24289,29.99,1,1,22.08,230.6,16309,32,-854,164,870,1,46.3717587,-70.9433625,185.30,27.47,0.57,12,1,19:47:27,00
1305304,1921,24289,28.63,1,1,20.82,217.4,16329,29,-917,175,934,1,46.3717587,-70.9433625,185.30,27.47,0.57,12,1,19:47:27,00
1305777,2267,24289,28.58,1,1,22.22,232.1,16351,123,-875,192,904,1,46.3717237,-70.9432765,185.20,27.89,0.56,12,1,19:47:28,00
1306242,2916,24289,30.75,1,1,22.41,234.0,16373,81,-917,164,935,1,46.3717237,-70.9432765,185.20,27.89,0.56,12,1,19:47:28,00
1306711,4081,24289,30.56,1,1,21.44,223.9,16394,47,-988,123,997,1,46.3717012,-70.9431805,185.10,28.39,0.54,12,1,19:47:29,00
1307179,3847,24289,30.63,1,1,22.51,235.0,16416,22,-911,176,928,1,46.3717012,-70.9431805,185.10,28.39,0.54,12,1,19:47:29,00
1307654,4374,24289,28.71,1,1,21.62,225.8,16437,26,-871,233,902,1,46.3716898,-70.9430795,185.10,28.52,0.54,12,1,19:47:30,00
1308122,3371,24289,30.71,1,1,21.48,224.4,16458,53,-843,207,869,1,46.3716898,-70.9430795,185.10,28.52,0.54,12,1,19:47:30,00
1308600,3159,24289,30.79,1,1,21.85,228.2,16480,68,-748,343,826,1,46.3716927,-70.9429775,185.00,28.45,0.54,12,1,19:47:31,00
1309073,3590,24289,28.51,1,1,21.53,224.8,16501,-37,-1116,7,1117,1,46.3716927,-70.9429775,185.00,28.45,0.54,12,1,19:47:31,00
1309540,3881,24289,28.58,1,1,22.51,235.0,16523,-16,-1108,177,1123,1,46.3717113,-70.9428793,185.00,28.32,0.54,12,1,19:47:32,00
1310014,4969,24289,28.50,1,1,21.81,227.7,16545,7,-1056,88,1060,1,46.3717113,-70.9428793,185.00,28.32,0.54,12,1,19:47:32,00
1310485,3201,24289,28.80,1,1,21.44,223.9,16566,30,-1041,183,1058,1,46.3717443,-70.9427888,185.00,28.41,0.54,12,1,19:47:33,00
1310953,3069,24289,28.45,1,1,21.26,222.0,16587,24,-942,108,948,1,46.3717443,-70.9427888,185.00,28.41,0.54,12,1,19:47:33,00
1311496,2201,24289,28.64,1,1,19.61,204.8,16609,36,-891,161,906,1,46.3717858,-70.9427047,185.00,28.65,0.54,12,1,19:47:34,00
1311960,5136,24289,28.61,1,1,17.69,184.8,16626,61,-822,110,831,1,46.3717858,-70.9427047,185.00,28.65,0.54,12,1,19:47:34,00
1312430,2822,24289,29.87,1,1,20.16,210.5,16646,22,-860,124,869,1,46.3718298,-70.9426222,185.00,28.87,0.54,12,1,19:47:35,00
1312893,7342,24289,28.72,1,1,19.61,204.7,16665,14,-965,159,978,1,46.3718298,-70.9426222,184.90,28.87,0.54,12,1,19:47:35,00
1313353,4172,24289,28.99,1,1,20.59,215.1,16685,28,-1089,137,1098,1,46.3718298,-70.9426222,184.90,28.87,0.54,12,1,19:47:35,00
1313812,2727,24289,28.91,1,1,20.17,210.6,16704,8,-898,124,906,1,46.3718740,-70.9425385,184.90,29.19,0.54,12,1,19:47:36,00
1314278,2639,24289,30.17,1,1,21.42,223.7,16724,74,-811,121,824,1,46.3718740,-70.9425385,184.90,29.19,0.54,12,1,19:47:36,00
1314743,6764,24289,28.70,1,1,18.76,195.9,16743,18,-1032,153,1043,1,46.3719177,-70.9424533,184.80,29.39,0.54,12,1,19:47:37,00
1315206,6631,24289,28.84,1,1,19.82,207.0,16762,22,-983,29,984,1,46.3719177,-70.9424533,184.80,29.39,0.54,12,1,19:47:37,00
1315664,2495,24289,30.08,1,1,21.09,220.3,16782,-13,-1068,164,1080,1,46.3719617,-70.9423682,184.80,29.45,0.54,12,1,19:47:38,00
1316126,5179,24289,30.87,1,1,20.29,211.9,16802,13,-1017,83,1021,1,46.3719617,-70.9423682,184.80,29.45,0.54,12,1,19:47:38,00
1316594,6248,24289,28.93,1,1,20.50,214.1,16822,33,-1000,27,1001,1,46.3720070,-70.9422845,184.80,29.35,0.54,12,1,19:47:39,00
1317064,3958,24289,29.02,1,1,18.61,194.4,16840,0,-1091,54,1092,1,46.3720070,-70.9422845,184.80,29.35,0.54,12,1,19:47:39,00
1317542,6913,24289,28.79,1,1,20.42,213.2,16860,24,-1000,-51,1002,1,46.3720523,-70.9422015,184.80,29.22,0.54,12,1,19:47:40,00
1318012,7234,24289,28.81,1,1,20.77,216.9,16881,53,-944,56,947,1,46.3720523,-70.9422015,184.80,29.22,0.54,12,1,19:47:40,00
1318480,4752,24289,31.05,1,1,18.29,191.0,16898,57,-997,51,1000,1,46.3720523,-70.9422015,184.80,29.22,0.54,12,1,19:47:40,00
1318946,5378,24289,28.97,1,1,20.82,217.4,16919,52,-1099,6,1100,1,46.3720978,-70.9421193,184.80,29.02,0.54,12,1,19:47:41,00
1319433,6585,24289,29.25,1,1,20.23,211.3,16940,22,-1129,2,1129,1,46.3720978,-70.9421193,184.80,29.02,0.54,12,1,19:47:41,00
1319906,6386,24289,31.14,1,1,20.64,215.5,16960,30,-976,36,977,1,46.3721437,-70.9420380,184.90,29.02,0.54,12,1,19:47:42,00
1320385,5331,24289,28.86,1,1,19.95,208.3,16980,51,-905,60,908,1,46.3721437,-70.9420380,184.90,29.02,0.54,12,1,19:47:42,00
1320856,4883,24289,29.10,1,1,20.03,209.2,17000,45,-963,47,965,1,46.3721903,-70.9419597,184.90,28.48,0.54,12,1,19:47:43,00
1321338,5022,24289,28.90,1,1,21.99,229.6,17022,24,-1100,103,1105,1,46.3721903,-70.9419597,184.90,28.48,0.54,12,1,19:47:43,00
1321810,6594,24289,29.42,1,1,20.03,209.2,17042,-2,-1154,92,1157,1,46.3722393,-70.9418857,184.90,28.30,0.54,12,1,19:47:44,00
1322282,6260,24289,31.25,1,1,20.73,216.5,17062,43,-1014,76,1018,1,46.3722393,-70.9418857,184.90,28.30,0.54,12,1,19:47:44,00
1322750,5671,24289,29.19,1,1,19.95,208.3,17082,35,-948,26,949,1,46.3722940,-70.9418205,185.00,28.19,0.54,12,1,19:47:45,00
1323218,5458,24289,31.16,1,1,20.64,215.5,17102,25,-1074,119,1080,1,46.3722940,-70.9418205,185.00,28.19,0.54,12,1,19:47:45,00
1323695,5877,24289,31.13,1,1,19.35,202.1,17121,-12,-1025,7,1025,1,46.3723538,-70.9417675,185.00,28.02,0.54,12,1,19:47:46,00
1324171,5975,24289,30.31,1,1,20.90,218.3,17142,24,-946,-40,947,1,46.3723538,-70.9417675,185.00,28.02,0.54,12,1,19:47:46,00
1324645,6187,24289,29.29,1,1,20.12,210.1,17162,44,-930,-25,931,1,46.3724188,-70.9417312,185.10,27.82,0.55,12,1,19:47:47,00
1325113,6343,24289,29.36,1,1,21.16,220.9,17181,3,-975,-69,978,1,46.3724188,-70.9417312,185.10,27.82,0.55,12,1,19:47:47,00
1325578,4923,24289,31.16,1,1,18.92,197.6,17201,39,-1024,-103,1030,1,46.3724872,-70.9417163,185.10,27.50,0.55,12,1,19:47:48,00
1326048,6449,24289,30.84,1,1,20.73,216.5,17221,32,-879,-5,879,1,46.3724872,-70.9417163,185.10,27.50,0.55,12,1,19:47:48,00
1326593,7083,24289,31.18,1,1,19.08,199.3,17243,32,-1034,19,1035,1,46.3725553,-70.9417253,185.10,27.50,0.55,12,1,19:47:49,00
1327057,5659,24289,28.93,1,1,20.08,209.7,17262,-68,-954,54,958,1,46.3725553,-70.9417253,185.10,27.50,0.54,12,1,19:47:49,00
1327519,2205,24289,28.81,1,1,21.81,227.8,17283,2,-939,78,942,1,46.3726208,-70.9417553,185.10,27.59,0.54,12,1,19:47:50,00
1327977,3969,24289,28.82,1,1,22.32,233.1,17305,36,-922,32,923,1,46.3726208,-70.9417553,185.10,27.59,0.54,12,1,19:47:50,00
1328440,5811,24289,30.38,1,1,22.29,232.8,17326,51,-901,78,906,1,46.3726208,-70.9417553,185.10,27.59,0.54,12,1,19:47:50,00
1328906,4554,24289,28.84,1,1,23.04,240.6,17349,68,-855,93,863,1,46.3726810,-70.9418032,185.00,27.65,0.54,12,1,19:47:51,00
1329368,4457,24289,28.85,1,1,22.85,238.6,17371,72,-876,107,886,1,46.3726810,-70.9418032,185.00,27.65,0.54,12,1,19:47:51,00
1329828,4333,24289,28.61,1,1,21.81,227.8,17392,53,-825,163,842,1,46.3727348,-70.9418655,185.00,27.61,0.54,12,1,19:47:52,00
1330295,3798,24289,31.00,1,1,20.77,216.9,17412,16,-879,189,899,1,46.3727348,-70.9418655,185.00,27.61,0.54,12,1,19:47:52,00
1330766,3863,24289,31.16,1,1,22.13,231.1,17434,42,-892,193,914,1,46.3727798,-70.9419400,185.10,27.39,0.54,12,1,19:47:53,00
1331236,4771,24289,28.88,1,1,21.81,227.8,17455,33,-923,80,927,1,46.3727798,-70.9419400,185.10,27.39,0.54,12,1,19:47:53,00
1331705,4434,24289,29.03,1,1,22.18,231.6,17477,34,-1080,158,1092,1,46.3728125,-70.9420260,185.20,27.19,0.54,12,1,19:47:54,00
1332169,4434,24289,29.02,1,1,23.05,240.7,17499,24,-984,116,992,1,46.3728125,-70.9420260,185.20,27.19,0.54,12,1,19:47:54,00
1332640,4098,24289,28.82,1,1,22.36,233.5,17521,28,-1041,204,1061,1,46.3728288,-70.9421210,185.20,27.22,0.54,12,1,19:47:55,00
1333109,4196,24289,30.94,1,1,22.46,234.5,17543,-3,-1014,75,1016,1,46.3728288,-70.9421210,185.20,27.22,0.54,12,1,19:47:55,00
1333582,3860,24289,30.43,1,1,22.75,237.6,17566,9,-913,268,951,1,46.3728265,-70.9422197,185.20,27.84,0.54,12,1,19:47:56,00
1334051,3805,24289,28.91,1,1,22.55,235.5,17588,46,-911,185,930,1,46.3728265,-70.9422197,185.00,27.84,0.54,12,1,19:47:56,00
1334525,4206,24289,30.97,1,1,22.41,234.0,17610,35,-946,71,949,1,46.3728265,-70.9422197,185.00,27.84,0.54,12,1,19:47:56,00
1335001,4332,24289,28.95,1,1,22.36,233.5,17632,-29,-1132,125,1139,1,46.3728083,-70.9423182,184.90,28.54,0.54,12,1,19:47:57,00
1335478,3922,24289,31.05,1,1,21.17,221.1,17653,38,-873,117,881,1,46.3728083,-70.9423182,184.90,28.54,0.54,12,1,19:47:57,00
1335952,3298,24289,30.88,1,1,22.04,230.1,17675,41,-934,245,966,1,46.3727778,-70.9424133,184.70,29.28,0.54,12,1,19:47:58,00
1336428,4239,24289,28.97,1,1,20.90,218.3,17696,62,-884,169,902,1,46.3727778,-70.9424133,184.70,29.28,0.54,12,1,19:47:58,00
1336893,2916,24289,28.91,1,1,22.46,234.5,17718,66,-914,169,932,1,46.3727383,-70.9425035,184.60,29.61,0.55,12,1,19:47:59,00
1337369,3913,24289,29.04,1,1,19.35,202.1,17737,41,-985,171,1001,1,46.3727383,-70.9425035,184.60,29.61,0.55,12,1,19:47:59,00
1337838,3023,24289,28.95,1,1,21.21,221.5,17758,-8,-908,167,923,1,46.3726947,-70.9425903,184.50,29.74,0.55,12,1,19:48:00,00
1338314,2634,24289,29.02,1,1,20.20,211.0,17778,40,-948,123,956,1,46.3726947,-70.9425903,184.50,29.74,0.55,12,1,19:48:00,00
1338779,4075,24289,28.94,1,1,20.73,216.5,17798,27,-973,98,979,1,46.3726500,-70.9426757,184.40,29.87,0.55,12,1,19:48:01,00
1339248,7348,24289,28.96,1,1,21.81,227.8,17819,10,-940,68,942,1,46.3726500,-70.9426757,184.40,29.87,0.55,12,1,19:48:01,00
1339720,4135,24289,29.35,1,1,22.08,230.6,17841,-23,-1028,61,1030,1,46.3726032,-70.9427615,184.50,30.13,0.56,12,1,19:48:02,00
1340188,7032,24289,29.03,1,1,20.29,211.9,17861,0,-1036,87,1040,1,46.3726032,-70.9427615,184.50,30.13,0.56,12,1,19:48:02,00
1340667,5718,24289,31.24,1,1,21.76,227.3,17883,-6,-997,74,1000,1,46.3725557,-70.9428472,184.50,30.28,0.56,12,1,19:48:03,00
1341130,5643,24289,29.13,1,1,21.18,221.2,17903,32,-1012,98,1017,1,46.3725557,-70.9428472,184.50,30.28,0.56,12,1,19:48:03,00
1341679,5148,24289,29.11,1,1,18.28,190.9,17924,21,-1029,6,1030,1,46.3725088,-70.9429335,184.60,30.28,0.56,12,1,19:48:04,00
1342141,5780,24289,29.14,1,1,21.62,225.8,17945,23,-1112,-26,1113,1,46.3725088,-70.9429335,184.60,30.28,0.56,12,1,19:48:04,00
1342604,7191,24289,30.77,1,1,19.35,202.1,17964,53,-1051,-80,1055,1,46.3724628,-70.9430192,184.60,29.93,0.56,12,1,19:48:05,00
1343087,7206,24289,29.13,1,1,20.24,211.4,17984,30,-968,110,975,1,46.3724628,-70.9430192,184.60,29.93,0.56,12,1,19:48:05,00
1343551,6726,24289,29.18,1,1,22.65,236.6,18006,41,-977,-31,979,1,46.3724167,-70.9431030,184.60,29.50,0.56,12,1,19:48:06,00
1344010,6964,24289,29.04,1,1,19.78,206.5,18025,299,-954,262,1033,1,46.3724167,-70.9431030,184.70,29.50,0.56,12,1,19:48:06,00
1344472,6820,24289,29.13,1,1,21.44,223.9,18046,36,-1017,62,1019,1,46.3724167,-70.9431030,184.70,29.50,0.56,12,1,19:48:06,00
1344938,7034,24289,31.29,1,1,21.09,220.3,18066,53,-1078,-83,1082,1,46.3723708,-70.9431853,184.80,29.11,0.56,12,1,19:48:07,00
1345411,6824,24289,31.38,1,1,21.76,227.3,18088,86,-1043,23,1046,1,46.3723708,-70.9431853,184.80,29.11,0.56,12,1,19:48:07,00
1345870,6823,24289,30.73,1,1,21.14,220.8,18108,4,-942,-66,945,1,46.3723238,-70.9432647,184.90,28.87,0.56,12,1,19:48:08,00
1346333,4563,24289,31.09,1,1,21.48,224.4,18129,-3,-1068,-15,1068,1,46.3723238,-70.9432647,184.90,28.87,0.56,12,1,19:48:08,00
1346799,6287,24289,29.02,1,1,22.80,238.1,18151,84,-1285,5,1288,1,46.3722753,-70.9433408,184.90,28.54,0.56,12,1,19:48:09,00
1347272,2460,24289,29.20,1,1,20.16,210.5,18171,-41,-1164,-87,1168,1,46.3722753,-70.9433408,184.90,28.54,0.56,12,1,19:48:09,00
1347744,2659,24289,29.11,1,1,20.50,214.1,18191,-83,-1054,77,1060,1,46.3722227,-70.9434097,185.00,28.39,0.56,12,1,19:48:10,00
1348218,6372,24289,31.22,1,1,20.82,217.4,18212,69,-1031,42,1035,1,46.3722227,-70.9434097,185.00,28.39,0.56,12,1,19:48:10,00
1348680,6476,24289,28.81,1,1,21.67,226.3,18233,-1,-1082,131,1090,1,46.3721640,-70.9434665,185.00,28.17,0.56,12,1,19:48:11,00
1349151,5629,24289,31.07,1,1,19.61,204.7,18252,-30,-891,-42,893,1,46.3721640,-70.9434665,185.00,28.17,0.56,12,1,19:48:11,00
1349621,6027,24289,30.64,1,1,18.61,194.4,18270,-99,-1026,52,1032,1,46.3720997,-70.9435063,185.00,28.15,0.56,12,1,19:48:12,00
1350098,6783,24289,31.25,1,1,19.03,198.7,18289,18,-991,-1,991,1,46.3720997,-70.9435063,185.00,28.15,0.60,12,1,19:48:12,00
1350569,6233,24289,31.45,1,1,16.96,177.1,18306,28,-538,-34,540,1,46.3720315,-70.9435257,185.00,27.98,0.60,12,1,19:48:13,00
1351046,3123,24289,29.15,1,1,19.44,203.0,18325,80,-884,-142,898,1,46.3720315,-70.9435257,185.00,27.98,0.57,12,1,19:48:13,00
1351510,7212,24289,31.08,1,1,20.42,213.2,18345,121,-1141,-62,1149,1,46.3719620,-70.9435218,185.00,28.11,0.57,12,1,19:48:14,00
1351974,4080,24289,31.09,1,1,17.39,181.6,18362,20,-1142,-18,1142,1,46.3719620,-70.9435218,184.90,28.11,0.60,12,1,19:48:14,00
1352450,6538,24289,29.13,1,1,17.35,181.2,18379,93,-965,26,970,1,46.3719620,-70.9435218,184.90,28.11,0.60,12,1,19:48:14,00
1352928,4167,24289,30.35,1,1,20.12,210.1,18399,3,-1055,142,1064,1,46.3719620,-70.9435218,184.90,28.11,0.60,12,1,19:48:14,00
1353400,6904,24289,29.26,1,1,20.33,212.3,18419,68,-796,245,835,1,46.3719620,-70.9435218,184.90,28.11,0.60,12,1,19:48:14,00
1353865,7074,24289,28.87,1,1,21.03,219.7,18440,-107,-887,122,901,1,46.3718307,-70.9434483,185.40,28.32,0.59,12,1,19:48:16,00
1354342,6351,24289,29.00,1,1,20.16,210.5,18460,90,-1074,32,1079,1,46.3718307,-70.9434483,185.40,28.32,0.59,12,1,19:48:16,00
1354822,2881,24289,30.78,1,1,21.03,219.7,18481,-115,-963,205,991,1,46.3717782,-70.9433812,185.40,28.22,0.59,12,1,19:48:17,00
1355294,6456,24289,29.09,1,1,22.13,231.1,18503,-1,-905,198,926,1,46.3717782,-70.9433812,185.40,28.22,0.59,12,1,19:48:17,00
1355773,6799,24289,31.26,1,1,21.21,221.5,18524,-51,-862,68,866,1,46.3717377,-70.9432975,185.30,28.22,0.56,12,1,19:48:18,00
1356260,3214,24289,28.87,1,1,20.60,215.2,18545,112,-915,135,932,1,46.3717377,-70.9432975,185.30,28.22,0.56,12,1,19:48:18,00
1356803,3743,24289,30.11,1,1,19.29,201.5,18567,17,-965,122,973,1,46.3717078,-70.9432040,185.20,28.50,0.56,12,1,19:48:19,00
1357272,5549,24289,31.04,1,1,21.53,224.8,18588,-20,-917,228,945,1,46.3717078,-70.9432040,185.20,28.50,0.56,12,1,19:48:19,00
1357746,3548,24289,31.48,1,1,20.59,215.1,18608,-129,-910,199,941,1,46.3716898,-70.9431045,185.00,28.48,0.54,12,1,19:48:20,00
1358215,4629,24289,29.15,1,1,19.95,208.3,18628,93,-964,89,973,1,46.3716898,-70.9431045,185.00,28.48,0.54,12,1,19:48:20,00
1358688,4268,24289,31.20,1,1,18.57,194.0,18646,-17,-918,116,925,1,46.3716870,-70.9430027,184.90,28.19,0.54,12,1,19:48:21,00
1359161,-36,24289,28.70,1,1,21.99,229.6,18668,162,-1053,104,1071,1,46.3716870,-70.9430027,184.90,28.19,0.54,12,1,19:48:21,00
1359632,-81,24289,28.72,1,1,19.40,202.6,18687,-8,-918,107,924,1,46.3717028,-70.9429040,184.80,28.22,0.53,12,1,19:48:22,00
1360102,-71,24289,28.65,1,1,20.37,212.8,18707,-1,-992,116,999,1,46.3717028,-70.9429040,184.80,28.22,0.53,12,1,19:48:22,00
1360573,-82,24289,28.67,1,1,20.24,211.4,18727,45,-1018,93,1023,1,46.3717352,-70.9428127,184.80,28.54,0.53,12,1,19:48:23,00
1361039,-84,24289,28.70,1,1,21.86,228.3,18748,-14,-987,149,998,1,46.3717352,-70.9428127,184.80,28.54,0.53,12,1,19:48:23,00
1361508,-86,24289,28.72,1,1,21.94,229.2,18770,23,-1047,130,1055,1,46.3717753,-70.9427267,184.80,28.74,0.53,12,1,19:48:24,00
1361969,-81,24289,28.61,1,1,20.08,209.7,18789,-43,-959,77,963,1,46.3717753,-70.9427267,184.80,28.74,0.54,12,1,19:48:24,00
1362436,-67,24289,28.72,1,1,21.35,222.9,18810,10,-982,116,989,1,46.3717753,-70.9427267,184.80,28.74,0.54,12,1,19:48:24,00
1362906,-67,24289,28.71,1,1,20.77,216.9,18830,37,-1011,112,1017,1,46.3718188,-70.9426435,184.80,28.89,0.53,12,1,19:48:25,00
1363377,-68,24289,28.75,1,1,20.86,217.8,18851,-30,-908,202,931,1,46.3718188,-70.9426435,184.80,28.89,0.53,12,1,19:48:25,00
1363851,-68,24289,28.72,1,1,20.29,211.9,18871,24,-841,213,868,1,46.3718637,-70.9425603,184.80,28.89,0.53,12,1,19:48:26,00
1364320,-53,24289,28.76,1,1,19.73,206.1,18890,19,-1060,115,1067,1,46.3718637,-70.9425603,184.80,28.89,0.53,12,1,19:48:26,00
1364789,-71,24289,28.75,1,1,20.50,214.1,18910,64,-913,37,916,1,46.3719085,-70.9424760,184.70,29.48,0.53,12,1,19:48:27,00
1365258,-57,24289,28.79,1,1,20.29,211.9,18930,0,-1063,132,1071,1,46.3719085,-70.9424760,184.70,29.48,0.53,12,1,19:48:27,00
1365734,-57,24289,28.75,1,1,19.99,208.8,18950,79,-954,41,958,1,46.3719533,-70.9423913,184.70,29.52,0.53,12,1,19:48:28,00
1366210,-55,24289,28.82,1,1,18.79,196.2,18969,52,-1065,8,1066,1,46.3719533,-70.9423913,184.70,29.52,0.53,12,1,19:48:28,00
1366685,-56,24289,28.77,1,1,18.30,191.2,18987,12,-981,70,983,1,46.3719985,-70.9423067,184.70,29.50,0.53,12,1,19:48:29,00
1367155,-51,24289,28.76,1,1,18.86,196.9,19005,-59,-904,38,907,1,46.3719985,-70.9423067,184.70,29.50,0.53,12,1,19:48:29,00
1367622,-45,24289,28.71,1,1,18.99,198.3,19024,-44,-933,53,935,1,46.3720442,-70.9422240,184.70,29.13,0.53,12,1,19:48:30,00
1368096,-52,24289,28.71,1,1,18.49,193.1,19042,64,-993,40,996,1,46.3720442,-70.9422240,184.60,29.13,0.53,12,1,19:48:30,00
1368567,-35,24289,28.76,1,1,18.30,191.1,19060,68,-959,97,967,1,46.3720895,-70.9421430,184.60,28.74,0.53,12,1,19:48:31,00
1369046,-44,24289,28.76,1,1,18.11,189.1,19078,59,-1001,28,1004,1,46.3720895,-70.9421430,184.70,28.74,0.53,12,1,19:48:31,00
1369518,-39,24289,28.82,1,1,17.99,187.9,19096,43,-1077,-11,1078,1,46.3720895,-70.9421430,184.70,28.74,0.53,12,1,19:48:31,00
1369990,-50,24289,28.71,1,1,16.47,172.0,19112,40,-987,18,988,1,46.3721337,-70.9420628,184.70,28.19,0.53,12,1,19:48:32,00
1370465,-54,24289,28.77,1,1,17.70,184.8,19130,1,-990,109,996,1,46.3721337,-70.9420628,184.70,28.19,0.53,12,1,19:48:32,00
1370936,-55,24289,28.73,1,1,17.39,181.6,19147,-55,-1024,46,1027,1,46.3721777,-70.9419848,184.70,27.54,0.53,12,1,19:48:33,00
1371411,-42,24289,28.74,1,1,17.24,180.1,19164,58,-1005,3,1007,1,46.3721777,-70.9419848,184.70,27.54,0.53,12,1,19:48:33,00
1371946,-48,24289,28.74,1,1,17.67,184.5,19184,-32,-965,89,970,1,46.3722215,-70.9419100,184.80,26.85,0.53,12,1,19:48:34,00
1372407,-36,24289,28.79,1,1,18.73,195.7,19202,2,-953,70,955,1,46.3722215,-70.9419100,184.80,26.85,0.53,12,1,19:48:34,00
1372869,-44,24289,28.75,1,1,17.10,178.6,19218,-21,-979,75,982,1,46.3722677,-70.9418423,184.90,26.02,0.53,12,1,19:48:35,00
1373332,-39,24289,28.81,1,1,18.03,188.3,19236,42,-990,111,997,1,46.3722677,-70.9418423,184.90,26.02,0.53,12,1,19:48:35,00
1373799,-49,24289,28.72,1,1,17.89,186.8,19253,60,-957,36,960,1,46.3723188,-70.9417862,184.90,25.41,0.53,12,1,19:48:36,00
1374256,-56,24289,28.79,1,1,17.85,186.4,19270,25,-1269,97,1273,1,46.3723188,-70.9417862,184.90,25.41,0.53,12,1,19:48:36,00
1374724,-42,24289,28.79,1,1,18.03,188.3,19288,-37,-1051,55,1053,1,46.3723748,-70.9417445,185.00,24.85,0.55,12,1,19:48:37,00
1375195,-44,24289,28.81,1,1,17.62,184.0,19305,66,-1032,-29,1035,1,46.3723748,-70.9417445,185.00,24.85,0.55,12,1,19:48:37,00
1375655,-44,24289,28.76,1,1,16.51,172.4,19321,52,-836,35,838,1,46.3724338,-70.9417188,185.10,24.35,0.55,12,1,19:48:38,00
1376122,-41,24289,28.84,1,1,17.47,182.4,19338,-43,-932,71,936,1,46.3724338,-70.9417188,185.10,24.35,0.55,12,1,19:48:38,00
1376587,-49,24289,28.76,1,1,18.41,192.3,19356,52,-937,24,939,1,46.3724938,-70.9417107,185.10,23.84,0.55,12,1,19:48:39,00
1377051,-49,24289,28.74,1,1,18.41,192.3,19374,-102,-934,69,942,1,46.3724938,-70.9417107,185.10,23.84,0.55,12,1,19:48:39,00
1377517,-49,24289,28.74,1,1,17.35,181.2,19391,-15,-1043,50,1044,1,46.3725525,-70.9417203,185.10,23.48,0.55,12,1,19:48:40,00
1377982,-56,24289,28.75,1,1,17.50,182.8,19408,30,-1030,25,1031,1,46.3725525,-70.9417203,185.20,23.48,0.53,12,1,19:48:40,00
1378458,-54,24289,28.73,1,1,16.73,174.7,19424,-101,-841,188,868,1,46.3725525,-70.9417203,185.20,23.48,0.53,12,1,19:48:40,00
1378929,-53,24289,28.73,1,1,17.70,184.8,19442,90,-982,-75,989,1,46.3726082,-70.9417467,185.10,23.35,0.53,12,1,19:48:41,00
1379396,-32,24289,29.04,1,1,17.73,185.2,19459,73,-1054,99,1061,1,46.3726082,-70.9417467,185.10,23.35,0.53,12,1,19:48:41,00
1379866,-41,24289,28.82,1,1,17.47,182.4,19476,17,-995,-36,996,1,46.3726595,-70.9417867,185.10,23.28,0.53,12,1,19:48:42,00
1380337,-35,24289,28.79,1,1,18.34,191.5,19494,8,-983,20,983,1,46.3726595,-70.9417867,185.10,23.28,0.53,12,1,19:48:42,00
1380807,-28,24289,28.75,1,1,17.24,180.1,19511,-100,-1023,-26,1028,1,46.3727057,-70.9418377,185.10,23.17,0.53,12,1,19:48:43,00
1381288,158,24289,28.83,1,1,16.09,168.1,19527,-5,-932,9,932,1,46.3727057,-70.9418377,185.10,23.17,0.53,12,1,19:48:43,00
1381755,887,24289,29.68,1,1,16.96,177.1,19544,-18,-980,133,989,1,46.3727452,-70.9418980,185.10,22.95,0.53,12,1,19:48:44,00
1382224,3466,24289,30.39,1,1,17.21,179.7,19561,-75,-859,53,864,1,46.3727452,-70.9418980,185.10,22.95,0.53,12,1,19:48:44,00
1382697,9188,24289,31.68,1,1,17.21,179.8,19577,-20,-934,184,952,1,46.3727770,-70.9419663,185.10,22.76,0.53,12,1,19:48:45,00
1383179,10857,24289,30.44,1,1,11.58,121.0,19589,-34,-942,179,959,1,46.3727770,-70.9419663,185.10,22.76,0.53,12,1,19:48:45,00
1383646,10426,24289,31.58,1,1,17.35,181.2,19606,-76,-1003,188,1023,1,46.3727995,-70.9420410,185.10,22.48,0.53,12,1,19:48:46,00
1384122,11261,24289,30.73,1,1,17.73,185.2,19624,20,-964,108,970,1,46.3727995,-70.9420410,185.10,22.48,0.53,12,1,19:48:46,00
1384587,8791,24289,30.70,1,1,17.73,185.2,19641,25,-1009,119,1016,1,46.3728107,-70.9421202,185.10,22.41,0.53,12,1,19:48:47,00
1385051,9488,24289,31.72,1,1,18.18,189.9,19659,54,-989,209,1012,1,46.3728107,-70.9421202,185.00,22.41,0.53,12,1,19:48:47,00
1385524,9149,24289,30.71,1,1,18.49,193.1,19677,94,-1043,116,1054,1,46.3728107,-70.9421202,185.00,22.41,0.53,12,1,19:48:47,00
1385989,9345,24289,30.29,1,1,15.78,164.8,19692,27,-986,58,988,1,46.3728107,-70.9422017,185.00,22.69,0.53,12,1,19:48:48,00
1386459,9157,24289,30.23,1,1,17.03,177.8,19709,-40,-1001,138,1012,1,46.3728107,-70.9422017,185.00,22.69,0.53,12,1,19:48:48,00
1386999,8594,24289,30.16,1,1,16.85,175.9,19728,26,-1022,128,1031,1,46.3728025,-70.9422823,184.80,22.72,0.53,12,1,19:48:49,00
1387462,8332,24289,30.34,1,1,17.77,185.6,19745,29,-1013,71,1016,1,46.3728025,-70.9422823,184.80,22.72,0.53,12,1,19:48:49,00
1387921,7909,24289,29.85,1,1,18.61,194.4,19763,-80,-912,118,923,1,46.3727885,-70.9423612,184.80,22.46,0.53,12,1,19:48:50,00
1388375,8016,24289,30.15,1,1,18.98,198.2,19781,-65,-1019,128,1029,1,46.3727885,-70.9423612,184.80,22.46,0.53,12,1,19:48:50,00
1388833,8251,24289,29.81,1,1,19.02,198.7,19799,-25,-1013,146,1024,1,46.3727682,-70.9424355,184.80,22.06,0.55,12,1,19:48:51,00
1389292,8264,24289,30.13,1,1,20.50,214.1,19819,35,-1082,123,1090,1,46.3727682,-70.9424355,184.80,22.06,0.55,12,1,19:48:51,00
1389745,7896,24289,31.53,1,1,19.11,199.6,19837,46,-992,206,1014,1,46.3727407,-70.9425035,184.80,21.87,0.55,12,1,19:48:52,00
1390204,8205,24289,31.81,1,1,19.40,202.6,19856,-27,-976,180,993,1,46.3727407,-70.9425035,184.80,21.87,0.55,12,1,19:48:52,00
1390664,8045,24289,30.32,1,1,18.05,188.5,19873,-43,-969,92,975,1,46.3727087,-70.9425683,184.70,22.22,0.58,12,1,19:48:53,00
1391121,8529,24289,30.17,1,1,16.91,176.6,19889,1,-1060,159,1071,1,46.3727087,-70.9425683,184.70,22.22,0.58,12,1,19:48:53,00
1391584,8571,24289,30.05,1,1,18.09,188.9,19906,-41,-1102,79,1105,1,46.3726748,-70.9426332,184.70,22.71,0.58,12,1,19:48:54,00
1392046,8245,24289,30.06,1,1,17.06,178.2,19923,-5,-1023,113,1029,1,46.3726748,-70.9426332,184.70,22.71,0.60,12,1,19:48:54,00
1392517,8395,24289,31.25,1,1,17.21,179.7,19940,-8,-978,177,994,1,46.3726748,-70.9426332,184.70,22.71,0.60,12,1,19:48:54,00
1392977,7998,24289,30.23,1,1,20.04,209.3,19959,-6,-965,138,975,1,46.3726390,-70.9426993,184.70,23.34,0.60,12,1,19:48:55,00
1393446,8033,24289,31.68,1,1,19.19,200.4,19978,-141,-1016,93,1030,1,46.3726390,-70.9426993,184.70,23.34,0.60,12,1,19:48:55,00
1393911,7990,24289,31.69,1,1,19.48,203.4,19997,-19,-866,177,884,1,46.3726015,-70.9427673,184.70,24.08,0.60,12,1,19:48:56,00
1394378,8007,24289,31.55,1,1,17.54,183.2,20014,-1,-967,109,973,1,46.3726015,-70.9427673,184.70,24.08,0.60,12,1,19:48:56,00
1394850,-125,24289,28.93,1,1,18.11,189.1,20032,41,-1027,10,1028,1,46.3725632,-70.9428367,184.70,24.65,0.60,12,1,19:48:57,00
1395313,-94,24289,28.95,1,1,17.58,183.6,20049,-46,-1002,48,1004,1,46.3725632,-70.9428367,184.70,24.65,0.60,12,1,19:48:57,00
1395774,-99,24289,29.03,1,1,19.15,200.0,20067,-38,-986,58,988,1,46.3725237,-70.9429068,184.60,25.09,0.60,12,1,19:48:58,00
1396242,-95,24289,28.98,1,1,18.22,190.3,20085,-145,-866,142,889,1,46.3725237,-70.9429068,184.60,25.09,0.60,12,1,19:48:58,00
1396708,-96,24289,28.90,1,1,20.07,209.6,20105,60,-881,97,889,1,46.3724833,-70.9429777,184.60,25.39,0.60,12,1,19:48:59,00
1397191,-90,24289,28.97,1,1,17.84,186.3,20123,44,-997,-2,998,1,46.3724833,-70.9429777,184.60,25.39,0.60,12,1,19:48:59,00
1397672,-85,24289,29.03,1,1,18.38,191.9,20141,101,-1009,14,1015,1,46.3724435,-70.9430493,184.70,25.30,0.60,12,1,19:49:00,00
1398158,-90,24289,29.01,1,1,16.58,173.1,20158,55,-974,40,976,1,46.3724435,-70.9430493,184.70,25.30,0.60,12,1,19:49:00,00
1398639,-101,24289,28.96,1,1,17.06,178.2,20175,38,-954,-35,955,1,46.3724045,-70.9431210,184.80,25.19,0.60,12,1,19:49:01,00
1399117,-80,24289,29.02,1,1,17.95,187.5,20193,-34,-972,9,973,1,46.3724045,-70.9431210,184.80,25.19,0.60,12,1,19:49:01,00
1399589,-91,24289,29.02,1,1,17.88,186.7,20211,-5,-985,76,988,1,46.3723648,-70.9431917,184.80,25.17,0.60,12,1,19:49:02,00
1400055,-87,24289,28.94,1,1,17.54,183.2,20228,-54,-1014,44,1017,1,46.3723648,-70.9431917,184.90,25.17,0.60,12,1,19:49:02,00
1400523,-89,24289,28.93,1,1,17.35,181.2,20245,78,-946,52,951,1,46.3723247,-70.9432613,184.90,25.11,0.60,12,1,19:49:03,00
1400990,-80,24289,28.92,1,1,17.02,177.8,20261,77,-1035,113,1044,1,46.3723247,-70.9432613,185.00,25.11,0.60,12,1,19:49:03,00
1401455,-78,24289,28.98,1,1,17.32,180.9,20278,133,-950,82,963,1,46.3723247,-70.9432613,185.00,25.11,0.60,12,1,19:49:03,00
1401991,-77,24289,28.97,1,1,16.94,176.9,20297,4,-968,121,976,1,46.3722832,-70.9433293,185.00,25.02,0.60,12,1,19:49:04,00
1402443,-73,24289,28.92,1,1,17.02,177.8,20313,13,-1017,162,1030,1,46.3722392,-70.9433923,185.00,24.65,0.60,12,1,19:49:05,00
1402901,-73,24289,28.99,1,1,18.30,191.1,20331,-15,-901,60,903,1,46.3722392,-70.9433923,185.10,24.65,0.60,12,1,19:49:05,00
1403355,-55,24289,28.93,1,1,15.99,167.0,20346,106,-1044,33,1050,1,46.3722392,-70.9433923,185.10,24.65,0.60,12,1,19:49:05,00
1403813,-66,24289,28.95,1,1,17.93,187.2,20363,-75,-872,161,890,1,46.3721915,-70.9434462,185.20,24.08,0.60,12,1,19:49:06,00
1404281,-56,24289,28.96,1,1,17.81,186.0,20380,-31,-927,109,934,1,46.3721915,-70.9434462,185.20,24.08,0.60,12,1,19:49:06,00
1404748,-69,24289,28.92,1,1,15.31,159.9,20395,68,-887,31,890,1,46.3721405,-70.9434893,185.20,23.58,0.60,12,1,19:49:07,00
1405209,-67,24289,28.99,1,1,15.31,159.9,20410,-42,-1018,63,1020,1,46.3721405,-70.9434893,185.20,23.58,0.60,12,1,19:49:07,00
1405668,-61,24289,28.97,1,1,16.30,170.2,20426,-43,-1022,91,1027,1,46.3720863,-70.9435188,185.30,23.08,0.61,12,1,19:49:08,00
1406124,-54,24289,29.00,1,1,16.28,170.1,20441,-91,-1023,57,1029,1,46.3720863,-70.9435188,185.30,23.08,0.61,12,1,19:49:08,00
1406589,-58,24289,29.02,1,1,18.22,190.3,20459,81,-885,26,889,1,46.3720307,-70.9435322,185.30,22.67,0.61,12,1,19:49:09,00
1407052,-58,24289,28.92,1,1,15.48,161.6,20474,37,-1010,27,1011,1,46.3720307,-70.9435322,185.30,22.67,0.61,12,1,19:49:09,00
1407513,-53,24289,28.95,1,1,15.61,163.0,20489,-18,-1003,154,1015,1,46.3719748,-70.9435300,185.20,22.52,0.57,12,1,19:49:10,00
1407979,-45,24289,29.03,1,1,16.73,174.7,20505,18,-1012,71,1014,1,46.3719748,-70.9435300,185.20,22.52,0.57,12,1,19:49:10,00
1408438,-50,24289,28.99,1,1,16.80,175.4,20521,-26,-981,140,991,1,46.3719190,-70.9435153,185.70,22.95,0.60,12,1,19:49:11,00
1408904,-42,24289,29.00,1,1,16.06,167.7,20537,-100,-934,244,970,1,46.3719190,-70.9435153,185.70,22.95,0.60,12,1,19:49:11,00
1409368,-42,24289,28.98,1,1,17.77,185.6,20554,11,-997,56,998,1,46.3718670,-70.9434890,185.70,21.96,0.62,12,1,19:49:12,00
1409828,-49,24289,28.95,1,1,15.54,162.3,20569,23,-918,82,922,1,46.3718670,-70.9434890,185.70,21.96,0.62,12,1,19:49:12,00
1410292,-54,24289,29.06,1,1,17.39,181.6,20586,-49,-928,166,944,1,46.3718200,-70.9434520,185.70,21.32,0.62,12,1,19:49:13,00
1410763,-52,24289,28.99,1,1,17.17,179.3,20603,-37,-1019,18,1020,1,46.3718200,-70.9434520,185.80,21.32,0.63,12,1,19:49:13,00
1411232,-44,24289,29.02,1,1,15.75,164.5,20618,-124,-955,94,967,1,46.3718200,-70.9434520,185.80,21.32,0.63,12,1,19:49:13,00
1411695,-58,24289,28.98,1,1,15.58,162.7,20633,50,-811,8,813,1,46.3717787,-70.9434058,185.80,20.76,0.61,12,1,19:49:14,00
1412161,-5,24289,28.96,1,1,16.78,175.3,20650,130,-1016,87,1028,1,46.3717787,-70.9434058,185.80,20.76,0.61,12,1,19:49:14,00
1412629,219,24289,28.91,1,1,16.44,171.7,20666,31,-1027,49,1029,1,46.3717450,-70.9433503,185.90,20.46,0.56,12,1,19:49:15,00
1413101,2030,24289,29.04,1,1,14.38,150.2,20680,7,-941,56,943,1,46.3717450,-70.9433503,185.90,20.46,0.56,12,1,19:49:15,00
1413575,6155,24289,30.52,1,1,14.32,149.6,20694,-76,-1050,76,1055,1,46.3717198,-70.9432862,185.80,20.45,0.54,12,1,19:49:16,00
1414042,12725,24289,31.44,1,1,14.99,156.6,20709,5,-867,16,867,1,46.3717198,-70.9432862,185.80,20.45,0.54,12,1,19:49:16,00
1414517,12491,24289,31.30,1,1,15.75,164.5,20724,-91,-1142,159,1156,1,46.3717027,-70.9432158,185.60,20.78,0.54,12,1,19:49:17,00
1414987,12424,24289,31.35,1,1,15.70,163.9,20740,-118,-833,229,872,1,46.3717027,-70.9432158,185.60,20.78,0.54,12,1,19:49:17,00
1415455,11813,24289,31.59,1,1,15.58,162.7,20755,-25,-1018,161,1031,1,46.3716922,-70.9431420,185.60,21.02,0.54,12,1,19:49:18,00
1415934,11708,24289,31.16,1,1,16.13,168.4,20771,59,-1029,1,1031,1,46.3716922,-70.9431420,185.40,21.02,0.53,12,1,19:49:18,00
1416411,11094,24289,31.43,1,1,15.70,163.9,20787,177,-1121,64,1137,1,46.3716872,-70.9430668,185.40,20.96,0.53,12,1,19:49:19,00
1416950,10420,24289,30.57,1,1,14.65,153.0,20803,26,-920,36,921,1,46.3716872,-70.9430668,185.20,20.96,0.53,12,1,19:49:19,00
1417416,11075,24289,31.18,1,1,17.43,182.0,20820,21,-909,13,909,1,46.3716893,-70.9429925,185.20,20.43,0.53,12,1,19:49:20,00
1417874,10434,24289,31.16,1,1,18.45,192.7,20838,-6,-981,148,993,1,46.3716893,-70.9429925,185.10,20.43,0.53,12,1,19:49:20,00
1418333,9638,24289,31.73,1,1,18.13,189.3,20855,-26,-924,178,942,1,46.3716893,-70.9429925,185.10,20.43,0.53,12,1,19:49:20,00
1418788,10202,24289,30.47,1,1,17.89,186.8,20872,-38,-969,135,980,1,46.3716993,-70.9429215,185.00,19.95,0.53,12,1,19:49:21,00
1419264,9638,24289,30.67,1,1,17.73,185.2,20890,-83,-951,195,975,1,46.3716993,-70.9429215,185.00,19.95,0.53,12,1,19:49:21,00
1419722,9168,24289,30.65,1,1,18.78,196.1,20908,-82,-955,121,966,1,46.3717178,-70.9428553,185.00,19.71,0.53,12,1,19:49:22,00
1420187,8469,24289,31.94,1,1,17.85,186.4,20925,124,-955,92,967,1,46.3717178,-70.9428553,185.00,19.71,0.53,12,1,19:49:22,00
1420665,8721,24289,31.06,1,1,18.56,193.9,20944,65,-864,93,871,1,46.3717425,-70.9427935,185.00,19.71,0.53,12,1,19:49:23,00
1421120,8818,24289,30.69,1,1,18.05,188.5,20961,42,-935,144,947,1,46.3717425,-70.9427935,185.00,19.71,0.53,12,1,19:49:23,00
1421581,8240,24289,31.88,1,1,18.41,192.3,20979,61,-947,104,955,1,46.3717710,-70.9427343,185.00,20.04,0.53,12,1,19:49:24,00
1422043,8400,24289,31.90,1,1,18.17,189.7,20996,18,-1036,76,1039,1,46.3717710,-70.9427343,185.00,20.04,0.53,12,1,19:49:24,00
1422506,9059,24289,30.38,1,1,18.53,193.5,21014,-55,-975,112,983,1,46.3717710,-70.9427343,185.00,20.04,0.53,12,1,19:49:24,00
1422969,8730,24289,30.69,1,1,18.53,193.5,21032,-45,-941,114,949,1,46.3718017,-70.9426740,185.00,20.78,0.53,12,1,19:49:25,00
1423428,8417,24289,30.52,1,1,17.54,183.2,21049,-83,-956,122,967,1,46.3718017,-70.9426740,185.00,20.78,0.53,12,1,19:49:25,00
1423888,8670,24289,30.98,1,1,18.61,194.4,21067,-17,-953,101,959,1,46.3718333,-70.9426117,184.90,21.45,0.53,12,1,19:49:26,00
1424351,7954,24289,32.02,1,1,20.86,217.9,21087,5,-865,103,871,1,46.3718333,-70.9426117,184.90,21.45,0.53,12,1,19:49:26,00
1424817,8409,24289,30.76,1,1,17.47,182.4,21104,21,-1020,148,1031,1,46.3718665,-70.9425478,184.90,22.24,0.53,12,1,19:49:27,00
1425295,8175,24289,31.58,1,1,18.91,197.5,21123,-34,-1024,196,1043,1,46.3718665,-70.9425478,184.90,22.24,0.53,12,1,19:49:27,00
1425765,7864,24289,32.07,1,1,18.65,194.8,21141,-29,-943,146,955,1,46.3719015,-70.9424823,184.80,23.02,0.53,12,1,19:49:28,00
1426242,8770,24289,30.53,1,1,18.87,197.1,21160,31,-945,163,960,1,46.3719015,-70.9424823,184.80,23.02,0.53,12,1,19:49:28,00
1426703,-122,24289,29.21,1,1,18.61,194.4,21178,19,-965,80,969,1,46.3719373,-70.9424150,184.70,23.69,0.53,12,1,19:49:29,00
1427166,-125,24289,29.27,1,1,19.44,203.0,21197,10,-963,118,970,1,46.3719373,-70.9424150,184.70,23.69,0.53,12,1,19:49:29,00
1427631,-105,24289,29.23,1,1,18.01,188.1,21214,34,-939,67,942,1,46.3719743,-70.9423463,184.70,24.11,0.53,12,1,19:49:30,00
1428101,-109,24289,29.26,1,1,17.06,178.2,21231,2,-1127,94,1131,1,46.3719743,-70.9423463,184.70,24.11,0.53,12,1,19:49:30,00
1428573,-102,24289,29.17,1,1,17.58,183.6,21248,-53,-926,153,940,1,46.3720118,-70.9422765,184.70,24.46,0.53,12,1,19:49:31,00
1429051,-103,24289,29.23,1,1,16.75,174.9,21265,-12,-1016,82,1019,1,46.3720118,-70.9422765,184.70,24.46,0.53,12,1,19:49:31,00
1429530,-98,24289,29.19,1,1,17.17,179.3,21282,-92,-939,70,946,1,46.3720493,-70.9422060,184.70,24.58,0.53,12,1,19:49:32,00
1430004,-92,24289,29.20,1,1,16.99,177.5,21299,23,-1000,82,1003,1,46.3720493,-70.9422060,184.80,24.58,0.53,12,1,19:49:32,00
1430482,-77,24289,29.25,1,1,16.85,176.0,21316,-61,-979,68,983,1,46.3720493,-70.9422060,184.80,24.58,0.53,12,1,19:49:32,00
1430945,-74,24289,29.24,1,1,17.43,182.0,21333,-23,-1026,69,1029,1,46.3720870,-70.9421357,184.80,24.61,0.53,12,1,19:49:33,00
1431424,-63,24289,29.21,1,1,16.20,169.1,21349,48,-1053,50,1056,1,46.3720870,-70.9421357,184.80,24.61,0.53,12,1,19:49:33,00
1431981,-72,24289,29.22,1,1,14.59,152.3,21366,-14,-955,70,957,1,46.3721257,-70.9420662,184.80,24.69,0.53,12,1,19:49:34,00
1432456,-75,24289,29.21,1,1,18.07,188.7,21384,-84,-1072,40,1076,1,46.3721257,-70.9420662,184.80,24.69,0.53,12,1,19:49:34,00
1432924,-70,24289,29.19,1,1,16.33,170.6,21400,-2,-967,33,968,1,46.3721257,-70.9420662,184.80,24.69,0.53,12,1,19:49:34,00
1433384,-64,24289,29.22,1,1,16.14,168.5,21415,37,-979,65,982,1,46.3721257,-70.9420662,184.80,24.69,0.53,12,1,19:49:34,00
1433855,-67,24289,29.26,1,1,16.58,173.2,21431,-51,-912,72,917,1,46.3722053,-70.9419295,184.90,24.65,0.53,12,1,19:49:36,00
1434321,-46,24289,29.30,1,1,17.14,178.9,21448,52,-990,71,994,1,46.3722053,-70.9419295,184.90,24.65,0.53,12,1,19:49:36,00
1434785,-54,24289,29.24,1,1,17.21,179.7,21465,3,-996,79,999,1,46.3722485,-70.9418663,185.00,24.37,0.53,12,1,19:49:37,00
1435248,-54,24289,29.32,1,1,15.89,165.9,21480,-63,-1000,145,1012,1,46.3722485,-70.9418663,185.00,24.37,0.53,12,1,19:49:37,00
1435708,-61,24289,29.26,1,1,16.16,168.8,21496,14,-1015,90,1019,1,46.3722947,-70.9418108,185.10,23.82,0.53,12,1,19:49:38,00
1436168,-58,24289,29.30,1,1,15.65,163.4,21511,-88,-959,159,976,1,46.3722947,-70.9418108,185.10,23.82,0.53,12,1,19:49:38,00
1436641,-54,24289,29.30,1,1,15.58,162.7,21526,125,-950,110,964,1,46.3723443,-70.9417648,185.10,23.28,0.53,12,1,19:49:39,00
1437112,-50,24289,29.25,1,1,16.68,174.2,21543,30,-1022,115,1029,1,46.3723443,-70.9417648,185.10,23.28,0.53,12,1,19:49:39,00
1437570,-47,24289,29.22,1,1,16.07,167.8,21558,48,-971,81,976,1,46.3723970,-70.9417325,185.10,22.71,0.53,12,1,19:49:40,00
1438036,-48,24289,29.24,1,1,17.14,178.9,21575,1,-950,166,965,1,46.3723970,-70.9417325,185.10,22.71,0.53,12,1,19:49:40,00
1438498,-47,24289,29.27,1,1,14.67,153.2,21589,122,-952,88,963,1,46.3724520,-70.9417150,185.10,22.30,0.53,12,1,19:49:41,00
1438977,-42,24289,29.29,1,1,14.81,154.6,21604,4,-971,69,973,1,46.3724520,-70.9417150,185.10,22.30,0.55,12,1,19:49:41,00
1439464,-40,24289,29.22,1,1,14.38,150.2,21618,-12,-1017,108,1023,1,46.3725070,-70.9417115,185.10,21.89,0.55,12,1,19:49:42,00
1439940,-55,24289,29.29,1,1,14.63,152.7,21633,-15,-1062,112,1068,1,46.3725070,-70.9417115,185.10,21.89,0.53,12,1,19:49:42,00
1440407,-53,24289,29.27,1,1,14.23,148.6,21647,-36,-1027,93,1032,1,46.3725070,-70.9417115,185.10,21.89,0.53,12,1,19:49:42,00
1440880,-56,24289,29.30,1,1,14.20,148.3,21661,47,-1052,66,1055,1,46.3725607,-70.9417228,185.00,21.56,0.53,12,1,19:49:43,00
1441342,-45,24289,29.33,1,1,14.90,155.6,21675,-10,-1050,106,1056,1,46.3725607,-70.9417228,185.00,21.56,0.53,12,1,19:49:43,00
1441807,-43,24289,29.34,1,1,15.18,158.6,21690,122,-997,68,1006,1,46.3726115,-70.9417473,185.00,21.35,0.53,12,1,19:49:44,00
1442285,-33,24289,29.35,1,1,14.23,148.6,21704,-34,-978,87,983,1,46.3726115,-70.9417473,185.00,21.35,0.53,12,1,19:49:44,00
1442764,-38,24289,29.26,1,1,14.54,151.8,21719,57,-1001,138,1012,1,46.3726588,-70.9417823,184.90,21.35,0.53,12,1,19:49:45,00
1443231,-53,24289,29.32,1,1,16.40,171.3,21735,112,-1010,78,1020,1,46.3726588,-70.9417823,184.90,21.35,0.53,12,1,19:49:45,00
1443705,18,24289,29.27,1,1,15.18,158.6,21750,48,-1062,125,1070,1,46.3727020,-70.9418253,184.90,20.87,0.53,12,1,19:49:46,00
1444187,253,24289,29.53,1,1,14.41,150.5,21764,-7,-1197,143,1206,1,46.3727020,-70.9418253,184.90,20.87,0.53,12,1,19:49:46,00
1444660,2164,24289,29.54,1,1,16.61,173.5,21781,-71,-1081,-3,1083,1,46.3727402,-70.9418755,184.90,20.52,0.53,12,1,19:49:47,00
1445128,5791,24289,30.69,1,1,14.51,151.5,21795,74,-954,-38,958,1,46.3727402,-70.9418755,184.90,20.52,0.53,12,1,19:49:47,00
1445589,12097,24289,32.31,1,1,18.13,189.3,21812,-60,-1065,183,1082,1,46.3727720,-70.9419320,184.90,20.02,0.53,12,1,19:49:48,00
1446057,12172,24289,31.64,1,1,16.68,174.2,21829,-80,-956,163,973,1,46.3727720,-70.9419320,185.00,20.02,0.53,12,1,19:49:48,00
1446527,11292,24289,31.68,1,1,15.85,165.6,21844,53,-1004,40,1006,1,46.3727963,-70.9419942,185.00,19.71,0.53,12,1,19:49:49,00
1447060,11409,24289,31.28,1,1,14.80,154.5,21861,-35,-932,156,946,1,46.3727963,-70.9419942,185.00,19.71,0.53,12,1,19:49:49,00
1447513,11536,24289,31.19,1,1,16.32,170.5,21876,-18,-1017,155,1029,1,46.3728132,-70.9420602,185.00,19.45,0.53,12,1,19:49:50,00
1447972,10110,24289,32.19,1,1,16.87,176.2,21892,66,-949,-12,951,1,46.3728132,-70.9420602,184.90,19.45,0.53,12,1,19:49:50,00
1448432,10650,24289,31.09,1,1,17.39,181.6,21909,-39,-964,8,965,1,46.3728132,-70.9420602,184.90,19.45,0.53,12,1,19:49:50,00
1448893,11063,24289,32.31,1,1,17.54,183.2,21926,-99,-894,185,918,1,46.3728218,-70.9421288,184.90,19.33,0.53,12,1,19:49:51,00
1449351,9276,24289,31.30,1,1,19.91,207.9,21945,-61,-852,182,874,1,46.3728218,-70.9421288,184.90,19.33,0.53,12,1,19:49:51,00
1449813,9815,24289,32.29,1,1,17.43,182.0,21962,9,-1002,114,1009,1,46.3728227,-70.9421988,184.80,19.45,0.53,12,1,19:49:52,00
1450273,9198,24289,31.42,1,1,17.93,187.2,21979,21,-990,148,1001,1,46.3728227,-70.9421988,184.80,19.45,0.53,12,1,19:49:52,00
1450734,8989,24289,32.29,1,1,14.57,152.2,21993,35,-1002,102,1008,1,46.3728160,-70.9422682,184.70,19.46,0.53,12,1,19:49:53,00
1451199,9001,24289,31.13,1,1,18.41,192.3,22011,-82,-992,165,1009,1,46.3728160,-70.9422682,184.70,19.46,0.53,12,1,19:49:53,00
1451658,8958,24289,30.98,1,1,17.81,186.0,22028,-107,-973,151,991,1,46.3728027,-70.9423357,184.70,19.59,0.53,12,1,19:49:54,00
1452114,8609,24289,30.45,1,1,18.53,193.5,22046,-113,-915,179,939,1,46.3728027,-70.9423357,184.70,19.59,0.53,12,1,19:49:54,00
1452573,8204,24289,30.85,1,1,18.41,192.3,22063,11,-1017,135,1026,1,46.3727827,-70.9424010,184.70,19.96,0.53,12,1,19:49:55,00
1453030,8549,24289,31.06,1,1,18.78,196.1,22081,66,-975,126,985,1,46.3727827,-70.9424010,184.60,19.96,0.55,12,1,19:49:55,00
1453494,8421,24289,31.14,1,1,20.20,211.0,22101,74,-1016,135,1028,1,46.3727565,-70.9424650,184.60,20.95,0.55,12,1,19:49:56,00
1453955,7990,24289,30.95,1,1,19.07,199.1,22119,-54,-904,98,911,1,46.3727565,-70.9424650,184.50,20.95,0.55,12,1,19:49:56,00
1454428,7770,24289,31.28,1,1,19.07,199.2,22138,-81,-1021,60,1026,1,46.3727565,-70.9424650,184.50,20.95,0.55,12,1,19:49:56,00
1454889,8536,24289,31.20,1,1,19.95,208.3,22157,18,-917,110,924,1,46.3727258,-70.9425283,184.40,21.74,0.55,12,1,19:49:57,00
1455356,8449,24289,32.23,1,1,19.11,199.6,22176,-4,-1028,142,1038,1,46.3727258,-70.9425283,184.40,21.74,0.55,12,1,19:49:57,00
1455833,8110,24289,30.99,1,1,18.11,189.1,22194,19,-919,179,936,1,46.3726925,-70.9425920,184.40,22.37,0.55,12,1,19:49:58,00
1456308,8359,24289,30.58,1,1,19.23,200.8,22213,29,-883,145,895,1,46.3726925,-70.9425920,184.40,22.37,0.55,12,1,19:49:58,00
1456781,7970,24289,31.07,1,1,19.99,208.8,22233,-24,-1002,157,1015,1,46.3726580,-70.9426573,184.40,22.89,0.56,12,1,19:49:59,00
1457254,7613,24289,32.21,1,1,18.94,197.8,22251,-74,-987,138,999,1,46.3726580,-70.9426573,184.40,22.89,0.56,12,1,19:49:59,00
1457732,8353,24289,32.05,1,1,18.53,193.5,22270,-16,-989,136,998,1,46.3726227,-70.9427240,184.30,23.59,0.60,12,1,19:50:00,00
1458203,7929,24289,32.47,1,1,18.45,192.7,22288,3,-861,199,883,1,46.3726227,-70.9427240,184.30,23.59,0.60,12,1,19:50:00,00
1458677,8592,24289,30.69,1,1,18.99,198.3,22307,-29,-1066,70,1069,1,46.3725862,-70.9427925,184.20,24.21,0.60,12,1,19:50:01,00
1459143,8320,24289,31.54,1,1,18.65,194.8,22325,12,-926,131,935,1,46.3725862,-70.9427925,184.20,24.21,0.60,12,1,19:50:01,00
1459606,-107,24289,29.61,1,1,19.65,205.2,22344,-51,-894,91,900,1,46.3725485,-70.9428620,184.20,24.67,0.60,12,1,19:50:02,00
1460078,-105,24289,29.54,1,1,18.38,191.9,22362,30,-958,124,966,1,46.3725485,-70.9428620,184.20,24.67,0.60,12,1,19:50:02,00
1460552,-105,24289,29.63,1,1,18.22,190.3,22380,64,-1031,37,1033,1,46.3725105,-70.9429327,184.20,25.00,0.60,12,1,19:50:03,00
1461015,-89,24289,29.60,1,1,19.07,199.2,22399,73,-975,26,978,1,46.3725105,-70.9429327,184.20,25.00,0.60,12,1,19:50:03,00
1461478,-95,24289,29.63,1,1,19.78,206.5,22418,49,-1056,69,1060,1,46.3724717,-70.9430037,184.20,25.04,0.60,12,1,19:50:04,00
1462005,-99,24289,29.65,1,1,16.57,173.1,22436,61,-1002,67,1006,1,46.3724717,-70.9430037,184.20,25.04,0.60,12,1,19:50:04,00
1462469,-89,24289,29.66,1,1,17.39,181.6,22453,27,-994,-33,995,1,46.3724325,-70.9430742,184.20,24.98,0.60,12,1,19:50:05,00
1462924,-84,24289,29.59,1,1,19.11,199.6,22471,-11,-995,25,996,1,46.3724325,-70.9430742,184.30,24.98,0.60,12,1,19:50:05,00
1463388,-81,24289,29.61,1,1,18.14,189.5,22489,-29,-1135,4,1135,1,46.3724325,-70.9430742,184.30,24.98,0.60,12,1,19:50:05,00
1463852,-71,24289,29.62,1,1,16.65,173.9,22505,2,-1078,79,1081,1,46.3723932,-70.9431445,184.40,24.93,0.60,12,1,19:50:06,00
1464306,-68,24289,29.66,1,1,17.61,183.9,22521,13,-996,74,999,1,46.3723932,-70.9431445,184.40,24.93,0.60,12,1,19:50:06,00
1464762,-75,24289,29.59,1,1,17.24,180.1,22538,-37,-1014,61,1016,1,46.3723542,-70.9432150,184.50,24.91,0.60,12,1,19:50:07,00
1465233,-79,24289,29.68,1,1,18.45,192.7,22556,-13,-951,82,954,1,46.3723542,-70.9432150,184.50,24.91,0.60,12,1,19:50:07,00
1465702,-70,24289,29.70,1,1,16.33,170.6,22572,-77,-876,83,883,1,46.3723143,-70.9432842,184.70,24.91,0.60,12,1,19:50:08,00
1466177,-79,24289,29.63,1,1,18.11,189.1,22590,-90,-1038,49,1043,1,46.3723143,-70.9432842,184.70,24.91,0.60,12,1,19:50:08,00
1466631,-81,24289,29.61,1,1,16.73,174.7,22606,21,-1013,-5,1013,1,46.3722727,-70.9433503,184.80,24.71,0.60,12,1,19:50:09,00
1467088,-66,24289,29.66,1,1,16.65,173.9,22622,-79,-944,105,953,1,46.3722727,-70.9433503,184.80,24.71,0.60,12,1,19:50:09,00
1467555,-72,24289,29.61,1,1,16.58,173.2,22638,50,-1022,33,1024,1,46.3722275,-70.9434095,184.90,24.22,0.60,12,1,19:50:10,00
1468033,-63,24289,29.63,1,1,16.78,175.3,22655,-30,-872,97,878,1,46.3722275,-70.9434095,184.90,24.22,0.60,12,1,19:50:10,00
1468495,-68,24289,29.66,1,1,16.17,168.9,22670,16,-987,137,997,1,46.3721777,-70.9434578,185.00,23.93,0.60,12,1,19:50:11,00
1468957,-65,24289,29.66,1,1,16.33,170.6,22686,23,-989,70,992,1,46.3721777,-70.9434578,185.00,23.93,0.60,12,1,19:50:11,00
1469418,-57,24289,29.68,1,1,16.23,169.5,22702,10,-1018,0,1018,1,46.3721247,-70.9434955,185.10,23.56,0.56,12,1,19:50:12,00
1469889,-53,24289,29.69,1,1,15.78,164.8,22717,-91,-1067,100,1075,1,46.3721247,-70.9434955,185.10,23.56,0.56,12,1,19:50:12,00
1470350,-42,24289,29.70,1,1,17.24,180.1,22734,28,-896,88,901,1,46.3720692,-70.9435202,185.10,23.15,0.56,12,1,19:50:13,00
1470818,-45,24289,29.66,1,1,15.41,160.9,22749,-16,-990,115,996,1,46.3720692,-70.9435202,185.30,23.15,0.57,12,1,19:50:13,00
1471284,-55,24289,29.68,1,1,15.61,163.0,22764,-50,-961,82,966,1,46.3720127,-70.9435287,185.30,22.67,0.61,12,1,19:50:14,00
1471748,-69,24289,29.74,1,1,15.58,162.7,22779,-70,-947,85,953,1,46.3720127,-70.9435287,185.30,22.67,0.61,12,1,19:50:14,00
1472226,-68,24289,29.73,1,1,16.03,167.4,22795,70,-980,106,988,1,46.3719568,-70.9435238,185.30,22.45,0.61,12,1,19:50:15,00
1472695,-70,24289,29.63,1,1,15.28,159.6,22810,-64,-933,207,958,1,46.3719568,-70.9435238,185.40,22.45,0.61,12,1,19:50:15,00
1473163,-69,24289,29.70,1,1,15.44,161.3,22825,1,-1002,-36,1003,1,46.3719030,-70.9435050,185.40,22.00,0.61,12,1,19:50:16,00
1473634,-66,24289,29.70,1,1,15.25,159.2,22840,-20,-1106,72,1108,1,46.3719030,-70.9435050,185.50,22.00,0.63,12,1,19:50:16,00
1474101,-13,24289,29.73,1,1,16.13,168.4,22856,12,-985,81,988,1,46.3719030,-70.9435050,185.50,22.00,0.63,12,1,19:50:16,00
1474573,203,24289,29.77,1,1,15.99,167.0,22872,-14,-989,-2,989,1,46.3718530,-70.9434720,185.60,22.00,0.63,12,1,19:50:17,00
1475040,1771,24289,29.87,1,1,15.65,163.4,22887,-71,-879,193,903,1,46.3718530,-70.9434720,185.60,22.00,0.63,12,1,19:50:17,00
1475507,5011,24289,30.80,1,1,16.58,173.2,22903,-171,-899,36,916,1,46.3718080,-70.9434277,185.70,21.72,0.63,12,1,19:50:18,00
1475980,12029,24289,31.88,1,1,16.89,176.3,22920,7,-931,29,931,1,46.3718080,-70.9434277,185.70,21.72,0.63,12,1,19:50:18,00
1476444,11881,24289,32.57,1,1,16.40,171.3,22936,-66,-968,32,971,1,46.3717698,-70.9433735,185.70,21.30,0.61,12,1,19:50:19,00
1476996,12100,24289,31.93,1,1,14.61,152.6,22953,-29,-978,123,986,1,46.3717698,-70.9433735,185.70,21.30,0.61,12,1,19:50:19,00
1477456,11137,24289,32.71,1,1,15.78,164.8,22968,-92,-1177,44,1181,1,46.3717388,-70.9433118,185.50,21.00,0.58,12,1,19:50:20,00
1477918,11082,24289,32.11,1,1,20.22,211.1,22987,-72,-1015,143,1027,1,46.3717388,-70.9433118,185.50,21.00,0.58,12,1,19:50:20,00
1478376,10607,24289,32.39,1,1,18.73,195.7,23005,-11,-1036,25,1036,1,46.3717147,-70.9432445,185.40,20.84,0.58,12,1,19:50:21,00
1478840,10058,24289,32.62,1,1,17.99,187.9,23023,153,-991,-2,1003,1,46.3717147,-70.9432445,185.40,20.84,0.58,12,1,19:50:21,00
1479305,11241,24289,31.89,1,1,18.57,194.0,23041,20,-875,101,881,1,46.3716980,-70.9431732,185.40,20.71,0.58,12,1,19:50:22,00
1479764,9262,24289,31.50,1,1,18.25,190.6,23058,-19,-1047,157,1059,1,46.3716980,-70.9431732,185.20,20.71,0.56,12,1,19:50:22,00
1480230,9502,24289,31.77,1,1,18.11,189.1,23076,-110,-925,153,944,1,46.3716880,-70.9431003,185.20,20.45,0.56,12,1,19:50:23,00
1480683,9664,24289,31.65,1,1,18.21,190.2,23093,-35,-957,172,972,1,46.3716880,-70.9431003,185.00,20.45,0.53,12,1,19:50:23,00
1481142,9580,24289,31.49,1,1,18.49,193.1,23111,-68,-965,182,985,1,46.3716880,-70.9431003,185.00,20.45,0.53,12,1,19:50:23,00
1481612,8749,24289,31.75,1,1,19.91,207.9,23130,-111,-1014,156,1032,1,46.3716862,-70.9430272,184.90,20.08,0.53,12,1,19:50:24,00
1482078,8665,24289,31.51,1,1,18.34,191.5,23148,36,-951,75,954,1,46.3716862,-70.9430272,184.90,20.08,0.53,12,1,19:50:24,00
1482546,8667,24289,31.05,1,1,18.53,193.5,23166,-71,-823,125,835,1,46.3716930,-70.9429562,184.80,19.80,0.53,12,1,19:50:25,00
1483009,7854,24289,32.57,1,1,18.69,195.2,23184,-5,-953,157,966,1,46.3716930,-70.9429562,184.80,19.80,0.53,12,1,19:50:25,00
1483477,7801,24289,31.25,1,1,19.11,199.6,23203,-44,-936,141,948,1,46.3717085,-70.9428875,184.70,20.11,0.53,12,1,19:50:26,00
1483950,7832,24289,32.61,1,1,19.27,201.3,23222,-52,-896,76,901,1,46.3717085,-70.9428875,184.70,20.11,0.53,12,1,19:50:26,00
1484412,7726,24289,32.52,1,1,17.32,180.9,23239,-23,-906,148,918,1,46.3717322,-70.9428210,184.60,20.95,0.53,12,1,19:50:27,00
1484887,7357,24289,31.07,1,1,19.40,202.6,23258,-42,-962,152,975,1,46.3717322,-70.9428210,184.60,20.95,0.53,12,1,19:50:27,00
1485365,7651,24289,31.29,1,1,19.44,203.0,23277,55,-983,97,990,1,46.3717617,-70.9427562,184.60,21.65,0.53,12,1,19:50:28,00
1485835,7850,24289,31.08,1,1,19.74,206.2,23297,30,-1018,136,1028,1,46.3717617,-70.9427562,184.60,21.65,0.53,12,1,19:50:28,00
1486308,7738,24289,32.13,1,1,19.52,203.9,23316,-23,-924,152,936,1,46.3717617,-70.9427562,184.60,21.65,0.53,12,1,19:50:28,00
1486774,7901,24289,31.12,1,1,19.56,204.3,23335,-21,-949,140,959,1,46.3717955,-70.9426927,184.50,22.45,0.53,12,1,19:50:29,00
1487239,7346,24289,32.62,1,1,19.52,203.9,23354,18,-1020,134,1029,1,46.3717955,-70.9426927,184.50,22.45,0.53,12,1,19:50:29,00
1487702,7934,24289,31.24,1,1,18.45,192.7,23372,-36,-943,140,954,1,46.3718312,-70.9426278,184.50,23.17,0.53,12,1,19:50:30,00
1488167,7965,24289,32.58,1,1,19.48,203.4,23391,15,-851,95,857,1,46.3718312,-70.9426278,184.50,23.17,0.53,12,1,19:50:30,00
1488640,7863,24289,31.30,1,1,19.31,201.7,23410,18,-986,183,1003,1,46.3718673,-70.9425602,184.40,23.85,0.53,12,1,19:50:31,00
1489111,8334,24289,30.64,1,1,19.27,201.3,23429,-90,-929,135,943,1,46.3718673,-70.9425602,184.40,23.85,0.53,12,1,19:50:31,00
1489572,7966,24289,32.69,1,1,19.95,208.3,23448,-52,-893,95,899,1,46.3719043,-70.9424907,184.40,24.46,0.53,12,1,19:50:32,00
1490039,8040,24289,32.91,1,1,19.11,199.6,23467,39,-935,164,950,1,46.3719043,-70.9424907,184.40,24.46,0.53,12,1,19:50:32,00
1490506,8260,24289,32.22,1,1,20.86,217.9,23487,-29,-910,104,916,1,46.3719425,-70.9424198,184.40,24.96,0.53,12,1,19:50:33,00
1490977,-133,24289,29.97,1,1,18.99,198.3,23506,17,-905,101,910,1,46.3719425,-70.9424198,184.40,24.96,0.53,12,1,19:50:33,00
1491445,-115,24289,29.97,1,1,18.49,193.1,23524,-12,-936,94,941,1,46.3719810,-70.9423477,184.40,25.32,0.53,12,1,19:50:34,00
1491977,-105,24289,30.02,1,1,18.10,189.0,23544,110,-1036,73,1045,1,46.3719810,-70.9423477,184.50,25.32,0.53,12,1,19:50:34,00
1492431,-99,24289,30.09,1,1,19.82,207.0,23563,19,-1083,56,1085,1,46.3720202,-70.9422755,184.50,25.43,0.53,12,1,19:50:35,00
1492885,-85,24289,30.00,1,1,19.37,202.2,23581,52,-1041,54,1044,1,46.3720202,-70.9422755,184.60,25.43,0.53,12,1,19:50:35,00
1493347,-77,24289,30.03,1,1,18.61,194.4,23599,47,-1078,117,1086,1,46.3720202,-70.9422755,184.60,25.43,0.53,12,1,19:50:35,00
1493803,-75,24289,30.01,1,1,17.66,184.4,23616,47,-1014,52,1016,1,46.3720595,-70.9422030,184.70,25.52,0.53,12,1,19:50:36,00
1494256,-66,24289,30.09,1,1,17.85,186.4,23633,-8,-1002,93,1007,1,46.3720595,-70.9422030,184.70,25.52,0.53,12,1,19:50:36,00
1494715,-56,24289,30.04,1,1,15.92,166.3,23648,-79,-975,67,981,1,46.3720982,-70.9421297,184.80,25.48,0.53,12,1,19:50:37,00
1495179,-66,24289,30.04,1,1,18.22,190.3,23666,32,-1038,47,1040,1,46.3720982,-70.9421297,184.80,25.48,0.53,12,1,19:50:37,00
1495647,-71,24289,29.99,1,1,18.82,196.5,23684,60,-1003,74,1007,1,46.3721360,-70.9420558,184.90,25.34,0.53,12,1,19:50:38,00
1496104,-64,24289,30.04,1,1,16.44,171.7,23700,-24,-973,66,975,1,46.3721360,-70.9420558,184.90,25.34,0.53,12,1,19:50:38,00
1496561,-52,24289,30.01,1,1,15.96,166.7,23715,25,-1022,89,1027,1,46.3721740,-70.9419830,184.90,25.06,0.53,12,1,19:50:39,00
1497021,-57,24289,30.02,1,1,16.76,175.1,23731,-10,-993,127,1001,1,46.3721740,-70.9419830,185.00,25.06,0.53,12,1,19:50:39,00
1497486,-53,24289,30.07,1,1,16.58,173.2,23747,81,-1029,70,1034,1,46.3722145,-70.9419138,185.00,24.87,0.53,12,1,19:50:40,00
1497961,-37,24289,30.06,1,1,15.35,160.3,23762,-15,-918,48,920,1,46.3722145,-70.9419138,185.10,24.87,0.53,12,1,19:50:40,00
1498426,-46,24289,30.04,1,1,15.18,158.6,23777,123,-1039,125,1054,1,46.3722582,-70.9418503,185.10,24.59,0.53,12,1,19:50:41,00
1498886,-45,24289,30.02,1,1,15.78,164.8,23792,71,-910,103,918,1,46.3722582,-70.9418503,185.10,24.59,0.53,12,1,19:50:41,00
1499356,-32,24289,30.05,1,1,16.03,167.4,23808,24,-1020,115,1027,1,46.3722582,-70.9418503,185.10,24.59,0.53,12,1,19:50:41,00
1499821,-51,24289,30.02,1,1,15.51,162.0,23823,-53,-1004,136,1014,1,46.3723052,-70.9417952,185.10,23.98,0.56,12,1,19:50:42,00
1500292,-45,24289,30.04,1,1,16.47,172.0,23839,24,-960,107,966,1,46.3723052,-70.9417952,185.10,23.98,0.56,12,1,19:50:42,00
1500760,-52,24289,30.07,1,1,15.28,159.6,23854,-64,-1015,130,1025,1,46.3723557,-70.9417512,185.10,23.37,0.56,12,1,19:50:43,00
1501237,-52,24289,30.06,1,1,14.14,147.7,23868,74,-1071,96,1078,1,46.3723557,-70.9417512,185.10,23.37,0.56,12,1,19:50:43,00
1501702,-50,24289,30.06,1,1,15.09,157.6,23883,-107,-981,145,997,1,46.3724090,-70.9417202,185.10,22.78,0.57,12,1,19:50:44,00
1502163,-52,24289,30.08,1,1,14.70,153.5,23897,52,-1028,-7,1029,1,46.3724090,-70.9417202,185.10,22.78,0.57,12,1,19:50:44,00
1502638,-52,24289,30.07,1,1,14.87,155.3,23912,6,-854,68,857,1,46.3724637,-70.9417032,185.10,22.09,0.56,12,1,19:50:45,00
1503105,-55,24289,30.09,1,1,15.61,163.0,23927,-92,-962,83,970,1,46.3724637,-70.9417032,185.10,22.09,0.56,12,1,19:50:45,00
1503579,-48,24289,30.07,1,1,14.78,154.3,23942,-97,-950,99,960,1,46.3725178,-70.9416993,185.10,21.45,0.57,12,1,19:50:46,00
1504049,-49,24289,30.09,1,1,15.41,160.9,23957,12,-1002,149,1013,1,46.3725178,-70.9416993,185.10,21.45,0.57,12,1,19:50:46,00
1504526,-42,24289,30.12,1,1,17.47,182.4,23974,18,-989,138,999,1,46.3725700,-70.9417085,185.10,20.84,0.57,12,1,19:50:47,00
1505002,-36,24289,30.11,1,1,15.38,160.6,23989,-26,-1017,124,1024,1,46.3725700,-70.9417085,185.20,20.84,0.56,12,1,19:50:47,00
1505476,-45,24289,30.11,1,1,15.22,158.9,24004,-57,-1009,79,1014,1,46.3726190,-70.9417302,185.20,20.30,0.56,12,1,19:50:48,00
1505947,-53,24289,30.09,1,1,14.60,152.4,24019,36,-967,40,968,1,46.3726190,-70.9417302,185.20,20.30,0.56,12,1,19:50:48,00
1506422,-37,24289,30.10,1,1,14.20,148.3,24033,75,-981,25,984,1,46.3726190,-70.9417302,185.20,20.30,0.56,12,1,19:50:48,00
1506969,-33,24289,30.08,1,1,12.39,129.4,24047,49,-960,52,963,1,46.3726642,-70.9417618,185.20,19.96,0.56,12,1,19:50:49,00
1507434,151,24289,30.19,1,1,14.48,151.2,24061,-75,-997,127,1008,1,46.3727052,-70.9418013,185.20,19.59,0.56,12,1,19:50:50,00
1507898,1049,24289,30.37,1,1,15.71,164.1,24076,31,-1018,148,1029,1,46.3727052,-70.9418013,185.20,19.59,0.56,12,1,19:50:50,00
1508358,3768,24289,32.28,1,1,14.24,148.7,24089,-90,-882,138,897,1,46.3727052,-70.9418013,185.20,19.59,0.56,12,1,19:50:50,00
1508824,10298,24289,32.51,1,1,15.38,160.6,24105,7,-848,80,852,1,46.3727413,-70.9418478,185.20,19.26,0.56,12,1,19:50:51,00
1509284,12736,24289,32.71,1,1,20.86,217.9,24125,-29,-905,9,906,1,46.3727413,-70.9418478,185.20,19.26,0.56,12,1,19:50:51,00
1509758,12043,24289,33.02,1,1,18.41,192.3,24143,63,-1050,4,1052,1,46.3727720,-70.9419005,185.20,18.98,0.56,12,1,19:50:52,00
1510226,11623,24289,31.91,1,1,17.24,180.1,24160,-39,-935,222,962,1,46.3727720,-70.9419005,185.20,18.98,0.56,12,1,19:50:52,00
1510690,10443,24289,32.66,1,1,19.56,204.3,24179,-69,-1050,26,1053,1,46.3727970,-70.9419580,185.30,18.80,0.56,12,1,19:50:53,00
1511149,10496,24289,32.93,1,1,18.26,190.7,24197,78,-989,67,994,1,46.3727970,-70.9419580,185.30,18.80,0.56,12,1,19:50:53,00
1511617,11242,24289,32.83,1,1,18.61,194.4,24215,-92,-928,154,945,1,46.3728160,-70.9420200,185.30,18.67,0.56,12,1,19:50:54,00
1512081,9343,24289,31.96,1,1,17.77,185.6,24232,22,-977,61,980,1,46.3728160,-70.9420200,185.30,18.67,0.56,12,1,19:50:54,00
1512545,10074,24289,32.47,1,1,19.23,200.8,24251,-6,-961,109,967,1,46.3728283,-70.9420845,185.30,18.41,0.56,12,1,19:50:55,00
1513011,9836,24289,32.02,1,1,19.44,203.0,24270,28,-1033,202,1053,1,46.3728283,-70.9420845,185.30,18.41,0.56,12,1,19:50:55,00
1513473,9107,24289,32.26,1,1,19.61,204.7,24289,-3,-1027,166,1041,1,46.3728333,-70.9421508,185.30,18.46,0.56,12,1,19:50:56,00
1513945,8946,24289,32.05,1,1,18.78,196.1,24307,12,-968,97,973,1,46.3728333,-70.9421508,185.30,18.46,0.56,12,1,19:50:56,00
1514416,8261,24289,33.01,1,1,19.23,200.8,24326,66,-1038,139,1049,1,46.3728333,-70.9421508,185.30,18.46,0.56,12,1,19:50:56,00
1514893,8646,24289,31.28,1,1,18.72,195.5,24345,-26,-1030,87,1034,1,46.3728307,-70.9422182,185.20,18.65,0.56,12,1,19:50:57,00
1515366,8413,24289,31.92,1,1,18.82,196.5,24363,-44,-980,128,989,1,46.3728307,-70.9422182,185.20,18.65,0.56,12,1,19:50:57,00
1515831,7846,24289,31.64,1,1,19.07,199.2,24382,-7,-987,104,992,1,46.3728212,-70.9422848,185.10,18.93,0.56,12,1,19:50:58,00
1516301,8128,24289,31.41,1,1,19.56,204.3,24401,-20,-945,129,954,1,46.3728212,-70.9422848,185.10,18.93,0.56,12,1,19:50:58,00
1516772,7911,24289,31.20,1,1,19.23,200.8,24420,-15,-993,133,1001,1,46.3728048,-70.9423517,185.00,19.93,0.55,12,1,19:50:59,00
1517248,7746,24289,32.81,1,1,18.95,197.9,24439,71,-1057,62,1061,1,46.3728048,-70.9423517,185.00,19.93,0.55,12,1,19:50:59,00
1517714,7486,24289,33.04,1,1,19.61,204.7,24458,-40,-913,155,927,1,46.3727810,-70.9424182,184.90,21.24,0.55,12,1,19:51:00,00
1518184,7394,24289,31.60,1,1,18.94,197.8,24476,7,-1089,43,1090,1,46.3727810,-70.9424182,184.90,21.24,0.55,12,1,19:51:00,00
1518654,7750,24289,32.37,1,1,19.03,198.7,24495,-24,-846,128,856,1,46.3727507,-70.9424847,184.80,22.46,0.58,12,1,19:51:01,00
1519127,7485,24289,31.25,1,1,19.99,208.8,24515,-25,-979,193,998,1,46.3727507,-70.9424847,184.80,22.46,0.58,12,1,19:51:01,00
1519600,7556,24289,31.66,1,1,19.44,203.0,24534,-26,-979,118,986,1,46.3727165,-70.9425515,184.80,23.08,0.58,12,1,19:51:02,00
1520072,7875,24289,32.99,1,1,18.91,197.5,24553,-116,-888,176,913,1,46.3727165,-70.9425515,184.80,23.08,0.58,12,1,19:51:02,00
1520545,7511,24289,32.49,1,1,19.48,203.4,24572,53,-953,160,968,1,46.3726810,-70.9426185,184.80,23.61,0.58,12,1,19:51:03,00
1521010,8300,24289,31.98,1,1,19.52,203.9,24591,-72,-954,176,973,1,46.3726810,-70.9426185,184.80,23.61,0.60,12,1,19:51:03,00
1521487,7686,24289,32.92,1,1,19.48,203.4,24610,-14,-988,190,1007,1,46.3726810,-70.9426185,184.80,23.61,0.60,12,1,19:51:03,00
1522027,7687,24289,32.42,1,1,18.02,188.2,24631,-7,-930,113,937,1,46.3726442,-70.9426865,184.60,24.17,0.60,12,1,19:51:04,00
1522497,7822,24289,31.89,1,1,20.50,214.1,24651,24,-1075,132,1083,1,46.3726063,-70.9427562,184.60,24.80,0.60,12,1,19:51:05,00
1522959,8241,24289,31.78,1,1,19.86,207.4,24670,-24,-936,116,943,1,46.3726063,-70.9427562,184.50,24.80,0.60,12,1,19:51:05,00
1523420,8731,24289,31.42,1,1,18.90,197.4,24688,-43,-977,60,980,1,46.3726063,-70.9427562,184.50,24.80,0.60,12,1,19:51:05,00
1523896,-90,24289,30.38,1,1,19.11,199.6,24707,154,-1047,-85,1061,1,46.3726063,-70.9427562,184.50,24.80,0.60,12,1,19:51:05,00
1524361,-86,24289,30.37,1,1,18.90,197.4,24725,25,-1023,54,1024,1,46.3726063,-70.9427562,184.50,24.80,0.60,12,1,19:51:05,00
1524823,-92,24289,30.39,1,1,18.03,188.3,24743,16,-932,109,938,1,46.3725282,-70.9428997,184.40,25.58,0.60,12,1,19:51:07,00
1525287,-87,24289,30.37,1,1,17.89,186.8,24760,2,-958,36,959,1,46.3725282,-70.9428997,184.40,25.58,0.60,12,1,19:51:07,00
1525746,-85,24289,30.35,1,1,18.69,195.2,24778,-33,-1070,100,1075,1,46.3724883,-70.9429725,184.40,25.74,0.56,12,1,19:51:08,00
1526218,-76,24289,30.37,1,1,17.77,185.6,24796,11,-970,132,979,1,46.3724883,-70.9429725,184.40,25.74,0.56,12,1,19:51:08,00
1526678,-75,24289,30.37,1,1,16.95,177.0,24812,6,-965,93,969,1,46.3724482,-70.9430453,184.50,25.67,0.60,12,1,19:51:09,00
1527140,-92,24289,30.35,1,1,16.80,175.4,24828,5,-956,70,959,1,46.3724482,-70.9430453,184.50,25.67,0.60,12,1,19:51:09,00
1527602,-87,24289,30.34,1,1,16.62,173.5,24844,22,-1053,144,1063,1,46.3724083,-70.9431180,184.50,25.58,0.60,12,1,19:51:10,00
1528073,-90,24289,30.34,1,1,17.54,183.2,24861,9,-952,-42,953,1,46.3724083,-70.9431180,184.60,25.58,0.60,12,1,19:51:10,00
1528542,-87,24289,30.30,1,1,17.59,183.7,24879,19,-1020,13,1021,1,46.3723688,-70.9431902,184.60,25.41,0.60,12,1,19:51:11,00
1529007,-83,24289,30.31,1,1,16.95,177.0,24895,-28,-1098,41,1099,1,46.3723688,-70.9431902,184.70,25.41,0.60,12,1,19:51:11,00
1529473,-79,24289,30.36,1,1,16.30,170.2,24911,-11,-987,-13,987,1,46.3723688,-70.9431902,184.70,25.41,0.60,12,1,19:51:11,00
1529941,-71,24289,30.34,1,1,17.28,180.5,24928,56,-988,43,991,1,46.3723292,-70.9432615,184.70,25.28,0.60,12,1,19:51:12,00
1530403,-66,24289,30.37,1,1,18.61,194.4,24946,27,-1014,71,1017,1,46.3723292,-70.9432615,184.70,25.28,0.60,12,1,19:51:12,00
1530868,-65,24289,30.37,1,1,19.02,198.7,24964,-41,-946,117,954,1,46.3722882,-70.9433302,184.80,25.11,0.60,12,1,19:51:13,00
1531337,-60,24289,30.35,1,1,16.16,168.8,24980,-65,-973,98,980,1,46.3722882,-70.9433302,184.80,25.11,0.60,12,1,19:51:13,00
1531810,-75,24289,30.34,1,1,19.95,208.3,25000,22,-946,111,953,1,46.3722445,-70.9433937,184.90,24.67,0.60,12,1,19:51:14,00
1532278,-60,24289,30.37,1,1,16.80,175.4,25016,70,-899,175,918,1,46.3722445,-70.9433937,184.90,24.67,0.60,12,1,19:51:14,00
1532750,-64,24289,30.30,1,1,16.89,176.3,25033,-96,-1007,113,1018,1,46.3721970,-70.9434477,185.00,24.02,0.60,12,1,19:51:15,00
1533218,-67,24289,30.38,1,1,16.33,170.6,25049,-95,-908,74,916,1,46.3721970,-70.9434477,185.00,24.02,0.60,12,1,19:51:15,00
1533689,-77,24289,30.37,1,1,16.09,168.1,25065,7,-1023,113,1029,1,46.3721463,-70.9434910,185.00,23.39,0.60,12,1,19:51:16,00
1534158,-78,24289,30.35,1,1,16.65,173.9,25081,93,-958,101,968,1,46.3721463,-70.9434910,185.00,23.39,0.60,12,1,19:51:16,00
1534632,-76,24289,30.40,1,1,16.47,172.0,25097,-22,-955,80,959,1,46.3720933,-70.9435205,184.80,22.61,0.61,12,1,19:51:17,00
1535105,-74,24289,30.37,1,1,17.55,183.3,25115,-42,-1037,47,1039,1,46.3720933,-70.9435205,184.80,22.61,0.61,12,1,19:51:17,00
1535586,-68,24289,30.36,1,1,17.39,181.6,25132,-58,-829,110,838,1,46.3720383,-70.9435358,184.90,22.43,0.61,12,1,19:51:18,00
1536055,-75,24289,30.38,1,1,15.41,160.9,25147,-3,-967,150,978,1,46.3720383,-70.9435358,184.90,22.43,0.61,12,1,19:51:18,00
1536526,-75,24289,30.30,1,1,16.75,174.9,25164,89,-978,103,987,1,46.3719827,-70.9435343,184.90,22.37,0.63,12,1,19:51:19,00
1537073,-70,24289,30.39,1,1,13.08,136.6,25179,43,-937,98,943,1,46.3719827,-70.9435343,184.90,22.37,0.63,12,1,19:51:19,00
1537533,-71,24289,30.37,1,1,15.65,163.4,25194,-28,-882,132,892,1,46.3719287,-70.9435167,184.90,22.24,0.63,12,1,19:51:20,00
1537993,-71,24289,30.33,1,1,15.89,165.9,25209,-196,-809,77,836,1,46.3719287,-70.9435167,184.80,22.24,0.60,12,1,19:51:20,00
1538450,-71,24289,30.37,1,1,17.10,178.6,25224,135,-847,4,857,1,46.3718768,-70.9434867,184.80,22.34,0.60,12,1,19:51:21,00
1538917,-74,24289,30.36,1,1,14.93,155.9,25240,1,-929,92,933,1,46.3718768,-70.9434867,184.90,22.34,0.59,12,1,19:51:21,00
1539377,63,24289,30.52,1,1,16.10,168.2,25255,91,-878,110,889,1,46.3718768,-70.9434867,184.90,22.34,0.59,12,1,19:51:21,00
1539843,273,24289,30.52,1,1,16.26,169.9,25271,41,-1094,8,1095,1,46.3718288,-70.9434473,184.90,21.93,0.63,12,1,19:51:22,00
1540302,2526,24289,32.18,1,1,17.97,187.6,25288,-160,-934,-32,948,1,46.3718288,-70.9434473,184.90,21.93,0.63,12,1,19:51:22,00
1540765,7039,24289,32.86,1,1,16.76,175.1,25304,49,-880,-122,890,1,46.3717857,-70.9434008,185.00,21.32,0.61,12,1,19:51:23,00
1541224,12403,24289,32.76,1,1,16.20,169.1,25320,81,-1058,101,1066,1,46.3717857,-70.9434008,185.00,21.32,0.61,12,1,19:51:23,00
1541680,12158,24289,33.20,1,1,20.44,213.5,25339,-95,-987,111,998,1,46.3717490,-70.9433470,185.20,20.74,0.58,12,1,19:51:24,00
1542137,11872,24289,32.94,1,1,16.13,168.4,25355,-34,-955,145,967,1,46.3717490,-70.9433470,185.20,20.74,0.58,12,1,19:51:24,00
1542611,12179,24289,32.59,1,1,14.76,154.2,25369,62,-912,66,916,1,46.3717212,-70.9432850,185.30,20.45,0.56,12,1,19:51:25,00
1543070,11259,24289,32.52,1,1,17.35,181.2,25386,-13,-942,-22,943,1,46.3717212,-70.9432850,185.30,20.45,0.56,12,1,19:51:25,00
1543530,10646,24289,32.18,1,1,16.76,175.1,25402,-5,-950,42,951,1,46.3717023,-70.9432162,185.30,20.63,0.56,12,1,19:51:26,00
1543989,10388,24289,33.33,1,1,17.58,183.6,25419,-43,-1052,76,1055,1,46.3717023,-70.9432162,185.20,20.63,0.56,12,1,19:51:26,00
1544452,10189,24289,32.55,1,1,17.81,186.0,25436,-65,-975,50,978,1,46.3716910,-70.9431433,185.20,20.80,0.56,12,1,19:51:27,00
1544913,9575,24289,32.22,1,1,17.62,184.0,25453,15,-998,74,1001,1,46.3716910,-70.9431433,185.00,20.80,0.54,12,1,19:51:27,00
1545371,10490,24289,32.03,1,1,16.80,175.4,25469,-56,-937,147,950,1,46.3716867,-70.9430685,185.00,20.78,0.54,12,1,19:51:28,00
1545835,9523,24289,33.46,1,1,18.34,191.5,25487,-57,-960,126,970,1,46.3716867,-70.9430685,185.00,20.78,0.53,12,1,19:51:28,00
1546300,9628,24289,31.90,1,1,17.58,183.6,25504,-119,-924,216,956,1,46.3716867,-70.9430685,185.00,20.78,0.53,12,1,19:51:28,00
1546762,8675,24289,32.67,1,1,20.20,211.0,25524,-73,-964,199,987,1,46.3716895,-70.9429943,184.90,20.52,0.53,12,1,19:51:29,00
1547227,7965,24289,33.32,1,1,19.07,199.1,25542,-46,-989,135,999,1,46.3716895,-70.9429943,184.90,20.52,0.53,12,1,19:51:29,00
1547690,7995,24289,32.95,1,1,18.57,194.0,25560,37,-1004,115,1011,1,46.3716993,-70.9429228,184.90,20.08,0.53,12,1,19:51:30,00
1548165,8067,24289,31.93,1,1,18.99,198.3,25579,-36,-1019,225,1044,1,46.3716993,-70.9429228,184.90,20.08,0.53,12,1,19:51:30,00
1548630,8240,24289,32.18,1,1,19.91,207.9,25598,14,-1012,56,1014,1,46.3717178,-70.9428552,184.90,20.26,0.53,12,1,19:51:31,00
1549100,7549,24289,33.29,1,1,18.34,191.5,25616,33,-865,66,869,1,46.3717178,-70.9428552,184.90,20.26,0.53,12,1,19:51:31,00
1549574,6896,24289,31.85,1,1,19.07,199.2,25635,-20,-986,121,994,1,46.3717433,-70.9427902,185.00,21.00,0.53,12,1,19:51:32,00
1550045,8207,24289,31.88,1,1,18.30,191.1,25653,-121,-1032,163,1052,1,46.3717433,-70.9427902,185.00,21.00,0.53,12,1,19:51:32,00
1550510,8276,24289,32.27,1,1,18.26,190.7,25671,-78,-895,194,919,1,46.3717743,-70.9427267,185.00,21.84,0.53,12,1,19:51:33,00
1550987,8217,24289,33.38,1,1,16.51,172.4,25687,-14,-1017,163,1030,1,46.3717743,-70.9427267,185.00,21.84,0.53,12,1,19:51:33,00
1551472,7770,24289,32.17,1,1,17.38,181.5,25705,-26,-966,149,977,1,46.3718072,-70.9426618,185.00,22.39,0.53,12,1,19:51:34,00
1552025,8347,24289,31.78,1,1,17.07,178.3,25725,-103,-910,94,921,1,46.3718072,-70.9426618,185.00,22.39,0.53,12,1,19:51:34,00
1552476,8280,24289,32.06,1,1,19.81,206.9,25743,1,-1024,170,1038,1,46.3718415,-70.9425957,185.00,23.04,0.53,12,1,19:51:35,00
1552939,8278,24289,32.13,1,1,19.27,201.3,25762,57,-1021,74,1025,1,46.3718415,-70.9425957,185.00,23.04,0.53,12,1,19:51:35,00
1553405,8078,24289,32.17,1,1,18.26,190.7,25780,56,-1020,157,1034,1,46.3718415,-70.9425957,185.00,23.04,0.53,12,1,19:51:35,00
1553861,7434,24289,33.33,1,1,18.90,197.4,25798,-71,-929,128,941,1,46.3718770,-70.9425280,184.90,23.78,0.53,12,1,19:51:36,00
1554325,8246,24289,32.95,1,1,17.85,186.4,25815,-31,-930,148,942,1,46.3718770,-70.9425280,184.90,23.78,0.53,12,1,19:51:36,00
1554779,7584,24289,33.06,1,1,18.98,198.2,25833,20,-1061,122,1069,1,46.3719140,-70.9424588,184.90,24.39,0.53,12,1,19:51:37,00
1555239,-90,24289,30.71,1,1,18.73,195.7,25851,60,-918,91,925,1,46.3719140,-70.9424588,184.90,24.39,0.53,12,1,19:51:37,00
1555698,-92,24289,30.72,1,1,18.53,193.5,25869,75,-984,74,990,1,46.3719520,-70.9423885,184.90,24.84,0.53,12,1,19:51:38,00
1556158,-94,24289,30.60,1,1,18.05,188.5,25886,33,-975,78,979,1,46.3719520,-70.9423885,184.90,24.84,0.53,12,1,19:51:38,00
1556620,-77,24289,30.69,1,1,17.73,185.2,25903,-8,-942,51,943,1,46.3719902,-70.9423167,184.90,25.13,0.53,12,1,19:51:39,00
1557088,-74,24289,30.65,1,1,17.88,186.7,25921,-34,-1052,71,1055,1,46.3719902,-70.9423167,184.90,25.13,0.53,12,1,19:51:39,00
1557557,-79,24289,30.64,1,1,17.28,180.5,25938,-34,-1033,31,1034,1,46.3720285,-70.9422443,184.90,25.19,0.53,12,1,19:51:40,00
1558021,-62,24289,30.67,1,1,17.77,185.6,25955,66,-1005,39,1008,1,46.3720285,-70.9422443,184.90,25.19,0.53,12,1,19:51:40,00
1558488,-51,24289,30.75,1,1,17.54,183.2,25972,20,-962,66,964,1,46.3720285,-70.9422443,184.90,25.19,0.53,12,1,19:51:40,00
1558965,-74,24289,30.69,1,1,17.28,180.5,25989,-54,-1000,79,1004,1,46.3720672,-70.9421720,185.00,25.22,0.53,12,1,19:51:41,00
1559437,-69,24289,30.67,1,1,17.10,178.6,26006,-7,-1036,55,1038,1,46.3720672,-70.9421720,185.00,25.22,0.53,12,1,19:51:41,00
1559910,-66,24289,30.68,1,1,16.89,176.3,26023,-11,-1005,28,1006,1,46.3721058,-70.9421000,185.00,25.19,0.53,12,1,19:51:42,00
1560380,-59,24289,30.67,1,1,16.51,172.4,26039,48,-1028,75,1032,1,46.3721058,-70.9421000,185.00,25.19,0.53,12,1,19:51:42,00
1560854,-67,24289,30.68,1,1,16.40,171.3,26055,-84,-978,65,984,1,46.3721452,-70.9420287,185.00,25.15,0.53,12,1,19:51:43,00
1561329,-59,24289,30.69,1,1,16.64,173.8,26072,-55,-958,110,966,1,46.3721452,-70.9420287,185.00,25.15,0.53,12,1,19:51:43,00
1561796,-66,24289,30.71,1,1,16.03,167.4,26087,86,-1027,57,1032,1,46.3721858,-70.9419590,185.10,25.06,0.53,12,1,19:51:44,00
1562261,-58,24289,30.72,1,1,16.37,170.9,26103,74,-973,111,982,1,46.3721858,-70.9419590,185.10,25.06,0.53,12,1,19:51:44,00
1562728,-65,24289,30.70,1,1,16.47,172.0,26119,-93,-1097,110,1106,1,46.3722280,-70.9418923,185.10,24.87,0.53,12,1,19:51:45,00
1563196,-60,24289,30.69,1,1,16.40,171.3,26135,24,-942,110,949,1,46.3722280,-70.9418923,185.10,24.87,0.53,12,1,19:51:45,00
1563664,-57,24289,30.71,1,1,16.68,174.2,26152,30,-936,138,947,1,46.3722718,-70.9418310,185.10,24.15,0.53,12,1,19:51:46,00
1564132,-53,24289,30.74,1,1,16.03,167.4,26167,-104,-982,94,992,1,46.3722718,-70.9418310,185.10,24.15,0.53,12,1,19:51:46,00
1564595,-42,24289,30.71,1,1,16.23,169.5,26183,16,-1030,50,1031,1,46.3723187,-70.9417785,185.10,23.39,0.53,12,1,19:51:47,00
1565060,-43,24289,30.71,1,1,17.14,178.9,26200,-61,-872,95,879,1,46.3723187,-70.9417785,185.10,23.39,0.53,12,1,19:51:47,00
1565530,-49,24289,30.71,1,1,15.75,164.5,26215,-27,-1038,93,1043,1,46.3723683,-70.9417375,185.10,22.71,0.53,12,1,19:51:48,00
1566003,-54,24289,30.73,1,1,15.89,166.0,26231,18,-877,109,884,1,46.3723683,-70.9417375,185.20,22.71,0.55,12,1,19:51:48,00
1566472,-47,24289,30.74,1,1,15.41,160.9,26246,-54,-994,39,996,1,46.3723683,-70.9417375,185.20,22.71,0.55,12,1,19:51:48,00
1567012,-49,24289,30.69,1,1,13.40,139.9,26261,-68,-1084,39,1087,1,46.3724208,-70.9417102,185.20,22.08,0.55,12,1,19:51:49,00
1567468,-47,24289,30.73,1,1,15.99,167.0,26276,10,-967,87,971,1,46.3724208,-70.9417102,185.20,22.08,0.55,12,1,19:51:49,00
1567924,-39,24289,30.75,1,1,16.30,170.2,26292,-17,-972,134,981,1,46.3724750,-70.9416995,185.20,21.67,0.53,12,1,19:51:50,00
1568392,-45,24289,30.70,1,1,15.22,158.9,26307,-105,-1024,112,1036,1,46.3724750,-70.9416995,185.20,21.67,0.53,12,1,19:51:50,00
1568852,-42,24289,30.73,1,1,14.83,154.9,26321,58,-964,77,969,1,46.3725287,-70.9417057,185.20,21.45,0.53,12,1,19:51:51,00
1569319,-23,24289,30.74,1,1,15.22,158.9,26336,-94,-995,115,1006,1,46.3725287,-70.9417057,185.20,21.45,0.53,12,1,19:51:51,00
1569782,-41,24289,30.75,1,1,14.86,155.2,26350,89,-904,55,910,1,46.3725805,-70.9417260,185.10,21.48,0.53,12,1,19:51:52,00
1570240,-43,24289,30.75,1,1,16.26,169.9,26366,-54,-936,71,940,1,46.3725805,-70.9417260,185.10,21.48,0.53,12,1,19:51:52,00
1570707,-52,24289,30.71,1,1,14.86,155.2,26380,-42,-964,66,967,1,46.3726298,-70.9417575,185.00,21.54,0.53,12,1,19:51:53,00
1571166,-53,24289,30.75,1,1,17.32,180.9,26397,14,-1070,109,1075,1,46.3726298,-70.9417575,185.00,21.54,0.53,12,1,19:51:53,00
1571622,-61,24289,30.76,1,1,16.07,167.8,26412,-10,-1107,124,1114,1,46.3726760,-70.9417968,185.00,21.41,0.53,12,1,19:51:54,00
1572078,-66,24289,30.73,1,1,16.40,171.3,26428,-37,-1028,162,1041,1,46.3726760,-70.9417968,185.00,21.41,0.56,12,1,19:51:54,00
1572541,-19,24289,30.72,1,1,16.55,172.8,26444,-276,-1019,189,1073,1,46.3727178,-70.9418435,185.00,20.98,0.56,12,1,19:51:55,00
1573007,195,24289,30.97,1,1,17.50,182.8,26461,39,-1038,105,1044,1,46.3727178,-70.9418435,185.00,20.98,0.56,12,1,19:51:55,00
1573474,1462,24289,30.92,1,1,15.54,162.3,26476,22,-955,103,961,1,46.3727178,-70.9418435,185.00,20.98,0.56,12,1,19:51:55,00
1573947,4882,24289,31.15,1,1,15.86,165.6,26492,-48,-1016,131,1025,1,46.3727178,-70.9418435,185.00,20.98,0.56,12,1,19:51:55,00
1574420,11274,24289,33.01,1,1,15.75,164.5,26507,-42,-964,62,967,1,46.3727178,-70.9418435,185.00,20.98,0.56,12,1,19:51:55,00
1574893,11372,24289,33.44,1,1,16.58,173.1,26524,-48,-846,77,851,1,46.3727822,-70.9419592,185.00,20.32,0.56,12,1,19:51:57,00
1575358,11225,24289,32.83,1,1,16.47,172.0,26540,14,-1064,108,1070,1,46.3727822,-70.9419592,185.00,20.32,0.56,12,1,19:51:57,00
1575825,11033,24289,32.88,1,1,16.65,173.9,26556,57,-987,33,989,1,46.3728025,-70.9420265,184.90,20.24,0.56,12,1,19:51:58,00
1576296,10424,24289,33.51,1,1,17.14,178.9,26573,-82,-985,85,992,1,46.3728025,-70.9420265,184.90,20.24,0.56,12,1,19:51:58,00
1576766,11001,24289,32.63,1,1,17.32,180.9,26590,-62,-934,149,948,1,46.3728152,-70.9420973,184.90,20.21,0.56,12,1,19:51:59,00
1577228,10876,24289,32.61,1,1,18.57,194.0,26608,-16,-967,53,969,1,46.3728152,-70.9420973,184.90,20.21,0.56,12,1,19:51:59,00
1577697,9128,24289,33.64,1,1,18.38,191.9,26626,-85,-1032,96,1040,1,46.3728193,-70.9421703,184.80,20.21,0.53,12,1,19:52:00,00
1578160,9629,24289,32.39,1,1,16.62,173.5,26642,-20,-975,66,977,1,46.3728193,-70.9421703,184.80,20.21,0.53,12,1,19:52:00,00
1578630,9174,24289,33.54,1,1,18.57,194.0,26660,-24,-935,135,945,1,46.3728148,-70.9422433,184.70,20.48,0.53,12,1,19:52:01,00
1579093,9062,24289,32.53,1,1,18.82,196.5,26678,-32,-966,148,978,1,46.3728148,-70.9422433,184.70,20.48,0.53,12,1,19:52:01,00
1579557,8885,24289,32.07,1,1,19.65,205.2,26697,-27,-960,129,969,1,46.3728028,-70.9423155,184.70,20.67,0.53,12,1,19:52:02,00
1580020,8777,24289,32.49,1,1,19.15,200.0,26716,-64,-971,113,980,1,46.3728028,-70.9423155,184.60,20.67,0.53,12,1,19:52:02,00
1580491,8201,24289,32.49,1,1,18.65,194.8,26734,-32,-962,171,978,1,46.3727842,-70.9423848,184.60,20.72,0.53,12,1,19:52:03,00
1580960,8028,24289,32.43,1,1,19.07,199.2,26753,17,-1088,201,1107,1,46.3727842,-70.9423848,184.50,20.72,0.53,12,1,19:52:03,00
1581424,7884,24289,32.39,1,1,18.86,196.9,26771,17,-922,149,934,1,46.3727842,-70.9423848,184.50,20.72,0.53,12,1,19:52:03,00
1581949,7569,24289,33.53,1,1,17.20,179.6,26790,-10,-1025,127,1033,1,46.3727603,-70.9424507,184.30,20.98,0.53,12,1,19:52:04,00
1582399,7748,24289,33.61,1,1,19.95,208.3,26809,-114,-858,152,879,1,46.3727603,-70.9424507,184.30,20.98,0.53,12,1,19:52:04,00
1582852,7781,24289,33.67,1,1,18.63,194.5,26826,-88,-964,132,977,1,46.3727318,-70.9425153,184.20,21.58,0.56,12,1,19:52:05,00
1583305,8029,24289,33.74,1,1,18.74,195.7,26844,-56,-910,136,922,1,46.3727318,-70.9425153,184.20,21.58,0.56,12,1,19:52:05,00
1583758,8892,24289,32.76,1,1,19.82,207.0,26863,-36,-948,100,954,1,46.3726995,-70.9425792,184.20,22.15,0.56,12,1,19:52:06,00
1584213,8530,24289,32.45,1,1,18.37,191.9,26880,14,-993,119,1000,1,46.3726995,-70.9425792,184.20,22.15,0.56,12,1,19:52:06,00
1584674,8422,24289,32.84,1,1,19.69,205.6,26899,-31,-953,138,964,1,46.3726650,-70.9426438,184.20,22.74,0.56,12,1,19:52:07,00
1585126,8710,24289,32.31,1,1,19.65,205.2,26918,-11,-1039,140,1049,1,46.3726650,-70.9426438,184.20,22.74,0.56,12,1,19:52:07,00
1585606,8115,24289,33.43,1,1,19.91,207.9,26938,-63,-965,196,987,1,46.3726293,-70.9427095,184.20,23.41,0.56,12,1,19:52:08,00
1586072,8791,24289,32.13,1,1,17.54,183.2,26955,43,-911,150,924,1,46.3726293,-70.9427095,184.10,23.41,0.58,12,1,19:52:08,00
1586534,8928,24289,32.39,1,1,19.61,204.7,26974,-128,-1005,202,1033,1,46.3725923,-70.9427770,184.10,24.08,0.58,12,1,19:52:09,00
1586995,8551,24289,32.50,1,1,19.24,200.9,26992,15,-887,128,896,1,46.3725923,-70.9427770,184.00,24.08,0.60,12,1,19:52:09,00
1587455,8828,24289,32.43,1,1,18.45,192.7,27010,-69,-1012,159,1027,1,46.3725923,-70.9427770,184.00,24.08,0.60,12,1,19:52:09,00
1587912,-90,24289,31.10,1,1,19.48,203.4,27029,67,-1105,77,1110,1,46.3725545,-70.9428463,183.90,24.63,0.60,12,1,19:52:10,00
1588374,-97,24289,31.06,1,1,19.02,198.7,27047,-33,-960,69,963,1,46.3725545,-70.9428463,183.90,24.63,0.60,12,1,19:52:10,00
1588836,-98,24289,31.03,1,1,17.73,185.2,27064,-9,-999,101,1004,1,46.3725163,-70.9429173,183.90,24.96,0.60,12,1,19:52:11,00
1589300,-93,24289,31.12,1,1,18.53,193.5,27082,103,-975,20,981,1,46.3725163,-70.9429173,183.90,24.96,0.60,12,1,19:52:11,00
1589763,-102,24289,31.04,1,1,18.38,191.9,27100,17,-955,70,958,1,46.3724780,-70.9429895,184.00,25.06,0.60,12,1,19:52:12,00
1590227,-83,24289,31.07,1,1,18.90,197.4,27118,101,-975,83,984,1,46.3724780,-70.9429895,184.00,25.06,0.60,12,1,19:52:12,00
1590690,-80,24289,31.05,1,1,18.78,196.1,27136,42,-975,53,978,1,46.3724398,-70.9430612,184.20,24.89,0.60,12,1,19:52:13,00
1591152,-73,24289,31.09,1,1,17.54,183.2,27153,-30,-997,73,1000,1,46.3724398,-70.9430612,184.20,24.89,0.60,12,1,19:52:13,00
1591621,-79,24289,31.02,1,1,17.47,182.4,27170,-90,-979,111,989,1,46.3724017,-70.9431322,184.20,24.78,0.60,12,1,19:52:14,00
1592095,-78,24289,31.06,1,1,17.55,183.3,27188,-33,-972,85,977,1,46.3724017,-70.9431322,184.40,24.78,0.60,12,1,19:52:14,00
1592560,-73,24289,31.05,1,1,17.93,187.2,27205,42,-981,48,983,1,46.3723630,-70.9432018,184.40,24.69,0.60,12,1,19:52:15,00
1593026,-73,24289,31.07,1,1,16.99,177.5,27222,-13,-931,79,935,1,46.3723630,-70.9432018,184.50,24.69,0.60,12,1,19:52:15,00
1593501,-79,24289,31.10,1,1,16.58,173.2,27238,61,-1110,75,1114,1,46.3723630,-70.9432018,184.50,24.69,0.60,12,1,19:52:15,00
1593985,-76,24289,31.06,1,1,16.78,175.3,27255,-42,-983,63,986,1,46.3723630,-70.9432018,184.50,24.69,0.60,12,1,19:52:15,00
1594456,-84,24289,31.07,1,1,16.40,171.3,27271,-11,-977,190,996,1,46.3723630,-70.9432018,184.50,24.69,0.60,12,1,19:52:15,00
1594918,-80,24289,31.01,1,1,16.33,170.6,27287,-106,-899,66,908,1,46.3722837,-70.9433375,184.70,24.52,0.60,12,1,19:52:17,00
1595383,-68,24289,31.10,1,1,16.26,169.9,27303,95,-1085,25,1090,1,46.3722837,-70.9433375,184.70,24.52,0.60,12,1,19:52:17,00
1595854,-77,24289,31.05,1,1,16.23,169.5,27319,31,-958,130,967,1,46.3722405,-70.9433997,184.80,24.24,0.60,12,1,19:52:18,00
1596333,-69,24289,31.04,1,1,16.20,169.1,27335,-62,-1061,120,1069,1,46.3722405,-70.9433997,184.80,24.24,0.60,12,1,19:52:18,00
1596869,-83,24289,31.09,1,1,15.13,158.0,27352,-93,-951,131,964,1,46.3721938,-70.9434525,184.90,23.58,0.60,12,1,19:52:19,00
1597326,-69,24289,31.08,1,1,15.82,165.2,27367,82,-1043,111,1052,1,46.3721938,-70.9434525,184.90,23.58,0.60,12,1,19:52:19,00
1597781,-84,24289,31.09,1,1,16.84,175.8,27383,-106,-990,80,999,1,46.3721437,-70.9434940,185.00,22.93,0.60,12,1,19:52:20,00
1598243,-79,24289,31.11,1,1,15.71,164.1,27398,-70,-1035,207,1058,1,46.3721437,-70.9434940,185.00,22.93,0.60,12,1,19:52:20,00
1598719,-78,24289,31.05,1,1,15.83,165.3,27414,90,-941,79,949,1,46.3720907,-70.9435220,185.00,22.58,0.61,12,1,19:52:21,00
1599178,-82,24289,31.09,1,1,15.51,162.0,27429,-35,-916,89,921,1,46.3720907,-70.9435220,185.00,22.58,0.61,12,1,19:52:21,00
1599650,-75,24289,31.06,1,1,15.48,161.6,27444,-23,-975,111,982,1,46.3720362,-70.9435367,185.00,22.19,0.63,12,1,19:52:22,00
1600105,-68,24289,31.11,1,1,17.50,182.8,27461,-45,-979,208,1002,1,46.3720362,-70.9435367,185.00,22.19,0.63,12,1,19:52:22,00
1600569,-79,24289,31.05,1,1,15.03,157.0,27475,-114,-898,156,919,1,46.3719818,-70.9435380,185.00,21.80,0.63,12,1,19:52:23,00
1601033,-67,24289,31.09,1,1,16.30,170.2,27491,-20,-879,109,886,1,46.3719818,-70.9435380,185.00,21.80,0.63,12,1,19:52:23,00
1601488,-63,24289,31.07,1,1,15.96,166.7,27506,-3,-921,173,937,1,46.3719818,-70.9435380,185.00,21.80,0.63,12,1,19:52:23,00
1601948,15,24289,30.88,1,1,16.13,168.4,27522,93,-969,82,977,1,46.3719277,-70.9435257,185.30,22.15,0.63,12,1,19:52:24,00
1602415,254,24289,31.28,1,1,14.67,153.2,27536,27,-860,69,863,1,46.3719277,-70.9435257,185.30,22.15,0.63,12,1,19:52:24,00
1602885,2210,24289,32.75,1,1,14.51,151.5,27550,73,-1013,71,1018,1,46.3718775,-70.9434990,185.30,21.34,0.66,12,1,19:52:25,00
1603353,6670,24289,33.74,1,1,15.86,165.6,27566,-179,-913,73,933,1,46.3718775,-70.9434990,185.30,21.34,0.66,12,1,19:52:25,00
1603818,12809,24289,33.23,1,1,14.83,154.9,27580,-111,-1012,3,1018,1,46.3718327,-70.9434593,185.20,21.19,0.62,12,1,19:52:26,00
1604287,12338,24289,33.18,1,1,14.96,156.3,27595,-99,-856,-10,861,1,46.3718327,-70.9434593,185.20,21.19,0.62,12,1,19:52:26,00
1604759,11696,24289,33.99,1,1,15.51,162.0,27610,15,-985,73,988,1,46.3717913,-70.9434108,185.40,21.17,0.59,12,1,19:52:27,00
1605229,11820,24289,33.39,1,1,17.17,179.3,27627,-94,-1013,175,1032,1,46.3717913,-70.9434108,185.40,21.17,0.59,12,1,19:52:27,00
1605708,11403,24289,33.30,1,1,16.68,174.2,27644,41,-1051,66,1053,1,46.3717558,-70.9433547,185.50,20.96,0.58,12,1,19:52:28,00
1606184,10221,24289,33.75,1,1,15.68,163.8,27659,-23,-920,233,949,1,46.3717558,-70.9433547,185.50,20.96,0.58,12,1,19:52:28,00
1606658,10303,24289,33.90,1,1,16.58,173.1,27676,-56,-851,23,853,1,46.3717265,-70.9432927,185.50,20.72,0.56,12,1,19:52:29,00
1607134,11013,24289,33.23,1,1,16.55,172.8,27692,-47,-949,191,969,1,46.3717265,-70.9432927,185.50,20.72,0.56,12,1,19:52:29,00
1607608,10311,24289,33.35,1,1,17.14,178.9,27709,-3,-1039,106,1044,1,46.3717040,-70.9432257,185.50,20.56,0.56,12,1,19:52:30,00
1608094,9421,24289,32.95,1,1,18.49,193.1,27728,32,-952,87,956,1,46.3717040,-70.9432257,185.50,20.56,0.56,12,1,19:52:30,00
1608570,9089,24289,32.96,1,1,17.77,185.6,27746,-3,-880,110,887,1,46.3716888,-70.9431558,185.50,20.37,0.54,12,1,19:52:31,00
1609046,8881,24289,33.73,1,1,17.66,184.4,27763,61,-997,81,1003,1,46.3716888,-70.9431558,185.50,20.37,0.54,12,1,19:52:31,00
1609521,9243,24289,32.43,1,1,18.14,189.5,27781,-91,-1104,257,1137,1,46.3716812,-70.9430845,185.50,20.02,0.54,12,1,19:52:32,00
1610005,8543,24289,33.03,1,1,18.64,194.7,27800,-48,-937,178,955,1,46.3716812,-70.9430845,185.50,20.02,0.54,12,1,19:52:32,00
1610487,8543,24289,32.91,1,1,18.91,197.5,27819,-27,-1060,63,1062,1,46.3716818,-70.9430130,185.50,19.80,0.54,12,1,19:52:33,00
1610964,7926,24289,32.72,1,1,19.11,199.6,27838,20,-1162,-106,1167,1,46.3716818,-70.9430130,185.40,19.80,0.53,12,1,19:52:33,00
1611439,8241,24289,32.18,1,1,19.27,201.3,27857,-10,-873,85,877,1,46.3716920,-70.9429420,185.40,20.26,0.53,12,1,19:52:34,00
1611968,7634,24289,33.86,1,1,17.73,185.2,27877,-36,-882,163,897,1,46.3716920,-70.9429420,185.30,20.26,0.53,12,1,19:52:34,00
1612432,7508,24289,32.43,1,1,19.61,204.7,27896,-48,-892,104,899,1,46.3717115,-70.9428718,185.30,21.19,0.53,12,1,19:52:35,00
1612899,7214,24289,32.54,1,1,18.61,194.4,27914,-258,-862,191,920,1,46.3717115,-70.9428718,185.30,21.19,0.53,12,1,19:52:35,00
1613368,7494,24289,33.88,1,1,19.03,198.7,27933,-53,-964,126,973,1,46.3717115,-70.9428718,185.30,21.19,0.53,12,1,19:52:35,00
1613830,7512,24289,32.54,1,1,19.78,206.5,27952,65,-995,68,999,1,46.3717397,-70.9428043,185.30,22.08,0.53,12,1,19:52:36,00
1614297,7293,24289,34.01,1,1,19.82,207.0,27971,-87,-939,169,958,1,46.3717397,-70.9428043,185.30,22.08,0.53,12,1,19:52:36,00
1614762,6966,24289,33.92,1,1,19.78,206.5,27990,-22,-945,117,952,1,46.3717727,-70.9427380,185.30,22.85,0.53,12,1,19:52:37,00
1615236,7437,24289,33.64,1,1,20.12,210.1,28010,0,-982,95,987,1,46.3717727,-70.9427380,185.30,22.85,0.53,12,1,19:52:37,00
1615703,7135,24289,33.99,1,1,19.99,208.8,28030,-33,-945,150,957,1,46.3718082,-70.9426708,185.20,23.43,0.53,12,1,19:52:38,00
1616173,7485,24289,32.19,1,1,19.69,205.6,28049,-49,-1048,146,1060,1,46.3718082,-70.9426708,185.20,23.43,0.53,12,1,19:52:38,00
1616641,7563,24289,32.20,1,1,18.61,194.4,28067,-48,-907,75,912,1,46.3718445,-70.9426020,185.20,24.00,0.53,12,1,19:52:39,00
1617108,7435,24289,33.75,1,1,19.61,204.7,28086,43,-946,140,958,1,46.3718445,-70.9426020,185.20,24.00,0.53,12,1,19:52:39,00
1617587,7729,24289,32.76,1,1,19.87,207.5,28106,19,-1013,101,1018,1,46.3718818,-70.9425317,185.20,24.63,0.53,12,1,19:52:40,00
1618057,7641,24289,34.01,1,1,19.19,200.4,28125,-92,-968,149,983,1,46.3718818,-70.9425317,185.10,24.63,0.53,12,1,19:52:40,00
1618521,7479,24289,33.83,1,1,18.22,190.3,28143,2,-985,105,990,1,46.3719202,-70.9424598,185.10,25.19,0.53,12,1,19:52:41,00
1618998,7844,24289,33.87,1,1,19.15,200.0,28162,6,-955,119,962,1,46.3719202,-70.9424598,185.10,25.19,0.53,12,1,19:52:41,00
1619468,-115,24289,31.39,1,1,16.76,175.1,28178,6,-938,122,946,1,46.3719202,-70.9424598,185.10,25.19,0.53,12,1,19:52:41,00
1619942,-110,24289,31.36,1,1,16.85,176.0,28195,-31,-941,105,947,1,46.3719593,-70.9423868,184.90,25.52,0.53,12,1,19:52:42,00
1620411,-102,24289,31.40,1,1,15.48,161.6,28210,37,-968,62,971,1,46.3719593,-70.9423868,184.90,25.52,0.53,12,1,19:52:42,00
1620870,-93,24289,31.35,1,1,17.77,185.6,28227,13,-942,62,944,1,46.3719987,-70.9423132,184.90,25.80,0.53,12,1,19:52:43,00
1621338,-70,24289,31.43,1,1,17.03,177.8,28244,-21,-1009,115,1015,1,46.3719987,-70.9423132,184.90,25.80,0.53,12,1,19:52:43,00
1621806,-73,24289,31.40,1,1,17.50,182.8,28261,-6,-928,85,932,1,46.3720382,-70.9422388,184.90,25.85,0.53,12,1,19:52:44,00
1622281,-62,24289,31.43,1,1,18.34,191.5,28279,-33,-927,105,933,1,46.3720382,-70.9422388,184.90,25.85,0.53,12,1,19:52:44,00
1622754,-64,24289,31.41,1,1,17.21,179.7,28296,-7,-952,97,957,1,46.3720773,-70.9421640,184.90,25.87,0.53,12,1,19:52:45,00
1623224,-59,24289,31.40,1,1,17.95,187.5,28314,16,-957,83,960,1,46.3720773,-70.9421640,184.90,25.87,0.53,12,1,19:52:45,00
1623703,-45,24289,31.42,1,1,16.47,172.0,28330,-28,-965,83,968,1,46.3721162,-70.9420893,185.00,25.78,0.53,12,1,19:52:46,00
1624175,-45,24289,31.44,1,1,18.38,191.9,28348,-40,-920,61,922,1,46.3721162,-70.9420893,185.00,25.78,0.53,12,1,19:52:46,00
1624656,-47,24289,31.43,1,1,17.41,181.8,28366,-80,-974,69,979,1,46.3721545,-70.9420152,185.20,25.48,0.53,12,1,19:52:47,00
1625130,-41,24289,31.43,1,1,18.03,188.3,28384,-77,-892,73,898,1,46.3721545,-70.9420152,185.20,25.48,0.53,12,1,19:52:47,00
1625604,-43,24289,31.44,1,1,16.62,173.5,28400,18,-1053,68,1055,1,46.3721935,-70.9419428,185.20,25.13,0.53,12,1,19:52:48,00
1626075,-37,24289,31.49,1,1,16.85,176.0,28417,42,-996,58,999,1,46.3721935,-70.9419428,185.30,25.13,0.53,12,1,19:52:48,00
1626555,-30,24289,31.45,1,1,16.47,172.0,28433,-66,-932,103,941,1,46.3722362,-70.9418760,185.30,24.98,0.53,12,1,19:52:49,00
1627108,-40,24289,31.48,1,1,14.80,154.5,28450,65,-1020,18,1022,1,46.3722362,-70.9418760,185.30,24.98,0.53,12,1,19:52:49,00
1627575,-31,24289,31.45,1,1,16.40,171.3,28466,22,-969,57,971,1,46.3722827,-70.9418173,185.30,24.37,0.53,12,1,19:52:50,00
1628044,-40,24289,31.49,1,1,17.77,185.6,28484,-22,-1026,87,1030,1,46.3722827,-70.9418173,185.30,24.37,0.53,12,1,19:52:50,00
1628504,-39,24289,31.46,1,1,15.06,157.3,28498,13,-860,85,864,1,46.3723327,-70.9417687,185.30,23.76,0.53,12,1,19:52:51,00
1628975,-40,24289,31.42,1,1,15.70,163.9,28514,20,-1012,125,1019,1,46.3723327,-70.9417687,185.40,23.76,0.53,12,1,19:52:51,00
1629442,-45,24289,31.43,1,1,17.62,184.0,28531,-35,-1030,67,1032,1,46.3723327,-70.9417687,185.40,23.76,0.53,12,1,19:52:51,00
1629910,-43,24289,31.42,1,1,19.31,201.7,28550,63,-1025,43,1027,1,46.3723858,-70.9417323,185.30,23.26,0.53,12,1,19:52:52,00
1630377,-33,24289,31.50,1,1,17.28,180.5,28567,-14,-961,90,965,1,46.3723858,-70.9417323,185.30,23.26,0.53,12,1,19:52:52,00
1630850,-36,24289,31.51,1,1,18.26,190.7,28585,-55,-1103,116,1110,1,46.3724413,-70.9417105,185.40,22.82,0.53,12,1,19:52:53,00
1631319,-15,24289,31.44,1,1,15.65,163.4,28600,37,-941,80,945,1,46.3724413,-70.9417105,185.40,22.82,0.53,12,1,19:52:53,00
1631795,-36,24289,31.53,1,1,16.85,176.0,28617,-70,-989,154,1003,1,46.3724972,-70.9417042,185.40,22.82,0.53,12,1,19:52:54,00
1632264,-39,24289,31.47,1,1,15.48,161.6,28632,80,-972,91,980,1,46.3724972,-70.9417042,185.40,22.82,0.53,12,1,19:52:54,00
1632738,-43,24289,31.43,1,1,15.31,159.9,28647,36,-1013,92,1018,1,46.3725517,-70.9417130,185.30,21.87,0.53,12,1,19:52:55,00
1633206,-42,24289,31.50,1,1,19.19,200.4,28666,-48,-962,82,967,1,46.3725517,-70.9417130,185.30,21.87,0.53,12,1,19:52:55,00
1633680,-43,24289,31.46,1,1,17.10,178.6,28683,-68,-1130,97,1136,1,46.3726035,-70.9417360,185.30,21.67,0.53,12,1,19:52:56,00
1634155,-50,24289,31.47,1,1,18.99,198.3,28702,5,-923,67,926,1,46.3726035,-70.9417360,185.30,21.67,0.53,12,1,19:52:56,00
1634630,-12,24289,31.47,1,1,17.24,180.1,28719,-72,-982,65,987,1,46.3726515,-70.9417713,185.20,21.58,0.56,12,1,19:52:57,00
1635099,-39,24289,31.52,1,1,18.30,191.1,28737,-25,-879,87,884,1,46.3726515,-70.9417713,185.20,21.58,0.56,12,1,19:52:57,00
1635576,-37,24289,31.49,1,1,17.73,185.2,28754,-127,-1398,159,1413,1,46.3726950,-70.9418173,185.20,21.56,0.56,12,1,19:52:58,00
1636048,61,24289,31.51,1,1,17.03,177.8,28771,-22,-760,91,766,1,46.3726950,-70.9418173,185.10,21.56,0.56,12,1,19:52:58,00
1636518,267,24289,31.58,1,1,19.03,198.7,28790,53,-967,54,970,1,46.3727335,-70.9418715,185.10,21.48,0.56,12,1,19:52:59,00
1636992,2218,24289,31.64,1,1,17.24,180.1,28807,-46,-1020,84,1024,1,46.3727335,-70.9418715,185.00,21.48,0.56,12,1,19:52:59,00
1637468,6528,24289,32.57,1,1,18.38,191.9,28825,-66,-951,102,959,1,46.3727335,-70.9418715,185.00,21.48,0.56,12,1,19:52:59,00
1637941,11826,24289,33.53,1,1,21.03,219.7,28846,-24,-978,21,979,1,46.3727658,-70.9419330,185.00,21.34,0.56,12,1,19:53:00,00
1638419,11223,24289,33.69,1,1,19.62,204.9,28866,-7,-1000,116,1007,1,46.3727658,-70.9419330,185.00,21.34,0.56,12,1,19:53:00,00
1638906,10950,24289,33.52,1,1,15.06,157.2,28881,-63,-888,68,893,1,46.3727658,-70.9419330,185.00,21.34,0.56,12,1,19:53:00,00
1639384,11041,24289,34.17,1,1,16.92,176.7,28898,-29,-1018,-11,1019,1,46.3727658,-70.9419330,185.00,21.34,0.56,12,1,19:53:00,00
1639860,9992,24289,33.12,1,1,16.37,170.9,28914,-111,-1104,87,1113,1,46.3727658,-70.9419330,185.00,21.34,0.56,12,1,19:53:00,00
1640333,9741,24289,33.40,1,1,17.84,186.3,28932,-2,-1000,112,1006,1,46.3727658,-70.9419330,185.00,21.34,0.56,12,1,19:53:00,00
1640801,9375,24289,34.28,1,1,16.23,169.5,28948,13,-1002,185,1019,1,46.3728215,-70.9421410,185.10,20.26,0.53,12,1,19:53:03,00
1641282,9519,24289,33.53,1,1,16.99,177.5,28965,41,-1053,137,1062,1,46.3728215,-70.9421410,185.10,20.26,0.53,12,1,19:53:03,00
1641754,9236,24289,34.24,1,1,17.39,181.6,28982,-12,-965,195,985,1,46.3728238,-70.9422132,185.10,19.95,0.53,12,1,19:53:04,00
1642299,9203,24289,32.89,1,1,16.48,172.1,29001,22,-1030,80,1034,1,46.3728238,-70.9422132,185.10,19.95,0.53,12,1,19:53:04,00
1642767,8947,24289,32.72,1,1,14.90,155.6,29015,-21,-1035,88,1039,1,46.3728170,-70.9422840,185.10,19.95,0.53,12,1,19:53:05,00
1643233,8660,24289,33.14,1,1,17.24,180.1,29032,27,-902,87,907,1,46.3728170,-70.9422840,185.10,19.95,0.53,12,1,19:53:05,00
1643707,8419,24289,33.72,1,1,15.93,166.3,29048,-45,-972,145,984,1,46.3728012,-70.9423522,184.90,20.11,0.53,12,1,19:53:06,00
1644174,8370,24289,33.22,1,1,14.48,151.2,29062,19,-988,164,1002,1,46.3728012,-70.9423522,184.90,20.11,0.53,12,1,19:53:06,00
1644637,8292,24289,33.44,1,1,16.40,171.3,29078,2,-966,100,971,1,46.3727787,-70.9424177,184.70,20.37,0.54,12,1,19:53:07,00
1645100,8196,24289,34.13,1,1,17.69,184.8,29095,-34,-969,139,979,1,46.3727787,-70.9424177,184.70,20.37,0.54,12,1,19:53:07,00
1645569,8041,24289,32.85,1,1,18.38,191.9,29113,-27,-1001,117,1008,1,46.3727505,-70.9424812,184.70,21.26,0.54,12,1,19:53:08,00
1646039,7297,24289,33.32,1,1,18.41,192.3,29131,-105,-1039,127,1052,1,46.3727505,-70.9424812,184.60,21.26,0.54,12,1,19:53:08,00
1646509,8063,24289,33.97,1,1,18.26,190.7,29149,-61,-1044,103,1051,1,46.3727505,-70.9424812,184.60,21.26,0.54,12,1,19:53:08,00
1646983,8236,24289,33.83,1,1,18.34,191.5,29167,-87,-981,167,999,1,46.3727182,-70.9425447,184.50,22.09,0.56,12,1,19:53:09,00
1647458,8236,24289,33.33,1,1,19.78,206.6,29187,-28,-1018,103,1023,1,46.3727182,-70.9425447,184.50,22.09,0.56,12,1,19:53:09,00
1647927,8156,24289,32.89,1,1,18.78,196.1,29205,-87,-1058,121,1068,1,46.3726845,-70.9426098,184.40,22.69,0.56,12,1,19:53:10,00
1648407,8184,24289,32.75,1,1,18.56,193.9,29224,45,-993,117,1001,1,46.3726845,-70.9426098,184.40,22.69,0.56,12,1,19:53:10,00
1648888,8357,24289,33.47,1,1,15.41,160.9,29239,8,-985,108,991,1,46.3726845,-70.9426098,184.40,22.69,0.56,12,1,19:53:10,00
1649364,8135,24289,33.04,1,1,18.53,193.5,29258,-45,-879,60,882,1,46.3726845,-70.9426098,184.40,22.69,0.56,12,1,19:53:10,00
1649845,8395,24289,33.26,1,1,17.92,187.1,29276,78,-1003,183,1022,1,46.3726145,-70.9427447,184.20,23.84,0.58,12,1,19:53:12,00
1650307,7611,24289,34.39,1,1,19.65,205.2,29295,33,-990,97,996,1,46.3726145,-70.9427447,184.20,23.84,0.58,12,1,19:53:12,00
1650776,-91,24289,31.71,1,1,18.69,195.2,29313,-41,-1000,119,1008,1,46.3725770,-70.9428135,184.10,24.54,0.60,12,1,19:53:13,00
1651260,-76,24289,31.78,1,1,18.38,191.9,29332,-58,-908,120,918,1,46.3725770,-70.9428135,184.10,24.54,0.60,12,1,19:53:13,00
1651739,-88,24289,31.75,1,1,19.11,199.6,29351,15,-1027,138,1036,1,46.3725387,-70.9428835,184.00,24.54,0.60,12,1,19:53:14,00
1652210,-86,24289,31.74,1,1,19.65,205.2,29370,89,-990,45,995,1,46.3725387,-70.9428835,184.00,24.54,0.60,12,1,19:53:14,00
1652679,-83,24289,31.69,1,1,17.54,183.2,29387,39,-946,73,950,1,46.3724993,-70.9429543,184.00,25.34,0.60,12,1,19:53:15,00
1653164,-79,24289,31.75,1,1,17.62,184.0,29405,38,-1004,-24,1005,1,46.3724993,-70.9429543,184.00,25.34,0.60,12,1,19:53:15,00
1653637,-68,24289,31.73,1,1,17.17,179.3,29422,68,-1035,61,1039,1,46.3724597,-70.9430250,184.00,25.37,0.60,12,1,19:53:16,00
1654103,-79,24289,31.70,1,1,16.09,168.1,29438,77,-1089,24,1092,1,46.3724597,-70.9430250,184.00,25.37,0.60,12,1,19:53:16,00
1654579,-81,24289,31.68,1,1,18.69,195.2,29456,92,-1073,25,1077,1,46.3724198,-70.9430962,184.00,25.24,0.60,12,1,19:53:17,00
1655057,-67,24289,31.76,1,1,16.75,174.9,29473,-19,-964,81,967,1,46.3724198,-70.9430962,184.00,25.24,0.60,12,1,19:53:17,00
1655546,-66,24289,31.70,1,1,17.70,184.8,29491,-59,-938,89,944,1,46.3723802,-70.9431670,184.00,25.17,0.60,12,1,19:53:18,00
1656010,-75,24289,31.66,1,1,19.35,202.1,29510,53,-944,5,945,1,46.3723802,-70.9431670,184.30,25.17,0.60,12,1,19:53:18,00
1656478,-71,24289,31.70,1,1,17.32,180.9,29527,181,-1195,305,1247,1,46.3723802,-70.9431670,184.30,25.17,0.60,12,1,19:53:18,00
1656946,-69,24289,31.71,1,1,18.01,188.1,29544,34,-1028,222,1052,1,46.3723410,-70.9432378,184.40,25.00,0.60,12,1,19:53:19,00
1657502,-67,24289,31.72,1,1,16.39,171.2,29563,42,-1036,2,1037,1,46.3723410,-70.9432378,184.40,25.00,0.60,12,1,19:53:19,00
1657972,-70,24289,31.72,1,1,17.14,178.9,29580,20,-1007,137,1017,1,46.3723008,-70.9433065,184.50,24.80,0.60,12,1,19:53:20,00
1658440,-67,24289,31.72,1,1,17.10,178.6,29597,56,-1095,49,1097,1,46.3722585,-70.9433708,184.50,24.43,0.60,12,1,19:53:21,00
1658912,-68,24289,31.69,1,1,16.06,167.7,29613,89,-1014,26,1018,1,46.3722585,-70.9433708,184.60,24.43,0.60,12,1,19:53:21,00
1659385,-75,24289,31.74,1,1,16.73,174.7,29629,17,-986,95,991,1,46.3722585,-70.9433708,184.60,24.43,0.60,12,1,19:53:21,00
1659849,-73,24289,31.78,1,1,16.65,173.9,29645,33,-941,63,944,1,46.3722132,-70.9434280,184.70,23.80,0.60,12,1,19:53:22,00
1660317,-66,24289,31.74,1,1,16.68,174.2,29662,-94,-1044,52,1050,1,46.3722132,-70.9434280,184.70,23.80,0.60,12,1,19:53:22,00
1660769,-71,24289,31.80,1,1,19.19,200.4,29680,43,-983,118,991,1,46.3721642,-70.9434745,184.80,23.32,0.60,12,1,19:53:23,00
1661234,-80,24289,31.73,1,1,15.92,166.3,29695,-15,-1042,38,1043,1,46.3721642,-70.9434745,184.80,23.32,0.60,12,1,19:53:23,00
1661710,-72,24289,31.74,1,1,16.85,176.0,29712,24,-969,32,969,1,46.3721115,-70.9435073,184.80,23.32,0.60,12,1,19:53:24,00
1662189,-79,24289,31.76,1,1,16.99,177.5,29729,13,-1107,43,1108,1,46.3721115,-70.9435073,184.80,23.32,0.60,12,1,19:53:24,00
1662667,-63,24289,31.76,1,1,15.31,159.9,29744,-19,-881,237,912,1,46.3720567,-70.9435260,185.00,22.58,0.61,12,1,19:53:25,00
1663137,-68,24289,31.73,1,1,17.50,182.8,29761,50,-960,135,971,1,46.3720567,-70.9435260,185.00,22.58,0.61,12,1,19:53:25,00
1663609,-61,24289,31.76,1,1,15.67,163.6,29777,-9,-1059,34,1059,1,46.3720010,-70.9435298,185.00,22.35,0.61,12,1,19:53:26,00
1664086,-69,24289,31.74,1,1,15.31,159.9,29792,5,-985,95,989,1,46.3720010,-70.9435298,185.00,22.35,0.61,12,1,19:53:26,00
1664548,-62,24289,31.77,1,1,16.20,169.1,29808,-55,-987,97,993,1,46.3719463,-70.9435188,185.00,22.15,0.61,12,1,19:53:27,00
1665027,-39,24289,31.78,1,1,15.06,157.2,29823,107,-994,82,1003,1,46.3719463,-70.9435188,185.00,22.15,0.61,12,1,19:53:27,00
1665485,141,24289,31.94,1,1,16.73,174.7,29839,-152,-1027,83,1042,1,46.3718923,-70.9434942,185.50,22.96,0.61,12,1,19:53:28,00
1665950,1147,24289,31.78,1,1,17.35,181.2,29856,-69,-963,28,966,1,46.3718923,-70.9434942,185.50,22.96,0.61,12,1,19:53:28,00
1666418,3777,24289,33.82,1,1,15.00,156.6,29870,32,-1016,137,1026,1,46.3718428,-70.9434580,185.70,22.13,0.60,12,1,19:53:29,00
1666886,10365,24289,33.93,1,1,20.24,211.4,29890,14,-862,27,862,1,46.3718428,-70.9434580,185.70,22.13,0.60,12,1,19:53:29,00
1667367,12706,24289,34.00,1,1,16.82,175.6,29907,-101,-1076,78,1084,1,46.3717990,-70.9434123,185.70,21.58,0.60,12,1,19:53:30,00
1667828,12178,24289,34.07,1,1,18.14,189.5,29925,25,-962,153,975,1,46.3717990,-70.9434123,185.80,21.58,0.60,12,1,19:53:30,00
1668299,11904,24289,34.05,1,1,17.43,182.0,29942,-105,-1008,173,1028,1,46.3717608,-70.9433588,185.80,21.13,0.60,12,1,19:53:31,00
1668761,11623,24289,34.40,1,1,17.10,178.6,29958,-19,-1046,90,1050,1,46.3717608,-70.9433588,186.00,21.13,0.56,12,1,19:53:31,00
1669227,11252,24289,33.80,1,1,17.28,180.5,29975,-163,-781,114,806,1,46.3717608,-70.9433588,186.00,21.13,0.56,12,1,19:53:31,00
1669706,11021,24289,33.91,1,1,16.75,174.9,29992,-8,-1021,136,1030,1,46.3717308,-70.9432973,186.10,20.72,0.54,12,1,19:53:32,00
1670175,10601,24289,34.27,1,1,16.76,175.1,30008,78,-1001,63,1006,1,46.3717308,-70.9432973,186.10,20.72,0.54,12,1,19:53:32,00
1670645,10083,24289,33.64,1,1,17.77,185.6,30026,-14,-967,103,973,1,46.3717085,-70.9432305,186.10,20.56,0.54,12,1,19:53:33,00
1671109,10554,24289,33.56,1,1,20.22,211.1,30045,14,-1064,8,1064,1,46.3717085,-70.9432305,186.10,20.56,0.54,12,1,19:53:33,00
1671578,10293,24289,33.78,1,1,19.95,208.3,30065,12,-1062,86,1065,1,46.3716923,-70.9431613,185.90,20.35,0.53,12,1,19:53:34,00
1672049,9423,24289,33.76,1,1,19.15,200.0,30084,24,-1009,122,1017,1,46.3716923,-70.9431613,185.90,20.35,0.53,12,1,19:53:34,00
1672586,10099,24289,33.10,1,1,17.43,182.0,30103,55,-1079,221,1103,1,46.3716828,-70.9430903,185.90,19.91,0.53,12,1,19:53:35,00
1673033,9398,24289,33.36,1,1,18.09,188.9,30120,8,-938,51,940,1,46.3716828,-70.9430903,185.90,19.91,0.53,12,1,19:53:35,00
1673485,8902,24289,34.38,1,1,19.86,207.4,30139,-25,-978,121,985,1,46.3716813,-70.9430198,185.90,19.33,0.53,12,1,19:53:36,00
1673938,8639,24289,34.38,1,1,19.02,198.7,30157,34,-990,92,995,1,46.3716813,-70.9430198,185.90,19.33,0.53,12,1,19:53:36,00
1674415,9101,24289,32.84,1,1,18.72,195.5,30176,30,-1001,122,1009,1,46.3716892,-70.9429503,185.90,19.56,0.53,12,1,19:53:37,00
1674883,7801,24289,34.51,1,1,18.73,195.7,30194,-84,-907,141,922,1,46.3716892,-70.9429503,185.90,19.56,0.53,12,1,19:53:37,00
1675337,7758,24289,33.94,1,1,17.62,184.0,30211,-11,-870,48,871,1,46.3716892,-70.9429503,185.90,19.56,0.53,12,1,19:53:37,00
1675798,8078,24289,34.57,1,1,18.94,197.8,30229,95,-979,86,987,1,46.3717067,-70.9428818,185.70,20.39,0.53,12,1,19:53:38,00
1676250,7846,24289,33.09,1,1,20.08,209.7,30248,-5,-1241,42,1242,1,46.3717067,-70.9428818,185.70,20.39,0.53,12,1,19:53:38,00
1676727,7961,24289,33.23,1,1,19.91,207.9,30268,-28,-975,36,976,1,46.3717320,-70.9428150,185.60,21.34,0.53,12,1,19:53:39,00
1677182,7608,24289,32.91,1,1,18.94,197.8,30286,28,-929,41,931,1,46.3717320,-70.9428150,185.60,21.34,0.53,12,1,19:53:39,00
1677654,7994,24289,32.76,1,1,19.69,205.6,30305,-33,-1031,145,1042,1,46.3717625,-70.9427488,185.50,22.09,0.53,12,1,19:53:40,00
1678119,7832,24289,34.53,1,1,16.26,169.9,30321,-30,-957,109,963,1,46.3717625,-70.9427488,185.50,22.09,0.53,12,1,19:53:40,00
1678589,7427,24289,34.47,1,1,18.53,193.5,30339,-37,-1007,214,1030,1,46.3717958,-70.9426827,185.50,22.76,0.53,12,1,19:53:41,00
1679054,7718,24289,33.26,1,1,19.52,203.9,30358,25,-1005,177,1020,1,46.3717958,-70.9426827,185.50,22.76,0.53,12,1,19:53:41,00
1679517,7517,24289,33.04,1,1,16.47,172.0,30374,-63,-1021,153,1035,1,46.3718303,-70.9426153,185.50,23.28,0.53,12,1,19:53:42,00
1679980,7782,24289,33.32,1,1,19.52,203.9,30393,15,-935,140,946,1,46.3718303,-70.9426153,185.40,23.28,0.53,12,1,19:53:42,00
1680447,7591,24289,34.11,1,1,18.57,194.0,30411,25,-1047,180,1063,1,46.3718303,-70.9426153,185.40,23.28,0.53,12,1,19:53:42,00
1680913,8277,24289,33.15,1,1,18.86,196.9,30429,-23,-953,131,962,1,46.3718657,-70.9425463,185.40,23.89,0.53,12,1,19:53:43,00
1681381,8222,24289,33.53,1,1,17.21,179.7,30446,-73,-935,175,954,1,46.3718657,-70.9425463,185.40,23.89,0.53,12,1,19:53:43,00
1681846,-111,24289,32.03,1,1,19.15,200.0,30465,85,-1005,97,1014,1,46.3719018,-70.9424757,185.30,24.48,0.53,12,1,19:53:44,00
1682318,-94,24289,32.03,1,1,17.58,183.6,30482,55,-1068,49,1071,1,46.3719018,-70.9424757,185.30,24.48,0.53,12,1,19:53:44,00
1682784,-101,24289,32.00,1,1,18.09,188.9,30499,-4,-1040,75,1043,1,46.3719395,-70.9424045,185.20,24.95,0.53,12,1,19:53:45,00
1683254,-90,24289,32.04,1,1,17.48,182.6,30517,-18,-947,110,954,1,46.3719395,-70.9424045,185.20,24.95,0.53,12,1,19:53:45,00
1683725,-94,24289,31.98,1,1,16.58,173.2,30533,-39,-1005,151,1017,1,46.3719785,-70.9423327,185.10,25.30,0.53,12,1,19:53:46,00
1684198,-74,24289,32.00,1,1,17.43,182.0,30550,3,-1037,58,1038,1,46.3719785,-70.9423327,185.10,25.30,0.53,12,1,19:53:46,00
1684663,-72,24289,32.05,1,1,18.18,189.9,30568,-9,-943,84,946,1,46.3720178,-70.9422607,185.10,25.47,0.53,12,1,19:53:47,00
1685137,-66,24289,32.02,1,1,16.96,177.1,30585,-64,-972,70,976,1,46.3720178,-70.9422607,185.10,25.47,0.53,12,1,19:53:47,00
1685605,-59,24289,32.02,1,1,17.54,183.2,30602,-56,-933,59,937,1,46.3720575,-70.9421883,185.10,25.56,0.53,12,1,19:53:48,00
1686084,-55,24289,32.04,1,1,17.24,180.1,30619,54,-983,82,987,1,46.3720575,-70.9421883,185.10,25.56,0.53,12,1,19:53:48,00
1686549,-48,24289,32.03,1,1,17.21,179.7,30636,66,-962,66,967,1,46.3720968,-70.9421153,185.10,25.50,0.53,12,1,19:53:49,00
1687015,-46,24289,32.05,1,1,16.80,175.4,30652,-35,-1032,31,1033,1,46.3720968,-70.9421153,185.10,25.50,0.53,12,1,19:53:49,00
1687561,-43,24289,32.06,1,1,14.99,156.5,30669,18,-1027,60,1029,1,46.3721353,-70.9420418,185.10,25.39,0.53,12,1,19:53:50,00
1688016,-50,24289,32.02,1,1,16.58,173.2,30685,-51,-967,105,974,1,46.3721353,-70.9420418,185.10,25.39,0.53,12,1,19:53:50,00
1688478,-38,24289,32.03,1,1,19.61,204.7,30704,-22,-1048,83,1052,1,46.3721353,-70.9420418,185.10,25.39,0.53,12,1,19:53:50,00
1688934,-57,24289,32.03,1,1,16.47,172.0,30720,-78,-938,87,946,1,46.3721745,-70.9419700,185.20,25.15,0.53,12,1,19:53:51,00
1689389,-36,24289,32.03,1,1,16.10,168.2,30735,-24,-1054,106,1060,1,46.3721745,-70.9419700,185.20,25.15,0.53,12,1,19:53:51,00
1689841,-52,24289,32.03,1,1,16.10,168.2,30750,37,-941,120,949,1,46.3722157,-70.9419022,185.20,24.69,0.53,12,1,19:53:52,00
1690307,-26,24289,32.05,1,1,16.40,171.3,30766,42,-939,66,942,1,46.3722157,-70.9419022,185.20,24.69,0.53,12,1,19:53:52,00
1690780,-41,24289,32.07,1,1,16.37,170.9,30782,-57,-943,56,946,1,46.3722587,-70.9418405,185.30,23.96,0.53,12,1,19:53:53,00
1691243,-41,24289,32.07,1,1,16.30,170.2,30798,56,-963,111,971,1,46.3722587,-70.9418405,185.30,23.96,0.53,12,1,19:53:53,00
1691717,-43,24289,32.05,1,1,15.25,159.2,30813,-28,-987,115,994,1,46.3723047,-70.9417870,185.30,23.35,0.53,12,1,19:53:54,00
1692184,-43,24289,32.02,1,1,16.30,170.2,30829,-76,-930,124,941,1,46.3723047,-70.9417870,185.30,23.35,0.53,12,1,19:53:54,00
1692638,-22,24289,32.12,1,1,15.96,166.7,30844,24,-924,147,936,1,46.3723542,-70.9417448,185.30,22.76,0.53,12,1,19:53:55,00
1693119,-33,24289,32.07,1,1,16.58,173.1,30861,-30,-1007,35,1008,1,46.3723542,-70.9417448,185.30,22.76,0.53,12,1,19:53:55,00
1693588,-18,24289,32.14,1,1,16.26,169.9,30877,97,-1074,94,1083,1,46.3724065,-70.9417168,185.30,22.24,0.53,12,1,19:53:56,00
1694052,-30,24289,32.10,1,1,16.87,176.2,30893,-121,-1036,81,1046,1,46.3724065,-70.9417168,185.40,22.24,0.55,12,1,19:53:56,00
1694511,-36,24289,32.07,1,1,15.71,164.1,30908,27,-1042,99,1047,1,46.3724065,-70.9417168,185.40,22.24,0.55,12,1,19:53:56,00
1694979,-30,24289,32.14,1,1,15.96,166.7,30924,-7,-978,88,982,1,46.3724605,-70.9417042,185.40,21.85,0.53,12,1,19:53:57,00
1695454,-24,24289,32.10,1,1,15.51,162.0,30939,11,-1013,66,1016,1,46.3724605,-70.9417042,185.40,21.85,0.53,12,1,19:53:57,00
1695919,-23,24289,32.06,1,1,15.44,161.3,30954,-8,-971,46,973,1,46.3725148,-70.9417065,185.30,21.69,0.53,12,1,19:53:58,00
1696389,-21,24289,32.07,1,1,15.31,159.9,30969,-68,-933,47,937,1,46.3725148,-70.9417065,185.30,21.69,0.53,12,1,19:53:58,00
1696854,-27,24289,32.04,1,1,15.35,160.3,30984,107,-999,67,1007,1,46.3725675,-70.9417228,185.20,21.56,0.53,12,1,19:53:59,00
1697319,-26,24289,32.21,1,1,16.26,169.9,31000,6,-1173,54,1174,1,46.3725675,-70.9417228,185.20,21.56,0.53,12,1,19:53:59,00
1697793,-34,24289,32.12,1,1,17.24,180.1,31017,72,-984,127,995,1,46.3726178,-70.9417505,185.10,21.46,0.53,12,1,19:54:00,00
1698260,-23,24289,32.11,1,1,15.12,157.9,31032,-16,-1069,79,1072,1,46.3726178,-70.9417505,185.10,21.46,0.53,12,1,19:54:00,00
1698728,-33,24289,32.11,1,1,14.76,154.2,31046,-59,-962,61,966,1,46.3726643,-70.9417883,185.10,21.39,0.56,12,1,19:54:01,00
1699202,-54,24289,32.04,1,1,15.35,160.3,31061,57,-1030,-76,1035,1,46.3726643,-70.9417883,185.10,21.39,0.56,12,1,19:54:01,00
1699678,-55,24289,32.05,1,1,14.96,156.3,31076,-84,-1210,208,1231,1,46.3727060,-70.9418362,185.00,21.35,0.56,12,1,19:54:02,00
1700158,-56,24289,32.09,1,1,15.41,161.0,31092,-31,-1018,46,1019,1,46.3727060,-70.9418362,185.00,21.35,0.56,12,1,19:54:02,00
1700624,-42,24289,32.00,1,1,16.40,171.3,31108,153,-1005,54,1018,1,46.3727422,-70.9418923,185.00,21.32,0.56,12,1,19:54:03,00
1701100,161,24289,32.34,1,1,16.13,168.4,31124,-22,-1043,118,1049,1,46.3727422,-70.9418923,185.00,21.32,0.56,12,1,19:54:03,00
1701568,1162,24289,32.28,1,1,16.40,171.3,31140,51,-949,62,953,1,46.3727722,-70.9419550,185.00,21.08,0.56,12,1,19:54:04,00
1702051,3933,24289,32.77,1,1,15.38,160.6,31155,-63,-938,54,942,1,46.3727722,-70.9419550,185.00,21.08,0.56,12,1,19:54:04,00
1702590,11722,24289,34.20,1,1,14.77,154.3,31172,2,-1007,168,1021,1,46.3727952,-70.9420225,185.00,20.82,0.56,12,1,19:54:05,00
1703052,11488,24289,34.10,1,1,16.80,175.4,31188,-38,-1000,147,1011,1,46.3727952,-70.9420225,185.00,20.82,0.56,12,1,19:54:05,00
1703511,11649,24289,34.28,1,1,16.37,170.9,31204,-10,-882,-19,883,1,46.3727952,-70.9420225,185.00,20.82,0.56,12,1,19:54:05,00
1703985,11589,24289,34.05,1,1,18.41,192.3,31222,-104,-948,145,965,1,46.3728097,-70.9420935,185.00,20.43,0.56,12,1,19:54:06,00
1704445,10362,24289,34.75,1,1,18.82,196.5,31240,15,-962,122,970,1,46.3728097,-70.9420935,185.00,20.43,0.56,12,1,19:54:06,00
1704922,10159,24289,34.92,1,1,16.20,169.1,31256,55,-953,-11,955,1,46.3728097,-70.9420935,185.00,20.43,0.56,12,1,19:54:06,00
1705389,9213,24289,34.88,1,1,17.47,182.4,31273,51,-1026,85,1031,1,46.3728097,-70.9420935,185.00,20.43,0.56,12,1,19:54:06,00
1705865,10562,24289,34.62,1,1,17.14,178.9,31290,-39,-955,135,966,1,46.3728143,-70.9422393,184.90,20.19,0.53,12,1,19:54:08,00
1706334,9454,24289,34.81,1,1,17.73,185.2,31308,-65,-1138,186,1155,1,46.3728143,-70.9422393,184.90,20.19,0.53,12,1,19:54:08,00
1706807,9175,24289,33.82,1,1,18.53,193.5,31326,16,-995,53,996,1,46.3728038,-70.9423103,184.70,20.19,0.53,12,1,19:54:09,00
1707288,8870,24289,33.92,1,1,18.72,195.5,31345,38,-1025,167,1039,1,46.3728038,-70.9423103,184.70,20.19,0.53,12,1,19:54:09,00
1707767,8599,24289,34.93,1,1,18.11,189.1,31363,-33,-947,154,961,1,46.3727867,-70.9423785,184.60,20.22,0.53,12,1,19:54:10,00
1708242,8585,24289,33.96,1,1,17.32,180.9,31380,-26,-942,158,955,1,46.3727867,-70.9423785,184.60,20.22,0.53,12,1,19:54:10,00
1708715,8733,24289,33.51,1,1,17.84,186.3,31398,23,-989,23,990,1,46.3727628,-70.9424432,184.40,20.43,0.56,12,1,19:54:11,00
1709183,8291,24289,34.45,1,1,17.39,181.6,31415,-17,-1034,70,1037,1,46.3727628,-70.9424432,184.40,20.43,0.56,12,1,19:54:11,00
1709660,8904,24289,33.45,1,1,18.57,194.0,31433,26,-1033,44,1034,1,46.3727343,-70.9425047,184.30,20.61,0.53,12,1,19:54:12,00
1710139,8534,24289,33.93,1,1,18.83,196.7,31452,-74,-901,156,917,1,46.3727343,-70.9425047,184.30,20.61,0.53,12,1,19:54:12,00
1710625,8874,24289,33.51,1,1,18.07,188.7,31470,-55,-983,182,1002,1,46.3727028,-70.9425653,184.30,21.30,0.53,12,1,19:54:13,00
1711107,8336,24289,34.83,1,1,16.54,172.8,31487,-2,-1041,147,1051,1,46.3727028,-70.9425653,184.20,21.30,0.54,12,1,19:54:13,00
1711582,8609,24289,34.01,1,1,17.43,182.0,31504,-2,-935,46,936,1,46.3726700,-70.9426270,184.20,21.93,0.54,12,1,19:54:14,00
1712060,8630,24289,34.23,1,1,19.66,205.3,31524,-52,-930,112,938,1,46.3726700,-70.9426270,184.10,21.93,0.60,12,1,19:54:14,00
1712543,8594,24289,34.82,1,1,18.61,194.4,31542,-20,-1023,28,1023,1,46.3726363,-70.9426910,184.10,22.59,0.60,12,1,19:54:15,00
1713021,8629,24289,34.30,1,1,18.34,191.5,31561,1,-997,79,1000,1,46.3726363,-70.9426910,184.10,22.59,0.60,12,1,19:54:15,00
1713506,8945,24289,33.77,1,1,17.66,184.4,31579,0,-951,112,958,1,46.3726007,-70.9427572,184.10,23.30,0.60,12,1,19:54:16,00
1713987,8699,24289,33.86,1,1,18.64,194.7,31598,12,-950,127,958,1,46.3726007,-70.9427572,184.10,23.30,0.60,12,1,19:54:16,00
1714472,8898,24289,34.75,1,1,18.34,191.5,31616,12,-1039,89,1043,1,46.3726007,-70.9427572,184.10,23.30,0.60,12,1,19:54:16,00
1714945,8578,24289,33.75,1,1,18.72,195.5,31635,42,-1112,102,1117,1,46.3725642,-70.9428250,184.20,23.89,0.60,12,1,19:54:17,00
1715413,-106,24289,32.39,1,1,20.04,209.3,31654,31,-963,103,969,1,46.3725642,-70.9428250,184.20,23.89,0.60,12,1,19:54:17,00
1715900,-110,24289,32.42,1,1,18.41,192.3,31673,-21,-1007,119,1014,1,46.3725642,-70.9428250,184.20,23.89,0.60,12,1,19:54:17,00
1716387,-90,24289,32.38,1,1,16.89,176.3,31690,32,-953,0,953,1,46.3725642,-70.9428250,184.20,23.89,0.60,12,1,19:54:17,00
1716880,-93,24289,32.38,1,1,17.00,177.5,31708,42,-947,71,951,1,46.3725642,-70.9428250,184.20,23.89,0.60,12,1,19:54:17,00
1717357,-92,24289,32.41,1,1,20.20,211.0,31728,32,-942,101,948,1,46.3725642,-70.9428250,184.20,23.89,0.60,12,1,19:54:17,00
1717909,-77,24289,32.44,1,1,16.02,167.3,31746,-12,-936,112,943,1,46.3724513,-70.9430337,184.40,24.52,0.60,12,1,19:54:20,00
1718371,-75,24289,32.39,1,1,20.20,211.0,31766,-86,-1017,126,1028,1,46.3724513,-70.9430337,184.40,24.52,0.60,12,1,19:54:20,00
1718831,-72,24289,32.41,1,1,18.01,188.1,31783,-44,-928,48,930,1,46.3724142,-70.9431038,184.50,24.41,0.60,12,1,19:54:21,00
1719306,-68,24289,32.41,1,1,16.68,174.2,31800,6,-950,19,950,1,46.3724142,-70.9431038,184.50,24.41,0.60,12,1,19:54:21,00
1719780,-69,24289,32.37,1,1,18.30,191.1,31818,54,-1002,36,1004,1,46.3723768,-70.9431737,184.50,24.41,0.60,12,1,19:54:22,00
1720261,-68,24289,32.44,1,1,15.15,158.2,31833,14,-1017,164,1030,1,46.3723768,-70.9431737,184.50,24.41,0.60,12,1,19:54:22,00
1720741,-65,24289,32.41,1,1,17.99,187.9,31851,49,-940,73,944,1,46.3723382,-70.9432415,184.60,24.30,0.60,12,1,19:54:23,00
1721214,-73,24289,32.40,1,1,17.81,186.0,31869,33,-767,19,768,1,46.3723382,-70.9432415,184.60,24.30,0.60,12,1,19:54:23,00
1721700,-65,24289,32.41,1,1,17.92,187.1,31887,-70,-951,42,955,1,46.3722978,-70.9433072,184.70,24.28,0.60,12,1,19:54:24,00
1722177,-77,24289,32.35,1,1,16.09,168.1,31903,102,-1021,43,1027,1,46.3722978,-70.9433072,184.70,24.28,0.60,12,1,19:54:24,00
1722641,-60,24289,32.40,1,1,16.99,177.4,31919,-48,-942,94,948,1,46.3722555,-70.9433697,184.70,24.28,0.60,12,1,19:54:25,00
1723105,-65,24289,32.40,1,1,20.55,214.6,31939,21,-1032,75,1035,1,46.3722555,-70.9433697,184.70,24.28,0.60,12,1,19:54:25,00
1723573,-54,24289,32.38,1,1,17.17,179.3,31956,-5,-955,77,958,1,46.3722105,-70.9434265,184.70,23.78,0.60,12,1,19:54:26,00
1724051,-59,24289,32.38,1,1,17.24,180.1,31973,45,-868,81,873,1,46.3722105,-70.9434265,184.70,23.78,0.60,12,1,19:54:26,00
1724528,-48,24289,32.43,1,1,16.44,171.7,31990,-75,-1101,94,1108,1,46.3721618,-70.9434723,184.70,23.13,0.60,12,1,19:54:27,00
1724993,-55,24289,32.41,1,1,15.85,165.6,32005,39,-975,161,989,1,46.3721618,-70.9434723,184.80,23.13,0.61,12,1,19:54:27,00
1725469,-63,24289,32.37,1,1,18.03,188.3,32023,1,-1043,84,1046,1,46.3721097,-70.9435053,184.80,22.74,0.61,12,1,19:54:28,00
1725932,-55,24289,32.39,1,1,16.65,173.9,32039,-122,-964,101,977,1,46.3721097,-70.9435053,184.90,22.74,0.61,12,1,19:54:28,00
1726403,-44,24289,32.40,1,1,17.14,178.9,32056,-28,-953,109,960,1,46.3721097,-70.9435053,184.90,22.74,0.61,12,1,19:54:28,00
1726868,-56,24289,32.42,1,1,16.23,169.5,32072,50,-928,137,939,1,46.3720553,-70.9435252,185.00,22.54,0.61,12,1,19:54:29,00
1727331,-47,24289,32.39,1,1,16.07,167.8,32087,4,-981,117,988,1,46.3720553,-70.9435252,185.00,22.54,0.61,12,1,19:54:29,00
1727800,-52,24289,32.38,1,1,16.26,169.9,32103,4,-959,60,961,1,46.3720007,-70.9435320,185.00,22.06,0.63,12,1,19:54:30,00
1728265,-47,24289,32.43,1,1,17.24,180.1,32120,-71,-1007,95,1014,1,46.3720007,-70.9435320,185.00,22.06,0.63,12,1,19:54:30,00
1728733,-48,24289,32.36,1,1,17.06,178.2,32137,-29,-1016,82,1020,1,46.3719450,-70.9435267,185.70,22.50,0.61,12,1,19:54:31,00
1729201,95,24289,32.43,1,1,14.64,152.8,32151,-137,-948,134,967,1,46.3719450,-70.9435267,185.70,22.50,0.61,12,1,19:54:31,00
1729671,390,24289,32.89,1,1,15.54,162.3,32166,120,-1045,36,1053,1,46.3718935,-70.9435052,185.70,21.35,0.66,12,1,19:54:32,00
1730141,2912,24289,33.37,1,1,18.49,193.1,32184,-10,-990,82,993,1,46.3718935,-70.9435052,185.70,21.35,0.66,12,1,19:54:32,00
1730609,8487,24289,34.11,1,1,15.73,164.3,32200,-55,-958,-35,961,1,46.3718473,-70.9434688,185.60,21.30,0.63,12,1,19:54:33,00
1731086,12660,24289,35.16,1,1,17.58,183.6,32217,-15,-1085,233,1110,1,46.3718473,-70.9434688,185.60,21.30,0.63,12,1,19:54:33,00
1731560,12614,24289,34.94,1,1,16.78,175.3,32234,-19,-997,132,1006,1,46.3718057,-70.9434218,185.50,21.22,0.63,12,1,19:54:34,00
1732024,11719,24289,34.69,1,1,16.37,170.9,32250,-104,-901,-124,916,1,46.3718057,-70.9434218,185.50,21.22,0.63,12,1,19:54:34,00
1732492,11719,24289,34.95,1,1,17.50,182.8,32267,36,-1009,5,1010,1,46.3717692,-70.9433673,185.40,21.04,0.60,12,1,19:54:35,00
1733026,11547,24289,34.09,1,1,14.21,148.4,32283,-3,-1079,161,1091,1,46.3717692,-70.9433673,185.40,21.04,0.60,12,1,19:54:35,00
1733490,11270,24289,34.27,1,1,16.25,169.7,32298,-62,-938,103,946,1,46.3717387,-70.9433065,185.30,20.74,0.56,12,1,19:54:36,00
1733950,10776,24289,33.94,1,1,17.62,184.0,32315,-5,-1014,20,1014,1,46.3717387,-70.9433065,185.30,20.74,0.56,12,1,19:54:36,00
1734418,10843,24289,34.69,1,1,17.47,182.4,32332,-12,-1007,39,1007,1,46.3717145,-70.9432412,185.30,20.48,0.56,12,1,19:54:37,00
1734882,8959,24289,34.36,1,1,16.78,175.3,32349,-2,-1007,182,1023,1,46.3717145,-70.9432412,185.10,20.48,0.56,12,1,19:54:37,00
1735346,10808,24289,34.45,1,1,17.58,183.6,32366,10,-1031,113,1037,1,46.3716963,-70.9431723,185.10,20.21,0.53,12,1,19:54:38,00
1735810,9491,24289,33.93,1,1,20.13,210.2,32385,-91,-943,92,952,1,46.3716963,-70.9431723,185.10,20.21,0.53,12,1,19:54:38,00
1736265,9006,24289,34.38,1,1,18.69,195.2,32403,43,-1033,218,1056,1,46.3716963,-70.9431723,185.10,20.21,0.53,12,1,19:54:38,00
1736724,8852,24289,34.36,1,1,18.45,192.7,32421,33,-1014,25,1015,1,46.3716858,-70.9431018,185.00,19.87,0.53,12,1,19:54:39,00
1737186,8815,24289,34.11,1,1,17.89,186.8,32438,-14,-1078,41,1079,1,46.3716858,-70.9431018,185.00,19.87,0.53,12,1,19:54:39,00
1737650,9081,24289,33.62,1,1,19.35,202.1,32457,83,-929,-35,933,1,46.3716837,-70.9430312,185.00,19.50,0.53,12,1,19:54:40,00
1738118,7817,24289,34.91,1,1,19.65,205.2,32476,-75,-932,121,942,1,46.3716837,-70.9430312,185.00,19.50,0.53,12,1,19:54:40,00
1738591,8144,24289,33.78,1,1,19.07,199.2,32495,4,-1035,121,1042,1,46.3716900,-70.9429608,185.00,19.50,0.53,12,1,19:54:41,00
1739060,7897,24289,35.04,1,1,19.56,204.3,32514,-19,-943,81,946,1,46.3716900,-70.9429608,185.00,19.50,0.53,12,1,19:54:41,00
1739527,7876,24289,33.53,1,1,16.65,173.9,32530,-61,-983,111,991,1,46.3717057,-70.9428908,184.90,20.56,0.53,12,1,19:54:42,00
1739993,7742,24289,35.11,1,1,16.37,170.9,32546,37,-1084,88,1088,1,46.3717057,-70.9428908,184.90,20.56,0.53,12,1,19:54:42,00
1740466,7594,24289,33.48,1,1,16.58,173.2,32562,26,-1094,49,1096,1,46.3717307,-70.9428233,184.90,21.46,0.53,12,1,19:54:43,00
1740932,7588,24289,34.18,1,1,15.76,164.6,32578,-11,-804,108,811,1,46.3717307,-70.9428233,184.80,21.46,0.53,12,1,19:54:43,00
1741393,7695,24289,34.12,1,1,13.50,141.0,32591,36,-1016,151,1027,1,46.3717615,-70.9427578,184.80,22.19,0.53,12,1,19:54:44,00
1741862,7354,24289,35.03,1,1,15.51,162.0,32606,1,-1026,134,1035,1,46.3717615,-70.9427578,184.70,22.19,0.53,12,1,19:54:44,00
1742327,7396,24289,34.78,1,1,16.84,175.8,32622,-94,-949,153,966,1,46.3717615,-70.9427578,184.70,22.19,0.53,12,1,19:54:44,00
1742795,7275,24289,33.69,1,1,19.07,199.2,32641,27,-1015,94,1020,1,46.3717963,-70.9426932,184.60,22.96,0.53,12,1,19:54:45,00
1743264,7500,24289,34.75,1,1,19.07,199.2,32660,-42,-1002,146,1013,1,46.3717963,-70.9426932,184.60,22.96,0.53,12,1,19:54:45,00
1743730,7339,24289,35.06,1,1,18.65,194.8,32678,62,-1038,120,1047,1,46.3718328,-70.9426272,184.50,23.56,0.53,12,1,19:54:46,00
1744191,7507,24289,34.71,1,1,17.62,184.0,32695,17,-1046,134,1055,1,46.3718328,-70.9426272,184.50,23.56,0.53,12,1,19:54:46,00
1744662,7656,24289,33.62,1,1,16.84,175.8,32711,1,-955,94,960,1,46.3718697,-70.9425590,184.40,24.21,0.53,12,1,19:54:47,00
1745136,7804,24289,34.58,1,1,18.65,194.8,32729,-35,-977,200,998,1,46.3718697,-70.9425590,184.40,24.21,0.53,12,1,19:54:47,00
1745605,-84,24289,32.74,1,1,13.79,144.0,32743,-5,-957,135,966,1,46.3719072,-70.9424885,184.30,24.78,0.53,12,1,19:54:48,00
1746073,-75,24289,32.67,1,1,19.27,201.3,32762,69,-949,84,955,1,46.3719072,-70.9424885,184.30,24.78,0.53,12,1,19:54:48,00
1746539,-82,24289,32.74,1,1,18.69,195.2,32780,-3,-925,73,928,1,46.3719455,-70.9424163,184.30,25.22,0.53,12,1,19:54:49,00
1747014,-76,24289,32.69,1,1,19.66,205.3,32800,-5,-1065,78,1068,1,46.3719455,-70.9424163,184.30,25.22,0.53,12,1,19:54:49,00
1747485,-80,24289,32.66,1,1,18.22,190.3,32818,-4,-985,14,985,1,46.3719845,-70.9423437,184.30,25.56,0.53,12,1,19:54:50,00
1748028,-70,24289,32.77,1,1,16.14,168.5,32836,26,-1040,53,1042,1,46.3719845,-70.9423437,184.30,25.56,0.53,12,1,19:54:50,00
1748481,-62,24289,32.68,1,1,21.67,226.3,32857,-36,-862,59,864,1,46.3720243,-70.9422708,184.30,25.71,0.53,12,1,19:54:51,00
1748942,-58,24289,32.71,1,1,17.25,180.2,32873,59,-986,42,989,1,46.3720243,-70.9422708,184.30,25.71,0.55,12,1,19:54:51,00
1749403,-47,24289,32.76,1,1,16.30,170.2,32889,63,-987,86,993,1,46.3720243,-70.9422708,184.30,25.71,0.55,12,1,19:54:51,00
1749869,-49,24289,32.67,1,1,18.49,193.1,32907,-35,-997,6,998,1,46.3720647,-70.9421980,184.40,25.80,0.53,12,1,19:54:52,00
1750323,-38,24289,32.70,1,1,17.66,184.4,32924,25,-915,78,919,1,46.3720647,-70.9421980,184.40,25.80,0.53,12,1,19:54:52,00
1750781,-47,24289,32.69,1,1,18.86,196.9,32942,32,-948,74,951,1,46.3721050,-70.9421248,184.40,25.89,0.53,12,1,19:54:53,00
1751248,-41,24289,32.75,1,1,17.47,182.4,32959,13,-1068,91,1072,1,46.3721050,-70.9421248,184.40,25.89,0.53,12,1,19:54:53,00
1751714,-52,24289,32.74,1,1,17.39,181.6,32976,18,-1006,52,1008,1,46.3721452,-70.9420513,184.50,25.85,0.53,12,1,19:54:54,00
1752191,-35,24289,32.77,1,1,17.24,180.1,32993,2,-933,62,935,1,46.3721452,-70.9420513,184.50,25.85,0.53,12,1,19:54:54,00
1752651,-41,24289,32.75,1,1,17.85,186.4,33010,50,-976,60,979,1,46.3721847,-70.9419780,184.50,25.74,0.53,12,1,19:54:55,00
1753115,-28,24289,32.73,1,1,16.62,173.5,33026,-100,-952,63,959,1,46.3721847,-70.9419780,184.50,25.74,0.53,12,1,19:54:55,00
1753582,-20,24289,32.79,1,1,16.80,175.4,33042,66,-1042,130,1052,1,46.3722242,-70.9419070,184.50,24.98,0.53,12,1,19:54:56,00
1754051,-27,24289,32.80,1,1,18.07,188.7,33060,0,-929,96,934,1,46.3722242,-70.9419070,184.60,24.98,0.53,12,1,19:54:56,00
1754525,-26,24289,32.78,1,1,18.64,194.7,33079,-24,-1011,80,1014,1,46.3722670,-70.9418440,184.60,24.21,0.53,12,1,19:54:57,00
1754986,-24,24289,32.75,1,1,16.55,172.8,33095,86,-986,40,991,1,46.3722670,-70.9418440,184.70,24.21,0.53,12,1,19:54:57,00
1755452,-38,24289,32.79,1,1,16.73,174.7,33111,10,-963,8,963,1,46.3722670,-70.9418440,184.70,24.21,0.53,12,1,19:54:57,00
1755915,-39,24289,32.74,1,1,16.73,174.7,33127,-78,-971,162,987,1,46.3723148,-70.9417928,184.60,23.78,0.53,12,1,19:54:58,00
1756384,-34,24289,32.76,1,1,15.41,160.9,33142,-123,-972,136,989,1,46.3723148,-70.9417928,184.60,23.78,0.53,12,1,19:54:58,00
1756859,-35,24289,32.76,1,1,16.64,173.8,33159,40,-957,89,962,1,46.3723672,-70.9417545,184.50,23.43,0.53,12,1,19:54:59,00
1757328,-29,24289,32.79,1,1,16.40,171.3,33175,-46,-1011,139,1021,1,46.3723672,-70.9417545,184.50,23.43,0.53,12,1,19:54:59,00
1757794,-35,24289,32.80,1,1,16.65,173.9,33191,157,-938,68,953,1,46.3724223,-70.9417295,184.50,23.08,0.54,12,1,19:55:00,00
1758262,-38,24289,32.79,1,1,16.13,168.4,33207,21,-980,14,980,1,46.3724223,-70.9417295,184.50,23.08,0.54,12,1,19:55:00,00
1758728,-48,24289,32.73,1,1,18.61,194.4,33225,4,-916,107,923,1,46.3724787,-70.9417183,184.60,22.50,0.53,12,1,19:55:01,00
1759198,-47,24289,32.74,1,1,18.57,194.0,33243,-6,-1035,61,1037,1,46.3724787,-70.9417183,184.60,22.50,0.53,12,1,19:55:01,00
1759666,-49,24289,32.73,1,1,20.46,213.7,33263,43,-970,109,977,1,46.3725343,-70.9417217,184.60,22.11,0.53,12,1,19:55:02,00
1760142,-43,24289,32.75,1,1,15.96,166.7,33279,-110,-984,100,995,1,46.3725343,-70.9417217,184.60,22.11,0.53,12,1,19:55:02,00
1760612,-45,24289,32.74,1,1,16.16,168.8,33295,37,-910,62,912,1,46.3725877,-70.9417385,184.70,21.74,0.53,12,1,19:55:03,00
1761081,-52,24289,32.73,1,1,18.26,190.7,33313,121,-1069,15,1076,1,46.3725877,-70.9417385,184.70,21.74,0.53,12,1,19:55:03,00
1761557,-49,24289,32.77,1,1,16.37,170.9,33329,58,-1033,98,1040,1,46.3726377,-70.9417665,184.70,21.26,0.53,12,1,19:55:04,00
1762028,4,24289,32.83,1,1,17.35,181.2,33346,-12,-1085,103,1090,1,46.3726377,-70.9417665,184.60,21.26,0.53,12,1,19:55:04,00
1762501,221,24289,32.95,1,1,16.89,176.3,33363,149,-948,64,962,1,46.3726830,-70.9418047,184.60,20.89,0.53,12,1,19:55:05,00
1763037,2016,24289,33.06,1,1,16.14,168.5,33381,63,-941,85,947,1,46.3726830,-70.9418047,184.70,20.89,0.56,12,1,19:55:05,00
1763495,5547,24289,35.23,1,1,13.92,145.4,33394,60,-920,51,923,1,46.3727230,-70.9418522,184.70,20.61,0.56,12,1,19:55:06,00
1763956,11622,24289,35.59,1,1,19.95,208.3,33413,-81,-1026,79,1032,1,46.3727230,-70.9418522,184.70,20.61,0.56,12,1,19:55:06,00
1764419,11365,24289,34.84,1,1,16.87,176.2,33429,-95,-1048,1,1052,1,46.3727230,-70.9418522,184.70,20.61,0.56,12,1,19:55:06,00
1764885,11333,24289,34.64,1,1,17.99,187.9,33447,-4,-1016,63,1018,1,46.3727565,-70.9419078,184.80,20.39,0.56,12,1,19:55:07,00
1765342,10462,24289,35.39,1,1,17.66,184.4,33464,72,-1014,5,1016,1,46.3727565,-70.9419078,184.80,20.39,0.56,12,1,19:55:07,00
1765802,10747,24289,34.70,1,1,18.13,189.3,33481,-119,-968,69,977,1,46.3727825,-70.9419702,184.80,20.19,0.56,12,1,19:55:08,00
1766269,10474,24289,35.40,1,1,15.02,156.9,33496,-8,-1020,151,1031,1,46.3727825,-70.9419702,184.80,20.19,0.56,12,1,19:55:08,00
1766742,11179,24289,34.22,1,1,16.28,170.1,33511,44,-979,21,980,1,46.3728007,-70.9420382,184.80,20.19,0.56,12,1,19:55:09,00
1767215,10846,24289,34.90,1,1,14.93,155.9,33526,-4,-954,106,960,1,46.3728007,-70.9420382,184.80,20.19,0.56,12,1,19:55:09,00
1767685,10270,24289,34.22,1,1,16.03,167.4,33542,-32,-955,143,967,1,46.3728105,-70.9421100,184.80,20.19,0.56,12,1,19:55:10,00
1768153,9821,24289,35.57,1,1,16.13,168.4,33558,-39,-993,242,1022,1,46.3728105,-70.9421100,184.80,20.19,0.56,12,1,19:55:10,00
1768632,9188,24289,35.42,1,1,17.52,182.9,33576,30,-1022,264,1056,1,46.3728120,-70.9421833,184.70,20.39,0.53,12,1,19:55:11,00
1769104,9029,24289,34.54,1,1,19.11,199.6,33595,65,-988,99,995,1,46.3728120,-70.9421833,184.70,20.39,0.53,12,1,19:55:11,00
1769576,9077,24289,34.41,1,1,18.41,192.3,33613,-30,-948,112,955,1,46.3728057,-70.9422567,184.70,20.58,0.53,12,1,19:55:12,00
1770048,9071,24289,34.18,1,1,16.13,168.4,33629,-23,-928,62,931,1,46.3728057,-70.9422567,184.60,20.58,0.53,12,1,19:55:12,00
1770521,8280,24289,34.23,1,1,18.14,189.5,33647,-7,-974,116,981,1,46.3727940,-70.9423288,184.60,20.59,0.53,12,1,19:55:13,00
1770995,7391,24289,35.42,1,1,17.50,182.8,33664,99,-1088,64,1094,1,46.3727940,-70.9423288,184.60,20.59,0.53,12,1,19:55:13,00
1771476,8218,24289,33.99,1,1,15.63,163.3,33680,-127,-1005,89,1017,1,46.3727940,-70.9423288,184.60,20.59,0.53,12,1,19:55:13,00
1771950,8097,24289,34.00,1,1,19.61,204.7,33699,15,-1037,86,1040,1,46.3727762,-70.9423990,184.50,20.93,0.54,12,1,19:55:14,00
1772414,7992,24289,35.03,1,1,16.23,169.5,33715,18,-1007,114,1014,1,46.3727762,-70.9423990,184.50,20.93,0.54,12,1,19:55:14,00
1772878,7602,24289,34.16,1,1,16.10,168.2,33730,-155,-972,100,989,1,46.3727508,-70.9424668,184.40,21.71,0.54,12,1,19:55:15,00
1773347,7998,24289,35.35,1,1,16.20,169.1,33746,21,-937,167,952,1,46.3727508,-70.9424668,184.40,21.71,0.54,12,1,19:55:15,00
1773809,7707,24289,35.47,1,1,14.90,155.6,33760,-74,-1018,91,1025,1,46.3727203,-70.9425333,184.40,22.34,0.54,12,1,19:55:16,00
1774270,7800,24289,35.44,1,1,12.83,134.0,33773,-49,-973,143,984,1,46.3727203,-70.9425333,184.40,22.34,0.54,12,1,19:55:16,00
1774734,7600,24289,35.48,1,1,16.62,173.5,33789,-59,-851,102,859,1,46.3726872,-70.9425988,184.40,22.76,0.56,12,1,19:55:17,00
1775204,8171,24289,34.21,1,1,11.68,122.0,33800,34,-1104,153,1115,1,46.3726872,-70.9425988,184.40,22.76,0.56,12,1,19:55:17,00
1775678,7513,24289,35.53,1,1,12.70,132.7,33813,-44,-998,160,1012,1,46.3726522,-70.9426648,184.30,23.35,0.60,12,1,19:55:18,00
1776155,8083,24289,35.47,1,1,15.89,166.0,33829,-29,-923,164,937,1,46.3726522,-70.9426648,184.30,23.35,0.60,12,1,19:55:18,00
1776629,8297,24289,33.78,1,1,16.80,175.4,33845,87,-981,15,985,1,46.3726157,-70.9427328,184.30,24.00,0.58,12,1,19:55:19,00
1777097,7978,24289,34.20,1,1,13.94,145.5,33859,-71,-1035,103,1043,1,46.3726157,-70.9427328,184.30,24.00,0.58,12,1,19:55:19,00
1777568,8068,24289,33.65,1,1,19.27,201.3,33878,58,-961,125,971,1,46.3725783,-70.9428020,184.30,24.58,0.58,12,1,19:55:20,00
1778115,-90,24289,33.00,1,1,15.81,165.1,33896,9,-979,91,983,1,46.3725783,-70.9428020,184.20,24.58,0.60,12,1,19:55:20,00
1778575,-86,24289,33.06,1,1,18.34,191.5,33914,-13,-924,160,938,1,46.3725398,-70.9428722,184.20,25.04,0.60,12,1,19:55:21,00
1779036,-96,24289,33.00,1,1,17.81,186.0,33931,-57,-980,194,1001,1,46.3725398,-70.9428722,184.00,25.04,0.60,12,1,19:55:21,00
1779495,-105,24289,33.07,1,1,15.54,162.3,33946,-101,-887,94,898,1,46.3725008,-70.9429438,184.00,25.34,0.60,12,1,19:55:22,00
1779965,-90,24289,33.08,1,1,17.39,181.6,33963,-102,-934,100,945,1,46.3725008,-70.9429438,184.00,25.34,0.60,12,1,19:55:22,00
1780432,-89,24289,33.02,1,1,18.49,193.1,33981,29,-900,106,907,1,46.3725008,-70.9429438,184.00,25.34,0.60,12,1,19:55:22,00
1780890,-87,24289,32.99,1,1,16.44,171.7,33997,-3,-962,74,965,1,46.3724618,-70.9430157,184.00,25.35,0.60,12,1,19:55:23,00
1781351,-73,24289,32.99,1,1,16.76,175.1,34013,61,-1067,73,1071,1,46.3724618,-70.9430157,184.00,25.35,0.60,12,1,19:55:23,00
1781814,-77,24289,33.04,1,1,19.69,205.6,34032,17,-1037,77,1040,1,46.3724230,-70.9430875,184.00,25.21,0.60,12,1,19:55:24,00
1782282,-63,24289,33.04,1,1,17.58,183.6,34049,-57,-954,70,958,1,46.3724230,-70.9430875,184.00,25.21,0.60,12,1,19:55:24,00
1782749,-74,24289,33.02,1,1,22.36,233.5,34071,-9,-1001,61,1003,1,46.3723845,-70.9431593,184.20,25.11,0.60,12,1,19:55:25,00
1783222,-73,24289,33.09,1,1,16.51,172.4,34087,-18,-959,56,960,1,46.3723845,-70.9431593,184.20,25.11,0.60,12,1,19:55:25,00
1783687,-71,24289,33.06,1,1,17.39,181.6,34104,71,-1058,-26,1061,1,46.3723462,-70.9432308,184.30,24.95,0.60,12,1,19:55:26,00
1784168,-72,24289,33.00,1,1,16.68,174.2,34121,4,-1078,24,1078,1,46.3723462,-70.9432308,184.30,24.95,0.60,12,1,19:55:26,00
1784642,-66,24289,33.05,1,1,17.14,178.9,34138,61,-1018,51,1021,1,46.3723062,-70.9432995,184.40,24.84,0.60,12,1,19:55:27,00
1785110,-75,24289,33.02,1,1,17.28,180.5,34155,-5,-966,-4,966,1,46.3723062,-70.9432995,184.40,24.84,0.60,12,1,19:55:27,00
1785578,-65,24289,33.06,1,1,15.41,160.9,34170,24,-1012,48,1013,1,46.3722640,-70.9433642,184.40,24.46,0.60,12,1,19:55:28,00
1786048,-64,24289,33.04,1,1,18.57,194.0,34188,17,-1038,90,1042,1,46.3722640,-70.9433642,184.40,24.46,0.60,12,1,19:55:28,00
1786511,-75,24289,33.02,1,1,18.45,192.7,34206,67,-1046,37,1049,1,46.3722195,-70.9434222,184.40,23.84,0.60,12,1,19:55:29,00
1786982,-73,24289,33.03,1,1,17.54,183.2,34223,-87,-891,97,900,1,46.3722195,-70.9434222,184.50,23.84,0.60,12,1,19:55:29,00
1787454,-72,24289,33.07,1,1,16.85,176.0,34240,-41,-1000,135,1010,1,46.3721715,-70.9434700,184.50,23.19,0.60,12,1,19:55:30,00
1787920,-67,24289,33.04,1,1,17.69,184.8,34257,13,-956,64,959,1,46.3721715,-70.9434700,184.60,23.19,0.60,12,1,19:55:30,00
1788383,-60,24289,33.10,1,1,12.46,130.2,34269,8,-930,132,940,1,46.3721715,-70.9434700,184.60,23.19,0.60,12,1,19:55:30,00
1788849,-65,24289,33.09,1,1,10.25,107.1,34279,-76,-941,85,947,1,46.3721195,-70.9435045,184.70,22.71,0.60,12,1,19:55:31,00
1789317,-48,24289,33.04,1,1,8.40,87.7,34287,138,-878,46,890,1,46.3720645,-70.9435237,184.70,22.61,0.60,12,1,19:55:32,00
1789787,-71,24289,33.03,1,1,9.07,94.7,34296,-101,-976,118,988,1,46.3720645,-70.9435237,184.70,22.61,0.61,12,1,19:55:32,00
1790251,-63,24289,33.10,1,1,8.24,86.0,34304,-42,-924,82,929,1,46.3720645,-70.9435237,184.70,22.61,0.61,12,1,19:55:32,00
1790725,-67,24289,33.05,1,1,13.30,138.9,34316,108,-1131,21,1137,1,46.3720085,-70.9435270,184.70,22.50,0.61,12,1,19:55:33,00
1791200,-69,24289,33.08,1,1,11.74,122.6,34329,-3,-1041,69,1044,1,46.3720085,-70.9435270,184.70,22.50,0.61,12,1,19:55:33,00
1791670,-88,24289,32.96,1,1,5.53,57.7,34334,122,-1004,41,1012,1,46.3719530,-70.9435190,184.80,22.30,0.61,12,1,19:55:34,00
1792155,83,24289,33.04,1,1,5.50,57.5,34340,2,-848,89,853,1,46.3719530,-70.9435190,184.80,22.30,0.61,12,1,19:55:34,00
1792629,739,24289,33.69,1,1,8.51,88.9,34348,-57,-893,76,898,1,46.3718997,-70.9434998,184.80,21.93,0.64,12,1,19:55:35,00
1793175,4092,24289,33.70,1,1,11.30,118.0,34361,-31,-969,94,974,1,46.3718997,-70.9434998,184.80,21.93,0.64,12,1,19:55:35,00
1793637,9913,24289,35.15,1,1,9.27,96.8,34370,35,-965,-8,965,1,46.3718493,-70.9434680,185.20,22.00,0.60,12,1,19:55:36,00
1794104,12411,24289,35.83,1,1,13.13,137.1,34383,21,-1074,19,1074,1,46.3718493,-70.9434680,185.20,22.00,0.60,12,1,19:55:36,00
1794576,11817,24289,35.19,1,1,13.41,140.1,34396,-44,-857,90,863,1,46.3718052,-70.9434257,185.20,21.11,0.58,12,1,19:55:37,00
1795045,11693,24289,35.10,1,1,10.88,113.6,34407,59,-1078,56,1081,1,46.3718052,-70.9434257,185.20,21.11,0.58,12,1,19:55:37,00
1795510,10855,24289,35.51,1,1,15.65,163.4,34422,-70,-982,145,995,1,46.3717673,-70.9433752,185.20,20.63,0.58,12,1,19:55:38,00
1795980,10994,24289,35.22,1,1,14.35,149.9,34436,-135,-738,47,751,1,46.3717673,-70.9433752,185.20,20.63,0.58,12,1,19:55:38,00
1796438,10659,24289,34.92,1,1,14.60,152.5,34450,11,-925,79,928,1,46.3717362,-70.9433180,185.00,20.11,0.56,12,1,19:55:39,00
1796903,10865,24289,35.63,1,1,19.44,203.0,34469,16,-1006,-15,1006,1,46.3717362,-70.9433180,185.00,20.11,0.56,12,1,19:55:39,00
1797362,10173,24289,34.64,1,1,20.50,214.1,34489,-3,-983,-97,988,1,46.3717128,-70.9432548,185.00,19.89,0.56,12,1,19:55:40,00
1797829,10515,24289,35.06,1,1,23.00,240.2,34511,35,-927,139,938,1,46.3717128,-70.9432548,184.70,19.89,0.54,12,1,19:55:40,00
1798291,9794,24289,35.21,1,1,17.06,178.2,34527,-66,-923,192,945,1,46.3717128,-70.9432548,184.70,19.89,0.54,12,1,19:55:40,00
1798752,8937,24289,34.85,1,1,18.38,191.9,34545,29,-918,166,934,1,46.3716973,-70.9431865,184.50,20.00,0.54,12,1,19:55:41,00
1799216,8683,24289,34.85,1,1,17.35,181.2,34562,-24,-981,166,995,1,46.3716973,-70.9431865,184.50,20.00,0.54,12,1,19:55:41,00
1799683,9252,24289,34.34,1,1,17.81,186.0,34579,57,-1062,29,1064,1,46.3716882,-70.9431150,184.50,20.06,0.53,12,1,19:55:42,00
1800151,8739,24289,35.44,1,1,15.82,165.2,34594,-25,-1016,129,1024,1,46.3716882,-70.9431150,184.50,20.06,0.53,12,1,19:55:42,00
1800618,8587,24289,34.41,1,1,17.41,181.8,34612,58,-894,55,898,1,46.3716860,-70.9430430,184.40,19.89,0.53,12,1,19:55:43,00
1801081,8452,24289,34.68,1,1,18.69,195.2,34630,-26,-981,149,993,1,46.3716860,-70.9430430,184.40,19.89,0.53,12,1,19:55:43,00
1801551,8217,24289,34.49,1,1,21.86,228.3,34651,23,-994,138,1004,1,46.3716927,-70.9429710,184.40,20.28,0.53,12,1,19:55:44,00
1802019,8145,24289,34.63,1,1,17.99,187.9,34669,-62,-874,87,880,1,46.3716927,-70.9429710,184.40,20.28,0.53,12,1,19:55:44,00
1802492,8026,24289,34.29,1,1,18.03,188.3,34687,4,-999,96,1004,1,46.3717088,-70.9428990,184.40,21.22,0.53,12,1,19:55:45,00
1802956,7878,24289,34.80,1,1,13.96,145.7,34700,-33,-992,87,997,1,46.3717088,-70.9428990,184.40,21.22,0.53,12,1,19:55:45,00
1803427,7829,24289,34.70,1,1,18.26,190.7,34718,19,-722,68,725,1,46.3717088,-70.9428990,184.40,21.22,0.53,12,1,19:55:45,00
1803909,7543,24289,34.45,1,1,20.73,216.5,34739,37,-1008,122,1016,1,46.3717338,-70.9428292,184.30,21.96,0.53,12,1,19:55:46,00
1804376,7710,24289,34.37,1,1,18.41,192.3,34756,-52,-918,232,948,1,46.3717338,-70.9428292,184.30,21.96,0.53,12,1,19:55:46,00
1804839,7221,24289,35.72,1,1,11.87,124.0,34768,-7,-943,173,959,1,46.3717648,-70.9427617,184.20,22.59,0.55,12,1,19:55:47,00
1805307,7737,24289,35.63,1,1,10.95,114.3,34779,11,-955,137,965,1,46.3717648,-70.9427617,184.20,22.59,0.55,12,1,19:55:47,00
1805775,7875,24289,35.70,1,1,16.40,171.3,34795,-47,-1017,136,1027,1,46.3717995,-70.9426947,184.20,23.26,0.53,12,1,19:55:48,00
1806252,7904,24289,34.52,1,1,12.86,134.3,34808,97,-1140,82,1147,1,46.3717995,-70.9426947,184.20,23.26,0.53,12,1,19:55:48,00
1806724,7770,24289,34.39,1,1,11.81,123.3,34819,-56,-994,129,1004,1,46.3718348,-70.9426265,184.30,23.67,0.53,12,1,19:55:49,00
1807199,-130,24289,33.24,1,1,12.81,133.7,34832,-36,-885,58,888,1,46.3718348,-70.9426265,184.30,23.67,0.53,12,1,19:55:49,00
1807671,-118,24289,33.27,1,1,4.37,45.7,34836,90,-1016,142,1030,1,46.3718707,-70.9425565,184.30,24.19,0.53,12,1,19:55:50,00
1808212,-114,24289,33.25,1,1,4.37,45.7,34836,50,-949,120,958,1,46.3718707,-70.9425565,184.30,24.19,0.53,12,1,19:55:50,00
1808675,-115,24289,33.21,1,1,4.37,45.7,34836,-8,-970,111,976,1,46.3719075,-70.9424852,184.20,24.69,0.53,12,1,19:55:51,00
1809133,-112,24289,33.23,1,1,4.37,45.7,34836,-23,-907,119,915,1,46.3719075,-70.9424852,184.20,24.69,0.53,12,1,19:55:51,00
1809590,-95,24289,33.28,1,1,0.74,7.7,34839,-23,-904,94,909,1,46.3719457,-70.9424133,184.20,25.13,0.53,12,1,19:55:52,00
1810048,-97,24289,33.26,1,1,1.16,12.1,34840,-21,-890,121,898,1,46.3719457,-70.9424133,184.30,25.13,0.53,12,1,19:55:52,00
1810507,-85,24289,33.25,1,1,2.86,29.8,34843,-68,-917,127,928,1,46.3719848,-70.9423415,184.30,25.37,0.53,12,1,19:55:53,00
1810968,-84,24289,33.25,1,1,5.95,62.1,34849,-24,-1053,109,1059,1,46.3719848,-70.9423415,184.30,25.37,0.53,12,1,19:55:53,00
1811434,-76,24289,33.28,1,1,7.10,74.2,34856,-15,-978,139,988,1,46.3719848,-70.9423415,184.30,25.37,0.53,12,1,19:55:53,00
1811894,-77,24289,33.23,1,1,8.89,92.8,34863,-62,-879,140,892,1,46.3720242,-70.9422690,184.40,25.56,0.53,12,1,19:55:54,00
1812357,-75,24289,33.19,1,1,6.64,69.3,34870,-10,-1065,89,1069,1,46.3720242,-70.9422690,184.40,25.56,0.53,12,1,19:55:54,00
1812815,-79,24289,33.21,1,1,4.29,44.8,34874,12,-1008,103,1013,1,46.3720632,-70.9421957,184.40,25.59,0.53,12,1,19:55:55,00
1813288,-69,24289,33.25,1,1,8.24,86.0,34881,-38,-975,86,979,1,46.3720632,-70.9421957,184.40,25.59,0.53,12,1,19:55:55,00
1813753,-63,24289,33.22,1,1,2.89,30.2,34884,55,-932,75,936,1,46.3721013,-70.9421215,184.50,25.47,0.53,12,1,19:55:56,00
1814220,-57,24289,33.28,1,1,2.69,28.1,34885,2,-945,113,951,1,46.3721013,-70.9421215,184.50,25.47,0.53,12,1,19:55:56,00
1814686,-62,24289,33.23,1,1,2.52,26.3,34888,27,-1068,62,1070,1,46.3721387,-70.9420478,184.70,25.21,0.53,12,1,19:55:57,00
1815145,-59,24289,33.21,1,1,5.90,61.6,34897,-4,-1021,85,1025,1,46.3721387,-70.9420478,184.70,25.21,0.53,12,1,19:55:57,00
1815619,-46,24289,33.28,1,1,8.08,84.4,34905,-83,-935,94,944,1,46.3721767,-70.9419775,184.70,24.48,0.53,12,1,19:55:58,00
1816089,-55,24289,33.26,1,1,7.85,82.0,34912,17,-918,98,924,1,46.3721767,-70.9419775,184.70,24.48,0.53,12,1,19:55:58,00
1816555,-51,24289,33.27,1,1,5.72,59.8,34918,-6,-961,136,971,1,46.3722155,-70.9419118,184.70,23.72,0.53,12,1,19:55:59,00
1817019,-57,24289,33.26,1,1,11.65,121.7,34929,-9,-1052,58,1054,1,46.3722155,-70.9419118,184.80,23.72,0.53,12,1,19:55:59,00
1817492,-48,24289,33.28,1,1,3.24,33.9,34932,21,-983,121,991,1,46.3722155,-70.9419118,184.80,23.72,0.53,12,1,19:55:59,00
1817960,-54,24289,33.28,1,1,7.98,83.3,34940,-14,-1026,75,1029,1,46.3722558,-70.9418513,184.80,22.93,0.56,12,1,19:56:00,00
1818427,-45,24289,33.28,1,1,3.88,40.6,34944,-54,-987,146,999,1,46.3722558,-70.9418513,184.80,22.93,0.56,12,1,19:56:00,00
1818899,-40,24289,33.26,1,1,3.98,41.6,34948,38,-957,131,967,1,46.3722988,-70.9417990,184.90,22.22,0.54,12,1,19:56:01,00
1819363,-42,24289,33.26,1,1,5.57,58.1,34953,-3,-1030,127,1037,1,46.3722988,-70.9417990,184.90,22.22,0.54,12,1,19:56:01,00
1819827,-49,24289,33.28,1,1,3.08,32.1,34956,-3,-1007,183,1024,1,46.3723453,-70.9417572,184.90,21.63,0.53,12,1,19:56:02,00
1820305,-35,24289,33.31,1,1,3.08,32.1,34956,-28,-944,143,955,1,46.3723453,-70.9417572,184.90,21.63,0.53,12,1,19:56:02,00
1820771,-45,24289,33.31,1,1,1.57,16.4,34959,105,-1013,117,1025,1,46.3723945,-70.9417270,184.90,21.15,0.54,12,1,19:56:03,00
1821244,-45,24289,33.35,1,1,2.16,22.5,34960,6,-1021,69,1024,1,46.3723945,-70.9417270,184.90,21.15,0.54,12,1,19:56:03,00
1821712,-43,24289,33.29,1,1,2.16,22.5,34960,-171,-1003,120,1024,1,46.3724455,-70.9417100,184.90,20.80,0.54,12,1,19:56:04,00
1822177,-45,24289,33.32,1,1,0.50,5.2,34961,-33,-1005,158,1018,1,46.3724455,-70.9417100,184.90,20.80,0.54,12,1,19:56:04,00
1822650,-56,24289,33.31,1,1,0.50,5.2,34961,-9,-978,131,987,1,46.3724967,-70.9417057,185.00,20.33,0.53,12,1,19:56:05,00
1823188,-61,24289,33.30,1,1,0.39,4.1,34962,33,-947,90,952,1,46.3724967,-70.9417057,185.00,20.33,0.53,12,1,19:56:05,00
1823646,-61,24289,33.30,1,1,4.47,46.7,34963,2,-887,121,895,1,46.3725470,-70.9417132,185.00,20.17,0.53,12,1,19:56:06,00
1824101,-56,24289,33.30,1,1,0.57,5.9,34964,-8,-985,53,986,1,46.3725470,-70.9417132,185.00,20.17,0.53,12,1,19:56:06,00
1824560,-58,24289,33.33,1,1,2.97,31.0,34967,-11,-981,64,983,1,46.3725953,-70.9417320,185.00,19.91,0.53,12,1,19:56:07,00
1825023,-53,24289,33.33,1,1,3.53,36.9,34970,3,-1000,101,1005,1,46.3725953,-70.9417320,185.00,19.91,0.53,12,1,19:56:07,00
1825483,-60,24289,33.34,1,1,2.06,21.6,34971,20,-1043,70,1046,1,46.3725953,-70.9417320,185.00,19.91,0.53,12,1,19:56:07,00
1825942,-63,24289,33.32,1,1,2.06,21.6,34971,24,-887,141,899,1,46.3726405,-70.9417607,185.00,19.72,0.53,12,1,19:56:08,00
1826399,-53,24289,33.36,1,1,0.84,8.8,34973,-34,-927,182,945,1,46.3726405,-70.9417607,185.00,19.72,0.53,12,1,19:56:08,00
1826859,-57,24289,33.36,1,1,0.84,8.8,34973,-19,-955,132,964,1,46.3726823,-70.9417973,185.00,19.48,0.53,12,1,19:56:09,00
1827324,52,24289,33.42,1,1,2.09,21.8,34977,64,-1025,36,1027,1,46.3726823,-70.9417973,185.00,19.48,0.53,12,1,19:56:09,00
1827784,333,24289,33.51,1,1,1.86,19.5,34978,55,-852,103,860,1,46.3727207,-70.9418388,185.00,19.08,0.56,12,1,19:56:10,00
1828246,2568,24289,33.83,1,1,3.23,33.8,34983,67,-1057,150,1069,1,46.3727207,-70.9418388,185.00,19.08,0.56,12,1,19:56:10,00
1828710,7528,24289,34.81,1,1,14.17,148.0,34997,154,-908,25,921,1,46.3727545,-70.9418847,185.00,18.45,0.56,12,1,19:56:11,00
1829178,13744,24289,35.66,1,1,14.64,152.8,35011,-87,-859,160,878,1,46.3727545,-70.9418847,185.00,18.45,0.56,12,1,19:56:11,00
1829644,12773,24289,35.50,1,1,15.28,159.6,35026,-52,-878,94,885,1,46.3727825,-70.9419353,185.10,17.87,0.56,12,1,19:56:12,00
1830107,11848,24289,36.07,1,1,11.83,123.6,35037,81,-922,3,925,1,46.3727825,-70.9419353,185.10,17.87,0.56,12,1,19:56:12,00
1830578,11443,24289,35.37,1,1,13.76,143.7,35051,-60,-958,165,974,1,46.3728043,-70.9419903,185.10,17.48,0.56,12,1,19:56:13,00
1831051,11760,24289,35.30,1,1,7.83,81.8,35058,53,-979,165,994,1,46.3728043,-70.9419903,185.10,17.48,0.56,12,1,19:56:13,00
1831521,10929,24289,35.16,1,1,7.57,79.1,35066,17,-1081,52,1082,1,46.3728197,-70.9420482,185.10,17.09,0.56,12,1,19:56:14,00
1831998,10425,24289,36.05,1,1,5.45,56.9,35071,45,-996,91,1002,1,46.3728197,-70.9420482,185.20,17.09,0.56,12,1,19:56:14,00
1832469,10381,24289,35.21,1,1,3.89,40.7,35075,-6,-991,26,991,1,46.3728197,-70.9420482,185.20,17.09,0.56,12,1,19:56:14,00
1832936,10886,24289,34.79,1,1,6.46,67.4,35081,-118,-879,75,890,1,46.3728280,-70.9421085,185.20,17.08,0.56,12,1,19:56:15,00
1833404,11252,24289,34.89,1,1,5.62,58.7,35087,-95,-1046,159,1063,1,46.3728280,-70.9421085,185.20,17.08,0.56,12,1,19:56:15,00
1833870,9230,24289,34.95,1,1,3.95,41.2,35090,-49,-997,183,1015,1,46.3728293,-70.9421707,185.10,17.37,0.53,12,1,19:56:16,00
1834345,9314,24289,36.04,1,1,1.64,17.1,35091,-95,-893,128,907,1,46.3728293,-70.9421707,185.10,17.37,0.53,12,1,19:56:16,00
1834820,9332,24289,35.08,1,1,2.66,27.7,35095,-165,-952,184,984,1,46.3728240,-70.9422337,185.00,17.69,0.53,12,1,19:56:17,00
1835297,8723,24289,35.46,1,1,6.32,66.0,35102,-62,-976,162,992,1,46.3728240,-70.9422337,185.00,17.69,0.53,12,1,19:56:17,00
1835769,8934,24289,34.78,1,1,12.52,130.7,35106,-28,-986,119,993,1,46.3728128,-70.9422965,184.90,18.09,0.54,12,1,19:56:18,00
1836240,8096,24289,36.12,1,1,3.03,31.6,35111,11,-1023,97,1027,1,46.3728128,-70.9422965,184.90,18.09,0.54,12,1,19:56:18,00
1836723,8191,24289,35.56,1,1,16.91,176.6,35127,-122,-957,123,972,1,46.3727957,-70.9423597,184.80,18.09,0.56,12,1,19:56:19,00
1837196,7778,24289,35.85,1,1,17.34,181.1,35145,-39,-1019,135,1028,1,46.3727957,-70.9423597,184.80,18.09,0.56,12,1,19:56:19,00
1837669,8025,24289,34.75,1,1,13.05,136.3,35158,35,-1033,154,1045,1,46.3727725,-70.9424235,184.60,20.35,0.54,12,1,19:56:20,00
1838215,8541,24289,34.47,1,1,12.23,127.7,35172,14,-1067,102,1072,1,46.3727725,-70.9424235,184.60,20.35,0.54,12,1,19:56:20,00
1838677,7706,24289,34.17,1,1,14.82,154.8,35185,-5,-1032,31,1033,1,46.3727438,-70.9424875,184.60,21.54,0.54,12,1,19:56:21,00
1839152,7665,24289,35.98,1,1,8.53,89.1,35194,-63,-947,190,968,1,46.3727438,-70.9424875,184.60,21.54,0.54,12,1,19:56:21,00
1839615,8372,24289,35.08,1,1,3.16,33.0,35197,-28,-944,134,954,1,46.3727118,-70.9425520,184.50,22.13,0.56,12,1,19:56:22,00
1840082,8076,24289,35.68,1,1,23.94,250.0,35201,4,-978,93,983,1,46.3727118,-70.9425520,184.50,22.13,0.56,12,1,19:56:22,00
1840552,7681,24289,35.94,1,1,2.85,29.7,35206,-37,-955,123,964,1,46.3726782,-70.9426167,184.50,22.65,0.56,12,1,19:56:23,00
1841021,8302,24289,34.50,1,1,13.37,139.7,35211,-42,-948,102,954,1,46.3726782,-70.9426167,184.40,22.65,0.60,12,1,19:56:23,00
1841494,7751,24289,34.44,1,1,6.67,69.6,35222,60,-1009,159,1023,1,46.3726782,-70.9426167,184.40,22.65,0.60,12,1,19:56:23,00
1841963,-137,24289,33.55,1,1,10.82,113.0,35226,32,-1029,153,1041,1,46.3726430,-70.9426828,184.40,23.28,0.60,12,1,19:56:24,00
1842430,-111,24289,33.61,1,1,1.25,13.1,35228,-16,-1009,162,1022,1,46.3726430,-70.9426828,184.40,23.28,0.60,12,1,19:56:24,00
1842897,-108,24289,33.56,1,1,17.69,184.8,35245,-59,-998,130,1008,1,46.3726068,-70.9427508,184.40,23.91,0.60,12,1,19:56:25,00
1843375,-87,24289,33.59,1,1,17.88,186.7,35263,-66,-956,132,968,1,46.3726068,-70.9427508,184.40,23.91,0.60,12,1,19:56:25,00
1843851,-88,24289,33.57,1,1,17.35,181.2,35280,-24,-956,112,963,1,46.3725703,-70.9428205,184.30,24.45,0.60,12,1,19:56:26,00
1844322,-62,24289,33.59,1,1,17.10,178.6,35297,-82,-936,131,949,1,46.3725703,-70.9428205,184.30,24.45,0.60,12,1,19:56:26,00
1844790,-81,24289,33.61,1,1,17.66,184.4,35314,-62,-1004,61,1008,1,46.3725328,-70.9428910,184.30,24.80,0.56,12,1,19:56:27,00
1845256,-84,24289,33.65,1,1,17.39,181.6,35331,-6,-1002,64,1004,1,46.3725328,-70.9428910,184.30,24.80,0.56,12,1,19:56:27,00
1845728,-82,24289,33.59,1,1,17.21,179.7,35348,15,-1042,65,1044,1,46.3724942,-70.9429618,184.30,25.08,0.60,12,1,19:56:28,00
1846205,-72,24289,33.60,1,1,17.14,178.9,35365,-28,-918,94,923,1,46.3724942,-70.9429618,184.30,25.08,0.60,12,1,19:56:28,00
1846677,-72,24289,33.56,1,1,16.99,177.5,35382,76,-994,26,997,1,46.3724548,-70.9430325,184.40,25.08,0.60,12,1,19:56:29,00
1847151,-64,24289,33.59,1,1,16.92,176.7,35399,-110,-938,52,946,1,46.3724548,-70.9430325,184.40,25.08,0.60,12,1,19:56:29,00
1847623,-67,24289,33.56,1,1,16.58,173.2,35415,100,-994,137,1009,1,46.3724152,-70.9431027,184.40,25.02,0.60,12,1,19:56:30,00
1848098,-70,24289,33.57,1,1,16.89,176.3,35432,50,-972,49,975,1,46.3724152,-70.9431027,184.50,25.02,0.60,12,1,19:56:30,00
1848573,-68,24289,33.64,1,1,16.47,172.0,35448,21,-935,86,940,1,46.3723758,-70.9431727,184.50,24.95,0.60,12,1,19:56:31,00
1849046,-51,24289,33.59,1,1,16.33,170.6,35464,-116,-1013,57,1021,1,46.3723758,-70.9431727,184.60,24.95,0.60,12,1,19:56:31,00
1849516,-70,24289,33.61,1,1,16.26,169.9,35480,-44,-1037,11,1038,1,46.3723758,-70.9431727,184.60,24.95,0.60,12,1,19:56:31,00
1849991,-64,24289,33.63,1,1,16.48,172.1,35497,-29,-962,130,972,1,46.3723372,-70.9432423,184.70,24.56,0.60,12,1,19:56:32,00
1850465,-73,24289,33.59,1,1,16.16,168.8,35513,16,-1005,53,1007,1,46.3723372,-70.9432423,184.70,24.56,0.60,12,1,19:56:32,00
1850940,-78,24289,33.58,1,1,15.82,165.2,35528,-45,-918,79,923,1,46.3722988,-70.9433092,184.80,23.74,0.60,12,1,19:56:33,00
1851407,-76,24289,33.55,1,1,16.09,168.1,35544,-18,-1004,74,1006,1,46.3722988,-70.9433092,184.80,23.74,0.60,12,1,19:56:33,00
1851883,-90,24289,33.57,1,1,15.99,167.0,35560,52,-1046,38,1048,1,46.3722593,-70.9433708,184.90,23.04,0.60,12,1,19:56:34,00
1852353,-79,24289,33.59,1,1,15.54,162.3,35575,-62,-942,92,948,1,46.3722593,-70.9433708,184.90,23.04,0.60,12,1,19:56:34,00
1852828,-77,24289,33.65,1,1,15.67,163.6,35591,-9,-995,146,1005,1,46.3722168,-70.9434243,185.00,22.41,0.60,12,1,19:56:35,00
1853383,-77,24289,33.63,1,1,13.25,138.4,35606,-25,-951,145,963,1,46.3722168,-70.9434243,185.00,22.41,0.60,12,1,19:56:35,00
1853842,-80,24289,33.61,1,1,15.61,163.0,35621,84,-873,134,887,1,46.3721705,-70.9434672,185.00,21.96,0.56,12,1,19:56:36,00
1854300,-70,24289,33.67,1,1,15.41,160.9,35636,-24,-887,123,896,1,46.3721705,-70.9434672,185.00,21.96,0.56,12,1,19:56:36,00
1854760,-73,24289,33.68,1,1,14.86,155.2,35650,-55,-1020,142,1031,1,46.3721205,-70.9434980,185.00,21.82,0.56,12,1,19:56:37,00
1855222,-79,24289,33.64,1,1,14.64,152.8,35664,-94,-895,101,906,1,46.3721205,-70.9434980,185.00,21.82,0.56,12,1,19:56:37,00
1855692,-73,24289,33.62,1,1,13.76,143.7,35678,-12,-975,75,978,1,46.3720682,-70.9435178,185.10,21.71,0.61,12,1,19:56:38,00
1856156,-73,24289,33.64,1,1,14.02,146.4,35691,-4,-923,170,938,1,46.3720682,-70.9435178,185.10,21.71,0.61,12,1,19:56:38,00
1856627,-69,24289,33.64,1,1,13.65,142.6,35705,-11,-1068,56,1069,1,46.3720153,-70.9435245,185.10,21.35,0.61,12,1,19:56:39,00
1857097,-67,24289,33.60,1,1,14.32,149.6,35719,-75,-1067,47,1071,1,46.3720153,-70.9435245,185.10,21.35,0.61,12,1,19:56:39,00
1857555,-70,24289,33.66,1,1,14.11,147.4,35732,-31,-983,126,992,1,46.3719628,-70.9435177,185.10,21.19,0.61,12,1,19:56:40,00
1858020,-23,24289,33.59,1,1,14.23,148.6,35746,-136,-995,139,1014,1,46.3719628,-70.9435177,185.10,21.19,0.61,12,1,19:56:40,00
1858489,232,24289,33.52,1,1,14.17,148.0,35760,53,-1049,76,1053,1,46.3719122,-70.9434978,185.00,21.09,0.64,12,1,19:56:41,00
1858958,1891,24289,33.76,1,1,16.13,168.4,35776,-125,-1033,166,1053,1,46.3719122,-70.9434978,185.00,21.09,0.64,12,1,19:56:41,00
1859432,6154,24289,35.32,1,1,14.08,147.1,35790,116,-896,-38,904,1,46.3718645,-70.9434685,185.00,20.74,0.64,12,1,19:56:42,00
1859895,12695,24289,35.92,1,1,13.89,145.1,35803,-21,-889,69,892,1,46.3718645,-70.9434685,184.90,20.74,0.66,12,1,19:56:42,00
1860379,13856,24289,35.81,1,1,13.71,143.1,35817,-23,-1048,54,1050,1,46.3718208,-70.9434312,184.90,20.22,0.66,12,1,19:56:43,00
1860855,12495,24289,36.27,1,1,14.02,146.4,35831,-62,-919,31,921,1,46.3718208,-70.9434312,184.90,20.22,0.66,12,1,19:56:43,00
1861336,12727,24289,35.68,1,1,14.60,152.4,35846,-71,-1005,-4,1007,1,46.3718208,-70.9434312,184.90,20.22,0.66,12,1,19:56:43,00
1861805,12425,24289,36.36,1,1,15.65,163.4,35861,23,-999,120,1006,1,46.3717827,-70.9433865,185.10,19.58,0.60,12,1,19:56:44,00
1862281,11987,24289,35.58,1,1,15.25,159.2,35876,-1,-1023,118,1029,1,46.3717827,-70.9433865,185.10,19.58,0.60,12,1,19:56:44,00
1862764,11660,24289,35.66,1,1,15.79,164.9,35892,-74,-1054,-14,1057,1,46.3717510,-70.9433353,185.10,18.85,0.56,12,1,19:56:45,00
1863235,11477,24289,36.29,1,1,16.06,167.7,35908,53,-1410,38,1412,1,46.3717510,-70.9433353,185.10,18.85,0.56,12,1,19:56:45,00
1863704,11164,24289,35.27,1,1,17.32,180.9,35925,13,-1003,86,1006,1,46.3717263,-70.9432777,185.20,18.54,0.54,12,1,19:56:46,00
1864180,10452,24289,35.70,1,1,15.96,166.7,35941,-88,-960,155,976,1,46.3717263,-70.9432777,185.20,18.54,0.54,12,1,19:56:46,00
1864656,10346,24289,35.59,1,1,16.13,168.4,35957,-13,-1068,17,1068,1,46.3717075,-70.9432162,185.30,18.56,0.56,12,1,19:56:47,00
1865138,9065,24289,35.55,1,1,17.92,187.1,35975,-56,-969,167,985,1,46.3717075,-70.9432162,185.30,18.56,0.56,12,1,19:56:47,00
1865613,9036,24289,35.31,1,1,18.53,193.5,35993,-24,-956,85,960,1,46.3716940,-70.9431523,185.40,18.41,0.56,12,1,19:56:48,00
1866085,9238,24289,35.38,1,1,18.18,189.9,36011,-99,-1044,121,1055,1,46.3716940,-70.9431523,185.40,18.41,0.56,12,1,19:56:48,00
1866558,9146,24289,35.98,1,1,19.44,203.0,36030,-98,-1053,133,1065,1,46.3716868,-70.9430873,185.50,18.21,0.54,12,1,19:56:49,00
1867036,8646,24289,35.27,1,1,17.95,187.5,36048,-62,-912,160,928,1,46.3716868,-70.9430873,185.50,18.21,0.54,12,1,19:56:49,00
1867515,8455,24289,36.17,1,1,18.56,193.9,36067,21,-1069,89,1073,1,46.3716872,-70.9430205,185.50,18.61,0.54,12,1,19:56:50,00
1867990,8138,24289,35.40,1,1,17.17,179.3,36084,73,-1028,50,1032,1,46.3716872,-70.9430205,185.50,18.61,0.54,12,1,19:56:50,00
1868542,7951,24289,34.74,1,1,15.44,161.3,36102,89,-1103,129,1114,1,46.3716955,-70.9429522,185.50,19.52,0.53,12,1,19:56:51,00
1869005,7497,24289,36.21,1,1,15.23,159.1,36116,29,-927,93,933,1,46.3716955,-70.9429522,185.50,19.52,0.53,12,1,19:56:51,00
1869473,7052,24289,36.18,1,1,12.63,131.9,36128,-30,-990,164,1004,1,46.3717122,-70.9428840,185.50,20.32,0.54,12,1,19:56:52,00
1869940,7327,24289,34.75,1,1,11.11,116.0,36139,1,-925,105,931,1,46.3717122,-70.9428840,185.50,20.32,0.54,12,1,19:56:52,00
1870411,7503,24289,35.18,1,1,8.67,90.5,36147,73,-946,65,951,1,46.3717365,-70.9428175,185.50,21.11,0.54,12,1,19:56:53,00
1870878,7332,24289,34.77,1,1,10.51,109.8,36158,-80,-993,168,1010,1,46.3717365,-70.9428175,185.50,21.11,0.53,12,1,19:56:53,00
1871345,7426,24289,35.03,1,1,12.75,133.2,36171,-20,-960,103,966,1,46.3717365,-70.9428175,185.50,21.11,0.53,12,1,19:56:53,00
1871805,7580,24289,35.07,1,1,12.54,131.0,36183,30,-1029,107,1035,1,46.3717673,-70.9427535,185.40,21.95,0.55,12,1,19:56:54,00
1872277,7313,24289,35.09,1,1,18.21,190.2,36200,37,-962,137,972,1,46.3717673,-70.9427535,185.40,21.95,0.55,12,1,19:56:54,00
1872740,6973,24289,36.30,1,1,15.83,165.3,36216,-95,-945,187,969,1,46.3718020,-70.9426895,185.30,22.74,0.53,12,1,19:56:55,00
1873208,7117,24289,34.99,1,1,16.00,167.1,36230,-20,-1050,176,1065,1,46.3718020,-70.9426895,185.30,22.74,0.53,12,1,19:56:55,00
1873670,7405,24289,35.22,1,1,11.35,118.6,36242,38,-936,93,941,1,46.3718378,-70.9426240,185.20,23.35,0.53,12,1,19:56:56,00
1874140,6279,24289,34.40,1,1,7.13,74.5,36249,-43,-901,134,912,1,46.3718378,-70.9426240,185.20,23.35,0.53,12,1,19:56:56,00
1874612,-108,24289,33.90,1,1,9.09,94.9,36258,43,-1002,114,1010,1,46.3718735,-70.9425557,185.20,23.98,0.53,12,1,19:56:57,00
1875079,-94,24289,33.83,1,1,2.19,22.8,36260,38,-918,129,928,1,46.3718735,-70.9425557,185.20,23.98,0.53,12,1,19:56:57,00
1875546,-89,24289,33.89,1,1,2.19,22.8,36260,27,-948,140,959,1,46.3719095,-70.9424850,185.20,24.52,0.53,12,1,19:56:58,00
1876011,-80,24289,33.86,1,1,2.19,22.8,36260,80,-1027,86,1034,1,46.3719095,-70.9424850,185.10,24.52,0.53,12,1,19:56:58,00
1876484,-77,24289,33.87,1,1,0.67,7.0,36262,66,-1014,109,1022,1,46.3719470,-70.9424137,185.10,24.91,0.53,12,1,19:56:59,00
1876959,-70,24289,33.87,1,1,0.67,7.0,36262,88,-998,17,1002,1,46.3719470,-70.9424137,185.00,24.91,0.53,12,1,19:56:59,00
1877423,-68,24289,33.94,1,1,1.52,15.9,36265,-34,-922,97,928,1,46.3719852,-70.9423420,185.00,25.19,0.53,12,1,19:57:00,00
1877887,-60,24289,33.90,1,1,3.70,38.7,36268,40,-997,71,1001,1,46.3719852,-70.9423420,185.00,25.19,0.53,12,1,19:57:00,00
1878358,-32,24289,33.92,1,1,8.44,88.2,36278,-128,-932,136,950,1,46.3719852,-70.9423420,185.00,25.19,0.53,12,1,19:57:00,00
1878835,-56,24289,33.88,1,1,15.61,163.0,36293,99,-1092,39,1097,1,46.3719852,-70.9423420,185.00,25.19,0.53,12,1,19:57:00,00
1879315,-53,24289,33.90,1,1,16.68,174.2,36310,23,-1029,46,1030,1,46.3719852,-70.9423420,185.00,25.19,0.53,12,1,19:57:00,00
1879791,-69,24289,33.88,1,1,16.26,169.9,36326,-71,-984,142,996,1,46.3720643,-70.9421998,185.10,25.37,0.53,12,1,19:57:02,00
1880266,-51,24289,33.91,1,1,16.06,167.7,36342,-89,-958,122,970,1,46.3720643,-70.9421998,185.10,25.37,0.53,12,1,19:57:02,00
1880734,-49,24289,33.95,1,1,15.96,166.7,36358,0,-1002,94,1007,1,46.3721032,-70.9421272,185.10,25.35,0.53,12,1,19:57:03,00
1881203,-45,24289,33.98,1,1,15.51,162.0,36373,-17,-970,37,971,1,46.3721032,-70.9421272,185.10,25.35,0.53,12,1,19:57:03,00
1881678,-54,24289,33.96,1,1,15.22,158.9,36388,17,-974,58,976,1,46.3721413,-70.9420543,185.10,25.22,0.53,12,1,19:57:04,00
1882148,-57,24289,33.91,1,1,15.02,156.9,36403,8,-967,51,968,1,46.3721413,-70.9420543,185.10,25.22,0.53,12,1,19:57:04,00
1882624,-49,24289,33.90,1,1,14.54,151.8,36417,-37,-740,69,744,1,46.3721785,-70.9419828,185.10,24.45,0.53,12,1,19:57:05,00
1883093,-51,24289,33.90,1,1,16.40,171.3,36433,-5,-1048,75,1050,1,46.3721785,-70.9419828,185.10,24.45,0.53,12,1,19:57:05,00
1883631,-49,24289,33.92,1,1,14.08,147.1,36449,42,-1072,-12,1073,1,46.3722157,-70.9419155,185.10,23.50,0.53,12,1,19:57:06,00
1884099,-45,24289,33.90,1,1,16.03,167.4,36465,-26,-973,88,977,1,46.3722157,-70.9419155,185.10,23.50,0.53,12,1,19:57:06,00
1884564,-40,24289,33.94,1,1,15.75,164.5,36480,-62,-927,126,937,1,46.3722550,-70.9418557,185.10,22.63,0.53,12,1,19:57:07,00
1885033,-37,24289,33.96,1,1,16.96,177.1,36497,-29,-900,147,913,1,46.3722550,-70.9418557,185.20,22.63,0.53,12,1,19:57:07,00
1885501,-44,24289,33.95,1,1,11.35,118.5,36508,62,-976,160,991,1,46.3722975,-70.9418045,185.20,21.95,0.53,12,1,19:57:08,00
1885967,-47,24289,33.96,1,1,15.58,162.7,36523,37,-976,129,986,1,46.3722975,-70.9418045,185.10,21.95,0.53,12,1,19:57:08,00
1886446,-44,24289,33.95,1,1,15.67,163.6,36539,-62,-997,117,1006,1,46.3722975,-70.9418045,185.10,21.95,0.53,12,1,19:57:08,00
1886913,-60,24289,33.97,1,1,15.10,157.7,36553,51,-924,114,932,1,46.3723432,-70.9417628,185.10,21.54,0.53,12,1,19:57:09,00
1887380,-40,24289,33.98,1,1,16.68,174.2,36570,-13,-940,138,950,1,46.3723432,-70.9417628,185.10,21.54,0.53,12,1,19:57:09,00
1887843,-41,24289,33.95,1,1,15.61,163.0,36585,40,-921,96,926,1,46.3723917,-70.9417322,185.00,21.11,0.54,12,1,19:57:10,00
1888309,-36,24289,34.03,1,1,13.68,142.9,36598,2,-1012,92,1016,1,46.3723917,-70.9417322,185.00,21.11,0.54,12,1,19:57:10,00
1888782,-48,24289,33.97,1,1,14.08,147.1,36612,-23,-917,89,921,1,46.3724415,-70.9417125,185.00,20.52,0.56,12,1,19:57:11,00
1889251,-46,24289,33.99,1,1,14.20,148.3,36626,33,-976,125,984,1,46.3724415,-70.9417125,185.00,20.52,0.56,12,1,19:57:11,00
1889718,-49,24289,33.94,1,1,14.60,152.5,36640,-6,-957,146,968,1,46.3724913,-70.9417050,185.00,19.93,0.54,12,1,19:57:12,00
1890187,-56,24289,33.95,1,1,15.73,164.3,36656,-5,-967,86,971,1,46.3724913,-70.9417050,185.00,19.93,0.54,12,1,19:57:12,00
1890657,-60,24289,33.93,1,1,14.32,149.6,36670,-60,-913,84,919,1,46.3725402,-70.9417092,185.00,19.41,0.54,12,1,19:57:13,00
1891138,-58,24289,33.94,1,1,7.12,74.3,36677,79,-1022,14,1025,1,46.3725402,-70.9417092,185.00,19.41,0.54,12,1,19:57:13,00
1891613,-39,24289,34.04,1,1,13.44,140.4,36690,-64,-1037,148,1050,1,46.3725868,-70.9417252,184.90,19.06,0.54,12,1,19:57:14,00
1892079,-46,24289,34.01,1,1,11.30,118.0,36701,16,-1008,106,1014,1,46.3725868,-70.9417252,184.90,19.06,0.54,12,1,19:57:14,00
1892564,-39,24289,33.97,1,1,11.63,121.5,36713,-11,-1013,97,1018,1,46.3726308,-70.9417512,184.90,18.87,0.54,12,1,19:57:15,00
1893033,-63,24289,33.94,1,1,14.29,149.3,36727,-30,-1056,125,1064,1,46.3726308,-70.9417512,184.90,18.87,0.54,12,1,19:57:15,00
1893503,58,24289,33.80,1,1,15.22,158.9,36742,0,-1082,146,1091,1,46.3726718,-70.9417845,184.90,18.69,0.54,12,1,19:57:16,00
1893972,487,24289,34.02,1,1,14.17,148.0,36756,-24,-1006,132,1015,1,46.3726718,-70.9417845,184.90,18.69,0.53,12,1,19:57:16,00
1894456,3346,24289,34.54,1,1,17.03,177.8,36773,-84,-1032,132,1043,1,46.3727092,-70.9418237,184.90,18.33,0.53,12,1,19:57:17,00
1894927,9754,24289,35.96,1,1,13.08,136.6,36786,-35,-1085,204,1104,1,46.3727092,-70.9418237,184.90,18.33,0.53,12,1,19:57:17,00
1895397,14203,24289,36.12,1,1,13.27,138.6,36799,-117,-1131,218,1158,1,46.3727092,-70.9418237,184.90,18.33,0.53,12,1,19:57:17,00
1895868,14055,24289,36.18,1,1,13.91,145.2,36813,31,-964,107,970,1,46.3727423,-70.9418678,184.90,17.96,0.56,12,1,19:57:18,00
1896335,11971,24289,36.28,1,1,13.99,146.1,36826,-22,-907,87,912,1,46.3727423,-70.9418678,184.90,17.96,0.56,12,1,19:57:18,00
1896803,12494,24289,36.41,1,1,14.93,155.9,36841,-13,-971,72,973,1,46.3727697,-70.9419180,184.90,17.71,0.56,12,1,19:57:19,00
1897277,12223,24289,35.88,1,1,15.58,162.7,36856,-51,-986,88,992,1,46.3727697,-70.9419180,184.90,17.71,0.56,12,1,19:57:19,00
1897752,11968,24289,35.81,1,1,15.54,162.3,36872,-36,-989,7,990,1,46.3727913,-70.9419733,184.80,17.65,0.56,12,1,19:57:20,00
1898231,11185,24289,35.92,1,1,15.99,167.0,36888,-57,-935,111,944,1,46.3727913,-70.9419733,184.80,17.65,0.56,12,1,19:57:20,00
1898769,10885,24289,35.98,1,1,14.45,150.9,36904,-39,-886,188,907,1,46.3728070,-70.9420328,184.80,17.67,0.56,12,1,19:57:21,00
1899233,10779,24289,36.06,1,1,16.62,173.5,36920,-79,-1051,62,1055,1,46.3728070,-70.9420328,184.80,17.67,0.56,12,1,19:57:21,00
1899694,10898,24289,35.79,1,1,17.14,178.9,36937,-26,-929,30,930,1,46.3728178,-70.9420945,184.80,17.61,0.56,12,1,19:57:22,00
1900158,9480,24289,36.61,1,1,17.14,179.0,36953,47,-980,48,983,1,46.3728178,-70.9420945,184.80,17.61,0.56,12,1,19:57:22,00
1900634,8973,24289,35.97,1,1,18.07,188.7,36971,-19,-955,66,957,1,46.3728235,-70.9421570,184.80,17.61,0.56,12,1,19:57:23,00
1901103,10475,24289,35.89,1,1,16.85,176.0,36988,-54,-943,164,959,1,46.3728235,-70.9421570,184.80,17.61,0.56,12,1,19:57:23,00
1901575,9997,24289,35.44,1,1,18.30,191.1,37006,51,-934,135,945,1,46.3728240,-70.9422195,184.80,17.17,0.56,12,1,19:57:24,00
1902042,8907,24289,35.55,1,1,18.53,193.5,37024,-11,-999,160,1012,1,46.3728240,-70.9422195,184.80,17.17,0.56,12,1,19:57:24,00
1902501,8712,24289,35.66,1,1,18.94,197.8,37042,-50,-993,105,1000,1,46.3728192,-70.9422818,184.80,17.48,0.56,12,1,19:57:25,00
1902963,8932,24289,35.60,1,1,18.78,196.1,37060,-6,-973,128,981,1,46.3728192,-70.9422818,184.80,17.48,0.54,12,1,19:57:25,00
1903426,8680,24289,35.16,1,1,18.38,191.9,37078,-28,-986,90,990,1,46.3728075,-70.9423447,184.80,18.41,0.54,12,1,19:57:26,00
1903892,7727,24289,36.42,1,1,18.57,194.0,37096,23,-974,61,976,1,46.3728075,-70.9423447,184.80,18.41,0.54,12,1,19:57:26,00
1904354,7882,24289,35.48,1,1,18.73,195.7,37114,-113,-965,129,980,1,46.3728075,-70.9423447,184.80,18.41,0.54,12,1,19:57:26,00
1904817,8141,24289,35.07,1,1,19.19,200.4,37133,-50,-908,116,917,1,46.3727868,-70.9424077,184.60,19.87,0.56,12,1,19:57:27,00
1905293,8015,24289,35.21,1,1,19.19,200.4,37152,-22,-1118,152,1128,1,46.3727868,-70.9424077,184.60,19.87,0.56,12,1,19:57:27,00
1905767,7725,24289,35.40,1,1,19.35,202.1,37171,-2,-1006,124,1013,1,46.3727595,-70.9424707,184.50,19.87,0.56,12,1,19:57:28,00
1906242,7389,24289,34.99,1,1,19.31,201.7,37190,-63,-964,66,968,1,46.3727595,-70.9424707,184.50,19.87,0.56,12,1,19:57:28,00
1906709,7772,24289,35.39,1,1,19.31,201.7,37209,64,-972,94,979,1,46.3727280,-70.9425342,184.40,21.96,0.56,12,1,19:57:29,00
1907180,8122,24289,35.14,1,1,19.35,202.1,37228,-69,-990,186,1009,1,46.3727280,-70.9425342,184.40,21.96,0.56,12,1,19:57:29,00
1907653,7518,24289,35.47,1,1,19.40,202.6,37247,44,-1009,131,1019,1,46.3726938,-70.9425982,184.40,22.54,0.60,12,1,19:57:30,00
1908131,8100,24289,35.15,1,1,19.58,204.5,37267,-68,-1048,175,1065,1,46.3726938,-70.9425982,184.40,22.54,0.60,12,1,19:57:30,00
1908610,8449,24289,35.13,1,1,18.11,189.1,37285,16,-1020,139,1030,1,46.3726587,-70.9426637,184.40,23.15,0.56,12,1,19:57:31,00
1909075,8450,24289,35.16,1,1,18.86,196.9,37303,3,-984,154,996,1,46.3726587,-70.9426637,184.40,23.15,0.56,12,1,19:57:31,00
1909560,7749,24289,35.34,1,1,18.49,193.1,37322,-21,-982,80,985,1,46.3726223,-70.9427313,184.40,23.78,0.56,12,1,19:57:32,00
1910042,-119,24289,34.28,1,1,18.95,197.9,37341,-107,-863,120,878,1,46.3726223,-70.9427313,184.40,23.78,0.56,12,1,19:57:32,00
1910519,-111,24289,34.25,1,1,17.24,180.1,37358,41,-938,103,944,1,46.3725857,-70.9428008,184.40,24.34,0.56,12,1,19:57:33,00
1910995,-113,24289,34.22,1,1,18.11,189.1,37376,9,-960,74,962,1,46.3725857,-70.9428008,184.40,24.34,0.56,12,1,19:57:33,00
1911471,-111,24289,34.23,1,1,18.91,197.5,37395,13,-990,135,999,1,46.3725857,-70.9428008,184.40,24.34,0.56,12,1,19:57:33,00
1911952,-104,24289,34.19,1,1,16.68,174.2,37412,-1,-1073,90,1077,1,46.3725473,-70.9428707,184.30,24.80,0.60,12,1,19:57:34,00
1912444,-75,24289,34.30,1,1,14.08,147.1,37426,19,-1004,116,1011,1,46.3725473,-70.9428707,184.30,24.80,0.60,12,1,19:57:34,00
1912919,-76,24289,34.29,1,1,16.85,176.0,37443,23,-991,156,1003,1,46.3725080,-70.9429410,184.30,25.13,0.60,12,1,19:57:35,00
1913396,-71,24289,34.27,1,1,17.32,180.9,37460,-19,-1064,77,1067,1,46.3725080,-70.9429410,184.30,25.13,0.60,12,1,19:57:35,00
1913945,-83,24289,34.19,1,1,14.53,151.8,37477,-1,-993,82,996,1,46.3724682,-70.9430117,184.30,25.28,0.60,12,1,19:57:36,00
1914407,-80,24289,34.22,1,1,16.65,173.9,37493,17,-983,117,990,1,46.3724682,-70.9430117,184.30,25.28,0.60,12,1,19:57:36,00
1914873,-79,24289,34.20,1,1,16.55,172.8,37509,0,-925,73,927,1,46.3724278,-70.9430820,184.40,25.24,0.60,12,1,19:57:37,00
1915341,-65,24289,34.21,1,1,16.44,171.7,37525,-8,-952,72,955,1,46.3724278,-70.9430820,184.40,25.24,0.60,12,1,19:57:37,00
1915807,-64,24289,34.25,1,1,16.33,170.6,37541,-39,-923,-17,924,1,46.3723888,-70.9431530,184.40,25.15,0.60,12,1,19:57:38,00
1916268,-68,24289,34.28,1,1,15.89,165.9,37556,41,-982,53,984,1,46.3723888,-70.9431530,184.40,25.15,0.60,12,1,19:57:38,00
1916733,-81,24289,34.23,1,1,16.20,169.1,37572,-16,-1010,86,1013,1,46.3723507,-70.9432245,184.50,24.98,0.60,12,1,19:57:39,00
1917205,-82,24289,34.30,1,1,16.13,168.4,37588,74,-952,40,955,1,46.3723507,-70.9432245,184.50,24.98,0.60,12,1,19:57:39,00
1917669,-87,24289,34.24,1,1,15.71,164.1,37603,-90,-1047,102,1056,1,46.3723118,-70.9432937,184.60,24.54,0.60,12,1,19:57:40,00
1918140,-84,24289,34.27,1,1,15.93,166.3,37619,-6,-901,136,911,1,46.3723118,-70.9432937,184.60,24.54,0.60,12,1,19:57:40,00
1918601,-80,24289,34.26,1,1,15.54,162.3,37634,-63,-1034,97,1040,1,46.3722713,-70.9433575,184.60,23.84,0.60,12,1,19:57:41,00
1919073,-87,24289,34.27,1,1,15.48,161.6,37649,40,-1072,110,1078,1,46.3722713,-70.9433575,184.70,23.84,0.60,12,1,19:57:41,00
1919553,-94,24289,34.27,1,1,15.09,157.6,37664,-25,-943,67,946,1,46.3722292,-70.9434155,184.70,23.11,0.60,12,1,19:57:42,00
1920018,-94,24289,34.29,1,1,14.64,152.8,37678,-52,-940,84,945,1,46.3722292,-70.9434155,184.70,23.11,0.60,12,1,19:57:42,00
1920490,-87,24289,34.28,1,1,13.85,144.6,37692,-46,-1065,125,1073,1,46.3722292,-70.9434155,184.70,23.11,0.60,12,1,19:57:42,00
1920961,-86,24289,34.26,1,1,12.28,128.2,37704,-20,-830,90,835,1,46.3721840,-70.9434640,184.70,22.34,0.61,12,1,19:57:43,00
1921427,-92,24289,34.24,1,1,15.85,165.6,37719,81,-1012,50,1017,1,46.3721840,-70.9434640,184.70,22.34,0.61,12,1,19:57:43,00
1921898,-84,24289,34.32,1,1,15.93,166.3,37735,29,-992,19,993,1,46.3721353,-70.9435007,184.80,21.87,0.61,12,1,19:57:44,00
1922374,-77,24289,34.32,1,1,15.09,157.6,37750,7,-935,69,937,1,46.3721353,-70.9435007,184.80,21.87,0.61,12,1,19:57:44,00
1922839,-80,24289,34.26,1,1,15.12,157.9,37765,36,-934,113,942,1,46.3720842,-70.9435252,184.80,21.58,0.64,12,1,19:57:45,00
1923308,-63,24289,34.34,1,1,12.28,128.2,37777,40,-953,159,967,1,46.3720842,-70.9435252,184.80,21.58,0.64,12,1,19:57:45,00
1923782,-80,24289,34.26,1,1,14.23,148.6,37791,16,-1013,65,1015,1,46.3720318,-70.9435372,185.00,21.32,0.64,12,1,19:57:46,00
1924257,-65,24289,34.40,1,1,14.29,149.3,37805,-35,-1050,182,1066,1,46.3720318,-70.9435372,185.00,21.32,0.64,12,1,19:57:46,00
1924735,-71,24289,34.30,1,1,13.65,142.6,37819,-132,-991,209,1021,1,46.3719792,-70.9435362,185.10,21.24,0.64,12,1,19:57:47,00
1925207,-67,24289,34.28,1,1,14.35,149.9,37833,-25,-1046,109,1052,1,46.3719792,-70.9435362,185.10,21.24,0.64,12,1,19:57:47,00
1925689,-60,24289,34.32,1,1,12.38,129.3,37845,-49,-884,179,904,1,46.3719282,-70.9435232,185.10,20.84,0.64,12,1,19:57:48,00
1926160,-69,24289,34.28,1,1,14.75,154.0,37860,66,-1111,69,1115,1,46.3719282,-70.9435232,185.10,20.84,0.66,12,1,19:57:48,00
1926637,-66,24289,34.26,1,1,14.93,155.9,37875,-40,-917,122,926,1,46.3718795,-70.9435008,185.10,20.46,0.66,12,1,19:57:49,00
1927107,-69,24289,34.30,1,1,11.40,119.0,37886,-32,-1091,160,1103,1,46.3718795,-70.9435008,185.20,20.46,0.64,12,1,19:57:49,00
1927578,27,24289,34.36,1,1,12.38,129.3,37898,5,-936,196,956,1,46.3718348,-70.9434697,185.20,19.78,0.64,12,1,19:57:50,00
1928051,425,24289,34.41,1,1,14.78,154.3,37913,-16,-930,84,934,1,46.3718348,-70.9434697,185.20,19.78,0.64,12,1,19:57:50,00
1928537,2822,24289,34.66,1,1,13.68,142.9,37927,-98,-1174,172,1191,1,46.3717948,-70.9434305,185.20,19.30,0.64,12,1,19:57:51,00
1929084,9320,24289,36.16,1,1,12.41,129.6,37941,-19,-987,-48,988,1,46.3717948,-70.9434305,185.30,19.30,0.61,12,1,19:57:51,00
1929556,13833,24289,36.51,1,1,14.54,151.8,37955,-44,-945,71,949,1,46.3717605,-70.9433837,185.50,18.82,0.55,12,1,19:57:52,00
1930027,12472,24289,36.76,1,1,14.11,147.4,37969,-35,-974,194,994,1,46.3717605,-70.9433837,185.50,18.82,0.55,12,1,19:57:52,00
1930489,12341,24289,36.43,1,1,14.35,149.9,37983,-52,-915,133,927,1,46.3717327,-70.9433302,185.50,18.52,0.55,12,1,19:57:53,00
1930948,12160,24289,36.53,1,1,16.80,175.4,37999,-51,-913,88,919,1,46.3717327,-70.9433302,185.50,18.52,0.56,12,1,19:57:53,00
1931420,12251,24289,36.36,1,1,18.14,189.5,38017,63,-882,52,886,1,46.3717112,-70.9432713,185.50,18.54,0.56,12,1,19:57:54,00
1931891,11394,24289,36.95,1,1,16.47,172.0,38033,-137,-975,15,985,1,46.3717112,-70.9432713,185.40,18.54,0.56,12,1,19:57:54,00
1932358,11582,24289,36.63,1,1,17.06,178.2,38050,-3,-1023,9,1023,1,46.3716958,-70.9432078,185.40,18.71,0.56,12,1,19:57:55,00
1932819,10631,24289,36.68,1,1,15.38,160.6,38065,-157,-858,88,877,1,46.3716958,-70.9432078,185.40,18.71,0.55,12,1,19:57:55,00
1933281,10944,24289,36.09,1,1,17.69,184.8,38082,21,-1070,160,1082,1,46.3716958,-70.9432078,185.40,18.71,0.55,12,1,19:57:55,00
1933763,10143,24289,36.92,1,1,17.17,179.3,38099,20,-1012,52,1014,1,46.3716958,-70.9432078,185.40,18.71,0.55,12,1,19:57:55,00
1934246,10345,24289,36.33,1,1,16.64,173.8,38116,-95,-937,55,944,1,46.3716958,-70.9432078,185.40,18.71,0.55,12,1,19:57:55,00
1934725,9803,24289,36.09,1,1,16.89,176.3,38133,69,-1004,82,1009,1,46.3716833,-70.9430735,185.40,18.71,0.53,12,1,19:57:57,00
1935206,10218,24289,35.52,1,1,17.17,179.3,38150,-70,-897,133,910,1,46.3716833,-70.9430735,185.40,18.71,0.53,12,1,19:57:57,00
1935676,8806,24289,35.88,1,1,18.45,192.7,38168,-7,-946,159,959,1,46.3716862,-70.9430058,185.40,18.67,0.53,12,1,19:57:58,00
1936155,8731,24289,36.78,1,1,17.62,184.0,38186,-34,-934,96,940,1,46.3716862,-70.9430058,185.40,18.67,0.53,12,1,19:57:58,00
1936639,9124,24289,35.60,1,1,16.96,177.1,38203,22,-1009,184,1026,1,46.3716947,-70.9429392,185.40,18.69,0.53,12,1,19:57:59,00
1937119,8273,24289,36.12,1,1,17.35,181.2,38220,35,-920,69,923,1,46.3716947,-70.9429392,185.40,18.69,0.53,12,1,19:57:59,00
1937590,8436,24289,35.88,1,1,19.87,207.5,38240,-19,-940,77,943,1,46.3717103,-70.9428737,185.40,19.41,0.53,12,1,19:58:00,00
1938072,8345,24289,35.58,1,1,16.99,177.5,38257,-28,-910,102,916,1,46.3717103,-70.9428737,185.40,19.41,0.53,12,1,19:58:00,00
1938554,8234,24289,35.77,1,1,16.80,175.4,38273,12,-635,190,663,1,46.3717332,-70.9428095,185.40,20.19,0.53,12,1,19:58:01,00
1939022,8261,24289,36.03,1,1,17.52,182.9,38291,43,-886,181,906,1,46.3717332,-70.9428095,185.50,20.19,0.53,12,1,19:58:01,00
1939493,7799,24289,35.79,1,1,18.91,197.5,38310,-67,-1029,201,1051,1,46.3717332,-70.9428095,185.50,20.19,0.53,12,1,19:58:01,00
1939962,8030,24289,35.76,1,1,18.38,191.9,38328,-36,-949,130,958,1,46.3717625,-70.9427475,185.40,21.08,0.53,12,1,19:58:02,00
1940430,7966,24289,35.93,1,1,17.66,184.4,38345,-39,-935,164,950,1,46.3717625,-70.9427475,185.40,21.08,0.53,12,1,19:58:02,00
1940910,8196,24289,36.94,1,1,18.45,192.7,38363,-19,-994,142,1004,1,46.3717625,-70.9427475,185.40,21.08,0.53,12,1,19:58:02,00
1941391,7296,24289,36.83,1,1,18.49,193.1,38382,-32,-984,115,991,1,46.3717625,-70.9427475,185.40,21.08,0.53,12,1,19:58:02,00
1941861,8003,24289,35.59,1,1,21.08,220.1,38403,-81,-968,156,984,1,46.3718293,-70.9426208,185.30,22.54,0.53,12,1,19:58:04,00
1942335,7692,24289,36.13,1,1,17.49,182.6,38419,-41,-1027,170,1042,1,46.3718293,-70.9426208,185.30,22.54,0.53,12,1,19:58:04,00
1942815,7290,24289,35.47,1,1,15.84,165.4,38436,-47,-988,132,998,1,46.3718650,-70.9425552,185.20,23.28,0.53,12,1,19:58:05,00
1943303,-109,24289,34.62,1,1,19.23,200.8,38455,-41,-871,161,887,1,46.3718650,-70.9425552,185.20,23.28,0.53,12,1,19:58:05,00
1943782,-116,24289,34.59,1,1,16.40,171.3,38471,-34,-935,165,950,1,46.3719022,-70.9424880,185.10,23.28,0.53,12,1,19:58:06,00
1944328,-93,24289,34.62,1,1,12.51,130.7,38486,-88,-938,158,955,1,46.3719022,-70.9424880,185.10,23.28,0.53,12,1,19:58:06,00
1944792,-81,24289,34.56,1,1,12.69,132.5,38497,-4,-1010,54,1011,1,46.3719398,-70.9424187,185.00,24.59,0.53,12,1,19:58:07,00
1945264,-76,24289,34.63,1,1,14.64,152.8,38504,-124,-980,165,1001,1,46.3719398,-70.9424187,185.00,24.59,0.53,12,1,19:58:07,00
1945724,-73,24289,34.56,1,1,5.57,58.1,38512,18,-952,73,955,1,46.3719778,-70.9423482,185.00,24.89,0.53,12,1,19:58:08,00
1946190,-83,24289,34.56,1,1,1.95,20.4,38514,7,-1016,99,1021,1,46.3719778,-70.9423482,185.00,24.89,0.53,12,1,19:58:08,00
1946656,-82,24289,34.54,1,1,5.06,52.9,38519,-50,-933,100,940,1,46.3720163,-70.9422772,184.90,25.04,0.53,12,1,19:58:09,00
1947124,-78,24289,34.55,1,1,8.67,90.5,38528,-11,-1028,58,1030,1,46.3720163,-70.9422772,184.90,25.04,0.53,12,1,19:58:09,00
1947587,-62,24289,34.58,1,1,4.28,44.7,38532,-12,-911,77,915,1,46.3720553,-70.9422060,184.90,25.09,0.53,12,1,19:58:10,00
1948060,-59,24289,34.58,1,1,7.40,77.3,38539,-10,-935,112,942,1,46.3720553,-70.9422060,185.00,25.09,0.53,12,1,19:58:10,00
1948526,-49,24289,34.56,1,1,3.87,40.4,38543,-113,-931,96,943,1,46.3720553,-70.9422060,185.00,25.09,0.53,12,1,19:58:10,00
1948989,-52,24289,34.58,1,1,9.45,98.7,38546,16,-1021,24,1022,1,46.3720940,-70.9421345,185.00,25.11,0.53,12,1,19:58:11,00
1949464,-59,24289,34.63,1,1,1.45,15.2,38547,22,-986,21,986,1,46.3720940,-70.9421345,185.00,25.11,0.53,12,1,19:58:11,00
1949929,-61,24289,34.62,1,1,2.18,22.7,38551,-26,-959,151,971,1,46.3721327,-70.9420632,185.00,25.08,0.53,12,1,19:58:12,00
1950402,-63,24289,34.58,1,1,3.16,33.0,38554,-86,-932,87,940,1,46.3721327,-70.9420632,185.00,25.08,0.53,12,1,19:58:12,00
1950864,-67,24289,34.63,1,1,5.46,57.0,38560,-37,-929,101,935,1,46.3721708,-70.9419917,184.90,24.82,0.53,12,1,19:58:13,00
1951332,-52,24289,34.61,1,1,11.47,119.8,38571,4,-949,95,954,1,46.3721708,-70.9419917,184.90,24.82,0.53,12,1,19:58:13,00
1951797,-61,24289,34.60,1,1,2.05,21.4,38573,-35,-1041,48,1042,1,46.3722080,-70.9419227,184.90,23.84,0.53,12,1,19:58:14,00
1952264,-49,24289,34.62,1,1,4.55,47.5,38577,8,-944,127,952,1,46.3722080,-70.9419227,184.90,23.84,0.53,12,1,19:58:14,00
1952744,-58,24289,34.59,1,1,4.92,51.3,38582,69,-1020,88,1026,1,46.3722470,-70.9418600,184.90,22.89,0.53,12,1,19:58:15,00
1953218,-58,24289,34.62,1,1,6.47,67.6,38584,12,-971,135,981,1,46.3722470,-70.9418600,184.90,22.89,0.53,12,1,19:58:15,00
1953692,-63,24289,34.58,1,1,6.47,67.6,38584,36,-930,167,945,1,46.3722893,-70.9418062,184.90,22.32,0.53,12,1,19:58:16,00
1954159,-60,24289,34.59,1,1,0.40,4.2,38585,-22,-955,154,967,1,46.3722893,-70.9418062,184.90,22.32,0.53,12,1,19:58:16,00
1954625,-58,24289,34.61,1,1,2.02,21.1,38587,6,-990,108,996,1,46.3723345,-70.9417617,184.90,21.71,0.53,12,1,19:58:17,00
1955105,-60,24289,34.62,1,1,2.58,26.9,38590,19,-981,80,984,1,46.3723345,-70.9417617,184.80,21.71,0.53,12,1,19:58:17,00
1955579,-55,24289,34.65,1,1,4.18,43.7,38594,96,-943,121,955,1,46.3723823,-70.9417278,184.80,21.08,0.53,12,1,19:58:18,00
1956052,-57,24289,34.62,1,1,2.85,29.8,38597,-16,-947,138,957,1,46.3723823,-70.9417278,184.80,21.08,0.53,12,1,19:58:18,00
1956518,-55,24289,34.65,1,1,2.85,29.8,38597,29,-1034,90,1038,1,46.3723823,-70.9417278,184.80,21.08,0.53,12,1,19:58:18,00
1956995,-64,24289,34.62,1,1,2.05,21.4,38600,-84,-1029,150,1043,1,46.3724318,-70.9417068,184.80,20.52,0.56,12,1,19:58:19,00
1957476,-50,24289,34.65,1,1,0.63,6.6,38601,-18,-1036,-11,1036,1,46.3724318,-70.9417068,184.80,20.52,0.56,12,1,19:58:19,00
1957951,-52,24289,34.61,1,1,8.71,90.9,38602,-35,-962,98,967,1,46.3724818,-70.9416988,184.70,20.04,0.54,12,1,19:58:20,00
1958422,-53,24289,34.62,1,1,0.58,6.0,38603,-6,-935,109,942,1,46.3724818,-70.9416988,184.70,20.04,0.54,12,1,19:58:20,00
1958890,-61,24289,34.71,1,1,0.58,6.0,38603,2,-920,117,927,1,46.3725315,-70.9417033,184.70,19.78,0.53,12,1,19:58:21,00
1959432,-58,24289,34.62,1,1,0.58,6.0,38603,-46,-1017,28,1019,1,46.3725315,-70.9417033,184.70,19.78,0.53,12,1,19:58:21,00
1959905,-59,24289,34.62,1,1,0.58,6.0,38603,-29,-1029,168,1043,1,46.3725793,-70.9417195,184.70,19.54,0.53,12,1,19:58:22,00
1960370,-53,24289,34.62,1,1,0.00,0.0,38603,25,-1006,99,1011,1,46.3725793,-70.9417195,184.70,19.54,0.53,12,1,19:58:22,00
1960831,-57,24289,34.60,1,1,0.00,0.0,38603,39,-1112,50,1114,1,46.3726248,-70.9417453,184.70,19.41,0.53,12,1,19:58:23,00
1961302,-57,24289,34.66,1,1,7.31,76.4,38608,-44,-1083,104,1089,1,46.3726248,-70.9417453,184.70,19.41,0.53,12,1,19:58:23,00
1961758,-59,24289,34.60,1,1,3.46,36.2,38612,-17,-954,211,977,1,46.3726677,-70.9417775,184.70,19.13,0.53,12,1,19:58:24,00
1962223,-63,24289,34.63,1,1,5.84,61.0,38613,10,-952,111,958,1,46.3726677,-70.9417775,184.70,19.13,0.53,12,1,19:58:24,00
1962684,-59,24289,34.59,1,1,2.19,22.9,38617,-150,-857,222,898,1,46.3727067,-70.9418157,184.70,18.71,0.53,12,1,19:58:25,00
1963147,-62,24289,34.69,1,1,26.97,281.7,38621,69,-913,127,925,1,46.3727067,-70.9418157,184.70,18.71,0.53,12,1,19:58:25,00
1963614,134,24289,34.67,1,1,3.25,33.9,38625,-46,-948,162,963,1,46.3727407,-70.9418600,184.70,18.32,0.53,12,1,19:58:26,00
1964079,1600,24289,35.88,1,1,0.68,7.1,38626,53,-906,109,914,1,46.3727407,-70.9418600,184.80,18.32,0.53,12,1,19:58:26,00
1964549,4743,24289,36.72,1,1,11.04,115.3,38637,0,-1050,65,1052,1,46.3727690,-70.9419108,184.80,18.11,0.53,12,1,19:58:27,00
1965015,12015,24289,36.61,1,1,13.68,142.9,38651,-53,-937,125,947,1,46.3727690,-70.9419108,184.80,18.11,0.53,12,1,19:58:27,00
1965480,14750,24289,36.89,1,1,14.26,148.9,38665,-25,-974,102,980,1,46.3727690,-70.9419108,184.80,18.11,0.53,12,1,19:58:27,00
1965942,12897,24289,37.16,1,1,14.90,155.6,38679,36,-992,67,995,1,46.3727917,-70.9419665,184.80,17.93,0.53,12,1,19:58:28,00
1966404,12502,24289,37.12,1,1,15.58,162.7,38694,-78,-1003,24,1007,1,46.3727917,-70.9419665,184.80,17.93,0.53,12,1,19:58:28,00
1966870,11758,24289,37.21,1,1,16.26,169.9,38710,-127,-893,142,913,1,46.3728090,-70.9420258,184.80,17.82,0.53,12,1,19:58:29,00
1967334,11973,24289,36.55,1,1,16.65,173.9,38726,-22,-979,73,982,1,46.3728090,-70.9420258,184.80,17.82,0.53,12,1,19:58:29,00
1967800,11112,24289,37.11,1,1,18.11,189.1,38744,6,-1013,-73,1016,1,46.3728210,-70.9420875,184.80,17.67,0.53,12,1,19:58:30,00
1968263,11429,24289,36.50,1,1,19.69,205.6,38763,-52,-907,72,911,1,46.3728210,-70.9420875,184.80,17.67,0.53,12,1,19:58:30,00
1968726,10876,24289,36.52,1,1,18.02,188.2,38779,-96,-1003,99,1012,1,46.3728273,-70.9421502,184.90,17.41,0.53,12,1,19:58:31,00
1969204,10265,24289,36.50,1,1,15.32,160.0,38795,-24,-1055,73,1057,1,46.3728273,-70.9421502,184.90,17.41,0.53,12,1,19:58:31,00
1969666,9420,24289,37.22,1,1,17.32,180.9,38812,49,-950,113,958,1,46.3728278,-70.9422127,184.90,17.24,0.53,12,1,19:58:32,00
1970131,10606,24289,36.52,1,1,17.62,184.0,38829,19,-946,12,946,1,46.3728278,-70.9422127,184.80,17.24,0.54,12,1,19:58:32,00
1970599,9065,24289,36.35,1,1,17.14,178.9,38846,-1,-938,164,952,1,46.3728223,-70.9422747,184.80,17.26,0.54,12,1,19:58:33,00
1971070,9658,24289,36.59,1,1,15.96,166.7,38861,-138,-917,239,958,1,46.3728223,-70.9422747,184.80,17.26,0.54,12,1,19:58:33,00
1971551,9186,24289,37.17,1,1,14.22,148.5,38876,54,-1072,119,1080,1,46.3728107,-70.9423352,184.80,17.32,0.54,12,1,19:58:34,00
1972022,8554,24289,37.24,1,1,13.59,141.9,38889,-2,-1052,139,1061,1,46.3728107,-70.9423352,184.70,17.32,0.54,12,1,19:58:34,00
1972496,9170,24289,36.09,1,1,8.93,93.2,38897,-36,-944,91,949,1,46.3727920,-70.9423942,184.70,18.22,0.54,12,1,19:58:35,00
1972972,8916,24289,36.09,1,1,9.00,94.0,38907,-65,-926,130,938,1,46.3727920,-70.9423942,184.70,18.22,0.54,12,1,19:58:35,00
1973442,8599,24289,37.05,1,1,7.24,75.6,38914,-116,-956,169,978,1,46.3727920,-70.9423942,184.70,18.22,0.54,12,1,19:58:35,00
1973921,8547,24289,36.01,1,1,8.55,89.3,38922,4,-918,124,926,1,46.3727672,-70.9424543,184.70,19.91,0.54,12,1,19:58:36,00
1974466,8336,24289,36.16,1,1,9.21,96.2,38933,-37,-991,86,996,1,46.3727672,-70.9424543,184.70,19.91,0.54,12,1,19:58:36,00
1974926,8417,24289,36.20,1,1,8.89,92.8,38941,5,-1004,115,1010,1,46.3727383,-70.9425152,184.60,20.71,0.56,12,1,19:58:37,00
1975390,8406,24289,36.36,1,1,8.90,93.0,38950,26,-1029,67,1032,1,46.3727383,-70.9425152,184.60,20.71,0.56,12,1,19:58:37,00
1975857,8669,24289,36.05,1,1,6.02,62.9,38956,-39,-941,46,943,1,46.3727062,-70.9425762,184.50,21.46,0.56,12,1,19:58:38,00
1976330,8092,24289,37.28,1,1,7.88,82.3,38964,-2,-956,178,972,1,46.3727062,-70.9425762,184.50,21.46,0.56,12,1,19:58:38,00
1976795,8985,24289,35.99,1,1,7.45,77.8,38971,-34,-844,100,851,1,46.3726722,-70.9426378,184.40,22.19,0.56,12,1,19:58:39,00
1977261,8744,24289,36.22,1,1,12.85,134.2,38983,-45,-1047,154,1060,1,46.3726722,-70.9426378,184.40,22.19,0.56,12,1,19:58:39,00
1977729,7934,24289,37.16,1,1,9.52,99.4,38993,6,-980,148,992,1,46.3726373,-70.9427018,184.40,22.84,0.55,12,1,19:58:40,00
1978194,8644,24289,36.03,1,1,8.85,92.4,39001,-18,-993,115,1000,1,46.3726373,-70.9427018,184.40,22.84,0.55,12,1,19:58:40,00
1978663,8257,24289,36.97,1,1,12.81,133.7,39014,-77,-860,141,875,1,46.3726025,-70.9427688,184.40,23.50,0.55,12,1,19:58:41,00
1979124,8082,24289,37.12,1,1,16.47,172.0,39030,35,-914,75,918,1,46.3726025,-70.9427688,184.30,23.50,0.56,12,1,19:58:41,00
1979590,8663,24289,35.90,1,1,13.47,140.7,39043,74,-951,39,955,1,46.3725663,-70.9428372,184.30,24.04,0.56,12,1,19:58:42,00
1980058,-131,24289,34.90,1,1,15.83,165.3,39059,23,-958,40,959,1,46.3725663,-70.9428372,184.20,24.04,0.56,12,1,19:58:42,00
1980525,-130,24289,34.94,1,1,13.83,144.4,39072,6,-1016,108,1022,1,46.3725663,-70.9428372,184.20,24.04,0.56,12,1,19:58:42,00
1981002,-126,24289,34.88,1,1,13.68,142.9,39086,-52,-962,92,968,1,46.3725293,-70.9429065,184.20,24.39,0.60,12,1,19:58:43,00
1981474,-126,24289,34.92,1,1,11.68,122.0,39096,-4,-929,85,933,1,46.3725293,-70.9429065,184.20,24.39,0.60,12,1,19:58:43,00
1981944,-113,24289,34.94,1,1,9.19,96.0,39106,-52,-965,66,969,1,46.3724920,-70.9429765,184.10,24.59,0.60,12,1,19:58:44,00
1982415,-114,24289,34.96,1,1,11.02,115.1,39117,-59,-1067,136,1078,1,46.3724920,-70.9429765,184.10,24.59,0.60,12,1,19:58:44,00
1982883,-115,24289,34.91,1,1,7.24,75.6,39124,-39,-1047,53,1049,1,46.3724543,-70.9430468,184.20,24.59,0.60,12,1,19:58:45,00
1983361,-107,24289,34.92,1,1,8.22,85.8,39132,19,-1046,70,1049,1,46.3724543,-70.9430468,184.20,24.59,0.60,12,1,19:58:45,00
1983828,-106,24289,34.93,1,1,5.89,61.5,39138,-4,-959,88,963,1,46.3724167,-70.9431163,184.20,24.48,0.60,12,1,19:58:46,00
1984297,-105,24289,34.96,1,1,8.18,85.5,39146,16,-958,68,960,1,46.3724167,-70.9431163,184.20,24.48,0.60,12,1,19:58:46,00
1984770,-105,24289,34.90,1,1,7.58,79.2,39153,1,-914,35,915,1,46.3723780,-70.9431850,184.30,24.52,0.60,12,1,19:58:47,00
1985240,-99,24289,34.95,1,1,6.72,70.1,39160,58,-968,15,970,1,46.3723780,-70.9431850,184.30,24.52,0.60,12,1,19:58:47,00
1985708,-107,24289,34.92,1,1,8.36,87.3,39167,34,-985,19,986,1,46.3723382,-70.9432525,184.40,24.59,0.60,12,1,19:58:48,00
1986175,-101,24289,34.90,1,1,1.86,19.5,39169,62,-1033,49,1036,1,46.3723382,-70.9432525,184.40,24.59,0.60,12,1,19:58:48,00
1986644,-104,24289,34.88,1,1,10.47,109.4,39177,12,-973,78,976,1,46.3722973,-70.9433183,184.40,24.50,0.60,12,1,19:58:49,00
1987123,-112,24289,34.87,1,1,5.15,53.8,39183,49,-1075,79,1079,1,46.3722973,-70.9433183,184.40,24.50,0.60,12,1,19:58:49,00
1987601,-112,24289,34.91,1,1,3.87,40.4,39187,37,-1050,89,1055,1,46.3722542,-70.9433808,184.40,24.48,0.60,12,1,19:58:50,00
1988089,-112,24289,34.90,1,1,3.87,40.4,39187,25,-964,128,973,1,46.3722542,-70.9433808,184.40,24.48,0.60,12,1,19:58:50,00
1988563,-110,24289,34.96,1,1,1.53,15.9,39190,7,-997,77,1000,1,46.3722083,-70.9434360,184.40,23.78,0.60,12,1,19:58:51,00
1989042,-102,24289,34.93,1,1,1.53,15.9,39190,-80,-913,139,927,1,46.3722083,-70.9434360,184.40,23.78,0.60,12,1,19:58:51,00
1989593,-104,24289,34.92,1,1,1.53,15.9,39190,-87,-947,126,959,1,46.3721595,-70.9434815,184.40,23.17,0.60,12,1,19:58:52,00
1990058,-92,24289,34.95,1,1,0.75,7.9,39192,-51,-982,118,991,1,46.3721595,-70.9434815,184.80,23.17,0.60,12,1,19:58:52,00
1990528,-90,24289,34.97,1,1,1.57,16.4,39194,26,-953,73,956,1,46.3721595,-70.9434815,184.80,23.17,0.60,12,1,19:58:52,00
1991002,-89,24289,34.92,1,1,5.62,58.7,39196,2,-946,124,954,1,46.3721077,-70.9435147,184.90,22.54,0.61,12,1,19:58:53,00
1991470,-95,24289,34.91,1,1,3.05,31.9,39200,-43,-1035,92,1040,1,46.3721077,-70.9435147,184.90,22.54,0.61,12,1,19:58:53,00
1991940,-85,24289,34.89,1,1,3.05,31.9,39200,17,-904,50,906,1,46.3721077,-70.9435147,184.90,22.54,0.61,12,1,19:58:53,00
1992404,-79,24289,34.93,1,1,1.13,11.8,39202,70,-972,111,981,1,46.3721077,-70.9435147,184.90,22.54,0.61,12,1,19:58:53,00
1992879,-73,24289,34.94,1,1,1.13,11.8,39202,79,-1031,-46,1035,1,46.3719995,-70.9435395,185.20,21.72,0.64,12,1,19:58:55,00
1993345,-62,24289,34.91,1,1,1.13,11.8,39202,-116,-858,126,875,1,46.3719995,-70.9435395,185.20,21.72,0.64,12,1,19:58:55,00
1993813,-68,24289,34.96,1,1,0.66,6.9,39204,35,-901,64,904,1,46.3719465,-70.9435313,185.10,21.30,0.66,12,1,19:58:56,00
1994278,-61,24289,35.03,1,1,2.10,21.9,39206,-36,-947,154,960,1,46.3719465,-70.9435313,185.10,21.30,0.66,12,1,19:58:56,00
1994744,2,24289,34.90,1,1,1.36,14.2,39207,-92,-961,197,986,1,46.3718963,-70.9435095,185.00,21.04,0.66,12,1,19:58:57,00
1995220,263,24289,35.20,1,1,0.81,8.4,39208,-48,-944,110,951,1,46.3718963,-70.9435095,185.00,21.04,0.66,12,1,19:58:57,00
1995690,2135,24289,35.25,1,1,0.61,6.4,39209,10,-944,66,947,1,46.3718485,-70.9434768,185.30,21.24,0.64,12,1,19:58:58,00
1996158,6734,24289,36.18,1,1,10.66,111.3,39220,89,-1000,34,1004,1,46.3718485,-70.9434768,185.30,21.24,0.64,12,1,19:58:58,00
1996621,12714,24289,37.59,1,1,17.81,186.0,39237,-89,-1011,105,1020,1,46.3718057,-70.9434357,185.50,20.46,0.60,12,1,19:58:59,00
1997097,11920,24289,37.47,1,1,15.99,167.0,39253,-51,-1013,105,1020,1,46.3718057,-70.9434357,185.50,20.46,0.60,12,1,19:58:59,00
1997570,11818,24289,37.51,1,1,16.26,169.9,39269,-31,-1085,-77,1088,1,46.3717680,-70.9433873,185.50,20.08,0.60,12,1,19:59:00,00
1998043,11282,24289,37.43,1,1,12.86,134.3,39282,-122,-1021,146,1038,1,46.3717680,-70.9433873,185.70,20.08,0.58,12,1,19:59:00,00
1998511,10387,24289,37.46,1,1,9.53,99.6,39291,41,-970,152,982,1,46.3717363,-70.9433328,185.70,19.61,0.58,12,1,19:59:01,00
1998982,11121,24289,36.99,1,1,8.18,85.5,39299,9,-828,64,830,1,46.3717363,-70.9433328,185.80,19.61,0.56,12,1,19:59:01,00
1999462,11265,24289,36.51,1,1,14.90,155.6,39314,-29,-1032,236,1059,1,46.3717113,-70.9432728,185.80,19.32,0.56,12,1,19:59:02,00
1999941,10734,24289,36.66,1,1,11.42,119.3,39325,28,-1025,77,1028,1,46.3717113,-70.9432728,185.80,19.32,0.56,12,1,19:59:02,00
2000413,9393,24289,36.72,1,1,6.64,69.3,39332,32,-925,104,932,1,46.3717113,-70.9432728,185.80,19.32,0.56,12,1,19:59:02,00
2000890,8803,24289,36.74,1,1,7.00,73.1,39339,10,-846,117,854,1,46.3717113,-70.9432728,185.80,19.32,0.56,12,1,19:59:02,00
2001364,10191,24289,36.41,1,1,3.44,35.9,39342,9,-862,157,877,1,46.3717113,-70.9432728,185.80,19.32,0.56,12,1,19:59:02,00
2001842,9475,24289,37.27,1,1,3.04,31.7,39345,13,-956,131,965,1,46.3716833,-70.9431408,185.60,19.28,0.53,12,1,19:59:04,00
2002315,9511,24289,36.43,1,1,1.98,20.7,39347,158,-1184,238,1218,1,46.3716833,-70.9431408,185.60,19.28,0.53,12,1,19:59:04,00
2002794,8617,24289,36.78,1,1,4.89,51.0,39348,-76,-917,73,923,1,46.3716833,-70.9431408,185.60,19.28,0.53,12,1,19:59:04,00
2003271,9290,24289,36.36,1,1,2.12,22.1,39352,18,-1023,106,1029,1,46.3716833,-70.9431408,185.60,19.28,0.53,12,1,19:59:04,00
2003748,9102,24289,36.22,1,1,12.94,135.1,39357,-123,-1004,223,1036,1,46.3716838,-70.9430017,185.60,19.30,0.53,12,1,19:59:06,00
2004231,8003,24289,37.42,1,1,4.62,48.2,39364,-22,-1073,170,1086,1,46.3716838,-70.9430017,185.60,19.30,0.53,12,1,19:59:06,00
2004774,8805,24289,36.22,1,1,5.63,58.8,39371,72,-1042,116,1051,1,46.3716957,-70.9429323,185.50,20.04,0.53,12,1,19:59:07,00
2005239,8343,24289,36.01,1,1,9.81,102.5,39380,-14,-952,104,958,1,46.3716957,-70.9429323,185.50,20.04,0.53,12,1,19:59:07,00
2005703,8224,24289,35.90,1,1,9.54,99.6,39389,-124,-1005,144,1022,1,46.3717155,-70.9428635,185.40,20.93,0.53,12,1,19:59:08,00
2006172,7935,24289,37.44,1,1,6.83,71.3,39396,-204,-1010,160,1043,1,46.3717155,-70.9428635,185.40,20.93,0.53,12,1,19:59:08,00
2006629,7796,24289,36.53,1,1,7.13,74.5,39403,-37,-862,110,870,1,46.3717428,-70.9427967,185.20,21.74,0.53,12,1,19:59:09,00
2007092,7728,24289,37.51,1,1,7.48,78.1,39410,12,-891,104,897,1,46.3717428,-70.9427967,185.20,21.74,0.53,12,1,19:59:09,00
2007552,7411,24289,36.23,1,1,9.15,95.5,39419,-14,-1022,95,1026,1,46.3717752,-70.9427312,185.20,22.48,0.53,12,1,19:59:10,00
2008015,7421,24289,36.32,1,1,12.54,131.0,39431,18,-1015,142,1025,1,46.3717752,-70.9427312,185.10,22.48,0.53,12,1,19:59:10,00
2008479,7424,24289,36.25,1,1,10.50,109.6,39441,38,-1025,113,1032,1,46.3717752,-70.9427312,185.10,22.48,0.53,12,1,19:59:10,00
2008940,7918,24289,36.32,1,1,4.19,43.8,39445,4,-1070,128,1078,1,46.3718093,-70.9426652,185.00,22.98,0.53,12,1,19:59:11,00
2009409,7776,24289,36.32,1,1,8.13,84.9,39453,18,-966,111,973,1,46.3718093,-70.9426652,185.00,22.98,0.53,12,1,19:59:11,00
2009885,7493,24289,37.44,1,1,10.04,104.9,39462,18,-985,163,999,1,46.3718443,-70.9425977,184.90,23.54,0.53,12,1,19:59:12,00
2010356,6303,24289,35.94,1,1,4.58,47.8,39467,-18,-918,156,932,1,46.3718443,-70.9425977,184.90,23.54,0.53,12,1,19:59:12,00
2010838,-130,24289,35.27,1,1,13.68,142.9,39472,62,-1021,148,1033,1,46.3718803,-70.9425283,184.80,23.54,0.53,12,1,19:59:13,00
2011311,-113,24289,35.28,1,1,13.68,142.9,39472,6,-1022,19,1022,1,46.3718803,-70.9425283,184.80,23.54,0.53,12,1,19:59:13,00
2011778,-123,24289,35.26,1,1,13.68,142.9,39472,-50,-970,136,981,1,46.3719173,-70.9424578,184.70,24.67,0.53,12,1,19:59:14,00
2012252,-110,24289,35.25,1,1,13.68,142.9,39472,-26,-948,111,955,1,46.3719173,-70.9424578,184.70,24.67,0.53,12,1,19:59:14,00
2012734,-104,24289,35.24,1,1,13.68,142.9,39473,46,-997,139,1008,1,46.3719553,-70.9423865,184.60,24.67,0.53,12,1,19:59:15,00
2013212,-104,24289,35.26,1,1,13.68,142.9,39473,38,-966,143,977,1,46.3719553,-70.9423865,184.60,24.67,0.53,12,1,19:59:15,00
2013674,-95,24289,35.20,1,1,2.89,30.2,39479,24,-932,104,938,1,46.3719943,-70.9423152,184.50,25.24,0.53,12,1,19:59:16,00
2014149,-89,24289,35.25,1,1,2.89,30.2,39479,19,-926,68,929,1,46.3719943,-70.9423152,184.50,25.24,0.53,12,1,19:59:16,00
2014620,-100,24289,35.22,1,1,2.57,26.9,39484,20,-979,53,981,1,46.3720342,-70.9422440,184.50,25.39,0.53,12,1,19:59:17,00
2015088,-95,24289,35.25,1,1,1.77,18.5,39486,53,-1069,46,1071,1,46.3720342,-70.9422440,184.50,25.39,0.53,12,1,19:59:17,00
2015549,-89,24289,35.24,1,1,1.77,18.5,39486,28,-988,77,992,1,46.3720740,-70.9421723,184.50,25.48,0.53,12,1,19:59:18,00
2016018,-88,24289,35.23,1,1,0.72,7.5,39487,-121,-990,107,1003,1,46.3720740,-70.9421723,184.50,25.48,0.53,12,1,19:59:18,00
2016493,-82,24289,35.23,1,1,2.74,28.6,39491,-47,-990,134,1000,1,46.3720740,-70.9421723,184.50,25.48,0.53,12,1,19:59:18,00
2016963,-86,24289,35.24,1,1,2.74,28.6,39491,71,-1045,65,1050,1,46.3721140,-70.9421003,184.50,25.58,0.53,12,1,19:59:19,00
2017433,-81,24289,35.24,1,1,1.40,14.6,39493,-38,-989,40,991,1,46.3721140,-70.9421003,184.50,25.58,0.53,12,1,19:59:19,00
2017899,-82,24289,35.30,1,1,1.87,19.5,39496,-47,-968,133,978,1,46.3721538,-70.9420283,184.50,25.45,0.53,12,1,19:59:20,00
2018370,-75,24289,35.26,1,1,9.03,94.3,39499,-61,-994,32,997,1,46.3721538,-70.9420283,184.50,25.45,0.53,12,1,19:59:20,00
2018841,-79,24289,35.22,1,1,0.67,7.0,39500,3,-970,98,975,1,46.3721928,-70.9419570,184.50,24.87,0.53,12,1,19:59:21,00
2019316,-68,24289,35.31,1,1,1.03,10.8,39501,79,-841,79,849,1,46.3721928,-70.9419570,184.50,24.87,0.53,12,1,19:59:21,00
2019851,-66,24289,35.26,1,1,2.92,30.5,39502,96,-904,92,914,1,46.3722322,-70.9418898,184.50,24.09,0.53,12,1,19:59:22,00
2020305,-61,24289,35.33,1,1,0.92,9.6,39503,-33,-991,157,1004,1,46.3722322,-70.9418898,184.50,24.09,0.53,12,1,19:59:22,00
2020767,-62,24289,35.29,1,1,1.23,12.9,39505,60,-1001,49,1004,1,46.3722738,-70.9418298,184.50,23.26,0.53,12,1,19:59:23,00
2021225,-63,24289,35.36,1,1,5.65,59.1,39511,8,-1048,135,1057,1,46.3722738,-70.9418298,184.50,23.26,0.53,12,1,19:59:23,00
2021696,-54,24289,35.33,1,1,4.54,47.4,39513,54,-946,107,954,1,46.3723188,-70.9417803,184.50,22.52,0.53,12,1,19:59:24,00
2022160,-47,24289,35.27,1,1,2.29,23.9,39515,-6,-1021,116,1028,1,46.3723188,-70.9417803,184.50,22.52,0.53,12,1,19:59:24,00
2022626,-46,24289,35.31,1,1,1.25,13.1,39516,-75,-941,77,947,1,46.3723677,-70.9417427,184.50,22.00,0.53,12,1,19:59:25,00
2023093,-53,24289,35.29,1,1,1.25,13.1,39516,-40,-943,105,950,1,46.3723677,-70.9417427,184.50,22.00,0.53,12,1,19:59:25,00
2023557,-44,24289,35.27,1,1,1.05,11.0,39518,31,-925,102,932,1,46.3724182,-70.9417157,184.50,21.35,0.53,12,1,19:59:26,00
2024016,-48,24289,35.31,1,1,1.05,11.0,39518,-69,-994,149,1007,1,46.3724182,-70.9417157,184.50,21.35,0.53,12,1,19:59:26,00
2024482,-50,24289,35.38,1,1,1.05,11.0,39518,177,-976,50,993,1,46.3724182,-70.9417157,184.50,21.35,0.53,12,1,19:59:26,00
2024955,-60,24289,35.31,1,1,1.00,10.4,39521,67,-977,145,990,1,46.3724182,-70.9417157,184.50,21.35,0.53,12,1,19:59:26,00
2025426,-61,24289,35.33,1,1,0.88,9.2,39522,21,-985,145,996,1,46.3724182,-70.9417157,184.50,21.35,0.53,12,1,19:59:26,00
2025891,-65,24289,35.26,1,1,0.88,9.2,39522,-28,-1031,138,1041,1,46.3725188,-70.9416962,184.70,19.83,0.53,12,1,19:59:28,00
2026351,-64,24289,35.27,1,1,0.88,9.2,39522,-31,-987,109,994,1,46.3725188,-70.9416962,184.70,19.83,0.53,12,1,19:59:28,00
2026814,-67,24289,35.29,1,1,0.30,3.1,39523,-56,-991,142,1003,1,46.3725673,-70.9417078,184.70,19.52,0.53,12,1,19:59:29,00
2027283,-67,24289,35.33,1,1,0.30,3.1,39523,64,-969,119,978,1,46.3725673,-70.9417078,184.70,19.52,0.53,12,1,19:59:29,00
2027746,-77,24289,35.29,1,1,0.30,3.1,39523,-83,-917,149,932,1,46.3726128,-70.9417318,184.70,19.41,0.53,12,1,19:59:30,00
2028218,-78,24289,35.31,1,1,0.39,4.1,39524,18,-867,133,878,1,46.3726128,-70.9417318,184.70,19.41,0.53,12,1,19:59:30,00
2028686,-75,24289,35.30,1,1,0.39,4.1,39524,5,-955,164,969,1,46.3726555,-70.9417665,184.70,19.48,0.53,12,1,19:59:31,00
2029151,-77,24289,35.30,1,1,0.39,4.1,39524,-8,-940,127,948,1,46.3726555,-70.9417665,184.70,19.48,0.53,12,1,19:59:31,00
2029617,-70,24289,35.34,1,1,0.39,4.1,39524,-148,-968,88,984,1,46.3726948,-70.9418077,184.70,19.43,0.53,12,1,19:59:32,00
2030088,-68,24289,35.36,1,1,0.28,2.9,39525,-32,-1009,201,1029,1,46.3726948,-70.9418077,184.70,19.43,0.53,12,1,19:59:32,00
2030558,-61,24289,35.33,1,1,0.28,2.9,39525,-95,-990,82,998,1,46.3726948,-70.9418077,184.70,19.43,0.53,12,1,19:59:32,00
2031019,-63,24289,35.35,1,1,0.28,2.9,39525,1,-895,153,908,1,46.3727305,-70.9418545,184.70,19.19,0.53,12,1,19:59:33,00
2031493,-67,24289,35.32,1,1,0.28,2.9,39525,93,-939,67,946,1,46.3727305,-70.9418545,184.70,19.19,0.53,12,1,19:59:33,00
2031960,66,24289,35.39,1,1,0.00,0.0,39525,-9,-929,158,943,1,46.3727607,-70.9419080,184.70,19.11,0.53,12,1,19:59:34,00
2032431,608,24289,35.40,1,1,0.00,0.0,39525,46,-995,90,1000,1,46.3727607,-70.9419080,184.70,19.11,0.53,12,1,19:59:34,00
2032909,2936,24289,36.09,1,1,0.00,0.0,39525,-44,-1067,26,1068,1,46.3727850,-70.9419670,184.70,19.04,0.53,12,1,19:59:35,00
2033374,8422,24289,37.71,1,1,1.65,17.2,39527,-122,-990,237,1025,1,46.3727850,-70.9419670,184.70,19.04,0.53,12,1,19:59:35,00
2033841,13087,24289,37.32,1,1,4.94,51.5,39532,-100,-940,195,966,1,46.3728038,-70.9420297,184.70,18.87,0.53,12,1,19:59:36,00
2034305,12526,24289,37.92,1,1,5.43,56.7,39537,12,-936,143,947,1,46.3728038,-70.9420297,184.70,18.87,0.53,12,1,19:59:36,00
2034856,11993,24289,37.38,1,1,6.67,69.7,39545,-10,-965,168,980,1,46.3728168,-70.9420942,184.70,18.87,0.53,12,1,19:59:37,00
2035318,12170,24289,37.15,1,1,17.62,184.0,39562,-152,-1001,106,1018,1,46.3728168,-70.9420942,184.70,18.87,0.53,12,1,19:59:37,00
2035785,11549,24289,37.25,1,1,10.48,109.4,39572,0,-1033,160,1045,1,46.3728243,-70.9421593,184.70,18.21,0.53,12,1,19:59:38,00
2036256,11019,24289,37.85,1,1,7.96,83.2,39580,-12,-889,88,894,1,46.3728243,-70.9421593,184.70,18.21,0.53,12,1,19:59:38,00
2036726,10716,24289,37.80,1,1,7.25,75.7,39587,-108,-982,200,1008,1,46.3728263,-70.9422232,184.70,17.74,0.53,12,1,19:59:39,00
2037195,10184,24289,37.73,1,1,4.54,47.4,39591,-3,-1006,107,1012,1,46.3728263,-70.9422232,184.70,17.74,0.53,12,1,19:59:39,00
2037660,9601,24289,37.21,1,1,5.84,61.0,39597,28,-962,180,979,1,46.3728220,-70.9422855,184.60,17.41,0.53,12,1,19:59:40,00
2038122,9573,24289,36.63,1,1,11.92,124.5,39609,21,-970,113,977,1,46.3728220,-70.9422855,184.60,17.41,0.53,12,1,19:59:40,00
2038584,9003,24289,36.99,1,1,18.11,189.1,39627,-86,-1032,102,1040,1,46.3728102,-70.9423455,184.60,17.32,0.53,12,1,19:59:41,00
2039042,8797,24289,37.68,1,1,15.13,158.0,39641,-35,-941,129,950,1,46.3728102,-70.9423455,184.50,17.32,0.56,12,1,19:59:41,00
2039502,8690,24289,36.94,1,1,13.36,139.5,39654,-96,-904,144,921,1,46.3728102,-70.9423455,184.50,17.32,0.56,12,1,19:59:41,00
2039971,8138,24289,36.85,1,1,12.54,131.0,39666,64,-1009,65,1013,1,46.3727913,-70.9424028,184.30,17.72,0.53,12,1,19:59:42,00
2040437,8413,24289,36.76,1,1,15.99,167.0,39682,-67,-986,131,997,1,46.3727913,-70.9424028,184.30,17.72,0.53,12,1,19:59:42,00
2040904,8759,24289,36.75,1,1,18.34,191.5,39700,70,-961,110,970,1,46.3727668,-70.9424583,184.20,18.45,0.56,12,1,19:59:43,00
2041372,8244,24289,37.50,1,1,15.48,161.6,39715,30,-1042,113,1049,1,46.3727668,-70.9424583,184.20,18.45,0.56,12,1,19:59:43,00
2041834,8185,24289,36.91,1,1,13.86,144.8,39728,-96,-980,174,1000,1,46.3727378,-70.9425142,184.10,19.61,0.55,12,1,19:59:44,00
2042306,8811,24289,36.65,1,1,13.65,142.6,39742,11,-1055,75,1057,1,46.3727378,-70.9425142,184.10,19.61,0.55,12,1,19:59:44,00
2042778,7817,24289,37.73,1,1,11.76,122.9,39752,-43,-952,156,966,1,46.3727065,-70.9425717,184.00,20.56,0.53,12,1,19:59:45,00
2043248,8129,24289,36.83,1,1,11.76,122.9,39752,-29,-972,128,981,1,46.3727065,-70.9425717,184.00,20.56,0.53,12,1,19:59:45,00
2043716,8449,24289,36.49,1,1,11.76,122.9,39752,39,-1036,87,1041,1,46.3726738,-70.9426317,184.00,21.34,0.56,12,1,19:59:46,00
2044190,7770,24289,37.68,1,1,1.27,13.3,39755,27,-1030,161,1043,1,46.3726738,-70.9426317,184.00,21.34,0.56,12,1,19:59:46,00
2044662,8169,24289,37.37,1,1,1.89,19.7,39758,-55,-1043,189,1062,1,46.3726398,-70.9426935,183.90,22.08,0.60,12,1,19:59:47,00
2045134,3825,24289,35.64,1,1,12.71,132.7,39764,-61,-962,196,984,1,46.3726398,-70.9426935,183.90,22.08,0.60,12,1,19:59:47,00
2045600,-106,24289,35.52,1,1,2.33,24.3,39766,56,-898,70,903,1,46.3726048,-70.9427578,183.90,22.87,0.60,12,1,19:59:48,00
2046066,-100,24289,35.53,1,1,2.33,24.3,39766,-48,-1105,138,1115,1,46.3726048,-70.9427578,183.80,22.87,0.60,12,1,19:59:48,00
2046534,-96,24289,35.52,1,1,2.33,24.3,39766,-77,-966,160,983,1,46.3725688,-70.9428240,183.80,23.63,0.60,12,1,19:59:49,00
2047007,-88,24289,35.55,1,1,0.28,3.0,39767,-45,-972,132,982,1,46.3725688,-70.9428240,183.80,23.63,0.60,12,1,19:59:49,00
2047478,-80,24289,35.51,1,1,0.28,3.0,39767,27,-1050,140,1059,1,46.3725688,-70.9428240,183.80,23.63,0.60,12,1,19:59:49,00
2047942,-76,24289,35.53,1,1,0.28,3.0,39767,53,-993,89,998,1,46.3725318,-70.9428915,183.70,24.04,0.60,12,1,19:59:50,00
2048413,-79,24289,35.54,1,1,1.97,20.6,39773,-20,-949,106,955,1,46.3725318,-70.9428915,183.70,24.04,0.60,12,1,19:59:50,00
2048878,-83,24289,35.52,1,1,1.06,11.1,39774,-103,-1068,123,1080,1,46.3724947,-70.9429602,183.70,24.34,0.60,12,1,19:59:51,00
2049354,-76,24289,35.50,1,1,1.06,11.1,39774,2,-932,131,941,1,46.3724947,-70.9429602,183.70,24.34,0.60,12,1,19:59:51,00
2049903,-82,24289,35.49,1,1,0.93,9.7,39776,75,-928,122,939,1,46.3724572,-70.9430290,183.70,24.45,0.60,12,1,19:59:52,00
2050366,-78,24289,35.50,1,1,2.09,21.8,39778,-49,-952,91,958,1,46.3724572,-70.9430290,183.70,24.45,0.60,12,1,19:59:52,00
2050826,-79,24289,35.48,1,1,2.09,21.8,39778,-65,-904,132,916,1,46.3724190,-70.9430980,183.90,24.30,0.60,12,1,19:59:53,00
2051287,-73,24289,35.54,1,1,2.09,21.8,39778,-44,-940,85,945,1,46.3724190,-70.9430980,183.90,24.30,0.60,12,1,19:59:53,00
2051752,-72,24289,35.51,1,1,0.36,3.7,39779,-78,-1012,77,1018,1,46.3723813,-70.9431662,184.00,24.26,0.60,12,1,19:59:54,00
2052215,-72,24289,35.55,1,1,0.36,3.7,39779,-8,-929,42,930,1,46.3723813,-70.9431662,184.00,24.26,0.60,12,1,19:59:54,00
2052678,-68,24289,35.55,1,1,0.36,3.7,39779,52,-971,90,977,1,46.3723437,-70.9432343,184.10,24.09,0.60,12,1,19:59:55,00
2053142,-76,24289,35.50,1,1,0.36,3.7,39779,45,-966,117,974,1,46.3723437,-70.9432343,184.10,24.09,0.60,12,1,19:59:55,00
2053615,-80,24289,35.55,1,1,0.36,3.7,39779,-131,-1006,132,1023,1,46.3723062,-70.9432997,184.10,23.35,0.60,12,1,19:59:56,00
2054086,-78,24289,35.53,1,1,21.31,222.5,39785,24,-957,101,963,1,46.3723062,-70.9432997,184.10,23.35,0.60,12,1,19:59:56,00
2054564,-79,24289,35.52,1,1,5.09,53.2,39786,-100,-1010,66,1017,1,46.3722675,-70.9433608,184.10,22.72,0.60,12,1,19:59:57,00
2055030,-82,24289,35.55,1,1,0.85,8.9,39787,84,-1109,129,1119,1,46.3722675,-70.9433608,184.20,22.72,0.63,12,1,19:59:57,00
2055489,-77,24289,35.56,1,1,0.85,8.9,39787,-28,-1010,146,1020,1,46.3722283,-70.9434168,184.30,21.87,0.60,12,1,19:59:58,00
2055954,-79,24289,35.54,1,1,0.85,8.9,39787,69,-942,201,966,1,46.3722283,-70.9434168,184.30,21.87,0.60,12,1,19:59:58,00
2056434,-87,24289,35.56,1,1,0.85,8.9,39787,-35,-1027,113,1034,1,46.3721875,-70.9434648,184.30,20.82,0.60,12,1,19:59:59,00
2056899,-87,24289,35.53,1,1,0.00,0.0,39787,0,-991,195,1010,1,46.3721875,-70.9434648,184.50,20.82,0.60,12,1,19:59:59,00
2057377,-80,24289,35.53,1,1,0.00,0.0,39787,-38,-1019,89,1024,1,46.3721442,-70.9435028,184.50,19.98,0.60,12,1,20:00:00,00
2057839,-86,24289,35.60,1,1,0.00,0.0,39787,-33,-1018,49,1019,1,46.3721442,-70.9435028,184.60,19.98,0.60,12,1,20:00:00,00
2058306,-77,24289,35.64,1,1,0.00,0.0,39787,-20,-1067,65,1069,1,46.3720983,-70.9435288,184.80,19.54,0.60,12,1,20:00:01,00
2058780,-83,24289,35.59,1,1,0.00,0.0,39787,19,-1022,105,1027,1,46.3720983,-70.9435288,184.80,19.54,0.60,12,1,20:00:01,00
2059250,-71,24289,35.63,1,1,0.00,0.0,39787,-27,-970,73,973,1,46.3720508,-70.9435423,184.80,19.33,0.60,12,1,20:00:02,00
2059715,-79,24289,35.60,1,1,0.00,0.0,39787,26,-1001,62,1003,1,46.3720508,-70.9435423,184.90,19.33,0.61,12,1,20:00:02,00
2060182,-88,24289,35.55,1,1,0.00,0.0,39787,-57,-872,87,879,1,46.3720027,-70.9435433,184.90,19.32,0.61,12,1,20:00:03,00
2060648,-88,24289,35.57,1,1,0.00,0.0,39787,-35,-880,157,895,1,46.3720027,-70.9435433,185.00,19.32,0.57,12,1,20:00:03,00
2061122,-89,24289,35.55,1,1,0.00,0.0,39787,11,-1014,124,1022,1,46.3719543,-70.9435348,185.00,19.63,0.57,12,1,20:00:04,00
2061594,-88,24289,35.55,1,1,0.00,0.0,39787,-50,-932,99,939,1,46.3719543,-70.9435348,185.20,19.63,0.59,12,1,20:00:04,00
2062063,-89,24289,35.55,1,1,0.00,0.0,39787,110,-1138,108,1148,1,46.3719543,-70.9435348,185.20,19.63,0.59,12,1,20:00:04,00
2062527,-77,24289,35.55,1,1,0.00,0.0,39787,-12,-872,117,880,1,46.3719050,-70.9435185,186.10,20.52,0.64,12,1,20:00:05,00
2062999,-77,24289,35.57,1,1,0.00,0.0,39787,7,-924,172,940,1,46.3719050,-70.9435185,186.10,20.52,0.64,12,1,20:00:05,00
2063476,-79,24289,35.58,1,1,0.00,0.0,39787,65,-870,98,878,1,46.3718605,-70.9434937,186.20,18.72,0.66,12,1,20:00:06,00
2063953,-77,24289,35.59,1,1,0.00,0.0,39787,-3,-923,200,944,1,46.3718605,-70.9434937,186.20,18.72,0.66,12,1,20:00:06,00
2064435,-70,24289,35.60,1,1,0.00,0.0,39787,-24,-1033,137,1042,1,46.3718200,-70.9434622,186.40,18.72,0.64,12,1,20:00:07,00
2064981,-69,24289,35.59,1,1,0.00,0.0,39787,1,-1031,147,1041,1,46.3718200,-70.9434622,186.40,18.72,0.64,12,1,20:00:07,00
2065446,-68,24289,35.60,1,1,0.00,0.0,39787,-31,-967,145,978,1,46.3717837,-70.9434250,186.70,17.43,0.61,12,1,20:00:08,00
2065918,-72,24289,35.61,1,1,0.00,0.0,39788,21,-1005,96,1010,1,46.3717837,-70.9434250,186.70,17.43,0.61,12,1,20:00:08,00
2066380,-57,24289,35.60,1,1,1.99,20.8,39790,-9,-988,117,995,1,46.3717525,-70.9433820,186.80,17.02,0.58,12,1,20:00:09,00
2066851,-65,24289,35.59,1,1,1.99,20.8,39790,86,-928,153,945,1,46.3717525,-70.9433820,186.80,17.02,0.58,12,1,20:00:09,00
2067317,-51,24289,35.63,1,1,1.99,20.8,39790,103,-954,104,965,1,46.3717267,-70.9433340,186.80,16.63,0.58,12,1,20:00:10,00
2067783,-55,24289,35.60,1,1,1.99,20.8,39790,-11,-998,168,1012,1,46.3717267,-70.9433340,186.90,16.63,0.56,12,1,20:00:10,00
2068249,-54,24289,35.67,1,1,0.30,3.1,39791,-41,-958,111,965,1,46.3717060,-70.9432820,186.90,16.50,0.56,12,1,20:00:11,00
2068709,-69,24289,35.59,1,1,0.30,3.1,39791,-30,-960,112,967,1,46.3717060,-70.9432820,186.80,16.50,0.56,12,1,20:00:11,00
2069170,-81,24289,35.59,1,1,0.30,3.1,39791,78,-1170,123,1179,1,46.3717060,-70.9432820,186.80,16.50,0.56,12,1,20:00:11,00
2069633,-65,24289,35.58,1,1,0.30,3.1,39791,-4,-1007,188,1024,1,46.3716907,-70.9432267,186.60,16.54,0.56,12,1,20:00:12,00
2070098,-62,24289,35.57,1,1,0.00,0.0,39791,69,-949,101,957,1,46.3716907,-70.9432267,186.60,16.54,0.56,12,1,20:00:12,00
2070567,-62,24289,35.59,1,1,0.00,0.0,39791,40,-990,135,1000,1,46.3716800,-70.9431688,186.50,16.59,0.53,12,1,20:00:13,00
2071022,-60,24289,35.60,1,1,0.00,0.0,39791,54,-969,145,981,1,46.3716800,-70.9431688,186.50,16.59,0.53,12,1,20:00:13,00
2071491,-61,24289,35.63,1,1,0.00,0.0,39791,66,-980,130,991,1,46.3716742,-70.9431093,186.40,16.59,0.53,12,1,20:00:14,00
2071952,-56,24289,35.59,1,1,0.00,0.0,39791,6,-996,123,1004,1,46.3716742,-70.9431093,186.40,16.59,0.53,12,1,20:00:14,00
2072432,-54,24289,35.58,1,1,0.00,0.0,39791,33,-960,107,967,1,46.3716728,-70.9430500,186.40,16.32,0.53,12,1,20:00:15,00
2072909,-61,24289,35.62,1,1,0.00,0.0,39791,32,-920,101,927,1,46.3716728,-70.9430500,186.40,16.32,0.53,12,1,20:00:15,00
2073382,-47,24289,35.66,1,1,0.00,0.0,39791,112,-955,64,964,1,46.3716760,-70.9429915,186.40,16.04,0.53,12,1,20:00:16,00
2073853,-51,24289,35.62,1,1,0.00,0.0,39791,38,-981,92,986,1,46.3716760,-70.9429915,186.30,16.04,0.54,12,1,20:00:16,00
2074328,-41,24289,35.64,1,1,0.00,0.0,39791,109,-979,119,992,1,46.3716760,-70.9429915,186.30,16.04,0.54,12,1,20:00:16,00
2074795,-45,24289,35.60,1,1,0.00,0.0,39791,88,-974,48,979,1,46.3716847,-70.9429355,186.20,15.76,0.53,12,1,20:00:17,00
2075266,-41,24289,35.64,1,1,0.00,0.0,39791,119,-970,33,978,1,46.3716847,-70.9429355,186.20,15.76,0.53,12,1,20:00:17,00
2075736,-49,24289,35.60,1,1,0.00,0.0,39791,26,-1018,26,1018,1,46.3716983,-70.9428847,186.10,14.67,0.53,12,1,20:00:18,00
2076197,-40,24289,35.61,1,1,0.00,0.0,39791,10,-970,23,971,1,46.3716983,-70.9428847,186.10,14.67,0.53,12,1,20:00:18,00
2076666,-33,24289,35.62,1,1,0.00,0.0,39791,87,-1025,131,1037,1,46.3717160,-70.9428395,185.90,14.11,0.53,12,1,20:00:19,00
2077133,-42,24289,35.61,1,1,0.00,0.0,39791,24,-973,3,974,1,46.3717160,-70.9428395,185.90,14.11,0.53,12,1,20:00:19,00
2077610,-38,24289,35.62,1,1,0.00,0.0,39791,62,-984,-26,987,1,46.3717372,-70.9428010,185.80,13.30,0.53,12,1,20:00:20,00
2078081,-39,24289,35.62,1,1,0.00,0.0,39791,38,-1011,13,1012,1,46.3717372,-70.9428010,185.80,13.30,0.53,12,1,20:00:20,00
2078554,-37,24289,35.63,1,1,0.00,0.0,39791,44,-978,9,979,1,46.3717610,-70.9427683,185.80,12.89,0.53,12,1,20:00:21,00
2079030,-38,24289,35.58,1,1,0.00,0.0,39791,35,-988,-10,988,1,46.3717610,-70.9427683,185.60,12.89,0.55,12,1,20:00:21,00
2079500,-40,24289,35.61,1,1,0.00,0.0,39791,51,-981,12,982,1,46.3717860,-70.9427410,185.60,12.32,0.55,12,1,20:00:22,00
2080048,-46,24289,35.58,1,1,0.00,0.0,39791,17,-964,-19,964,1,46.3717860,-70.9427410,185.30,12.32,0.53,12,1,20:00:22,00
2080514,-49,24289,35.56,1,1,0.00,0.0,39791,47,-982,-17,983,1,46.3717860,-70.9427410,185.30,12.32,0.53,12,1,20:00:22,00
2080979,-47,24289,35.61,1,1,0.00,0.0,39791,-1,-987,-17,987,1,46.3718122,-70.9427185,185.00,11.98,0.53,12,1,20:00:23,00
2081438,-47,24289,35.57,1,1,0.00,0.0,39791,21,-984,1,985,1,46.3718122,-70.9427185,185.00,11.98,0.53,12,1,20:00:23,00
2081901,-51,24289,35.56,1,1,0.00,0.0,39791,48,-974,-6,975,1,46.3718385,-70.9427010,184.80,11.24,0.54,12,1,20:00:24,00
2082369,-44,24289,35.59,1,1,0.00,0.0,39791,45,-984,-18,985,1,46.3718385,-70.9427010,184.80,11.24,0.54,12,1,20:00:24,00
2082829,-51,24289,35.57,1,1,0.00,0.0,39791,-23,-983,-10,983,1,46.3718637,-70.9426887,184.60,10.24,0.54,12,1,20:00:25,00
2083293,-42,24289,35.61,1,1,0.00,0.0,39791,-20,-981,-14,981,1,46.3718637,-70.9426887,184.60,10.24,0.54,12,1,20:00:25,00
2083759,-46,24289,35.60,1,1,0.00,0.0,39791,-18,-980,-13,980,1,46.3718875,-70.9426810,184.40,9.41,0.54,12,1,20:00:26,00
2084224,-49,24289,35.63,1,1,0.00,0.0,39791,-27,-979,-17,980,1,46.3718875,-70.9426810,184.40,9.41,0.54,12,1,20:00:26,00
2084698,-46,24289,35.55,1,1,0.00,0.0,39791,-29,-975,-16,975,1,46.3719087,-70.9426767,184.30,7.96,0.53,12,1,20:00:27,00
2085164,-41,24289,35.58,1,1,0.00,0.0,39791,-13,-983,0,983,1,46.3719087,-70.9426767,184.30,7.96,0.53,12,1,20:00:27,00
2085641,-37,24289,35.58,1,1,0.00,0.0,39791,-12,-988,-18,988,1,46.3719262,-70.9426748,184.30,6.39,0.53,12,1,20:00:28,00
2086109,-25,24289,35.61,1,1,0.00,0.0,39791,-19,-979,-16,979,1,46.3719262,-70.9426748,184.20,6.39,0.53,12,1,20:00:28,00
2086584,-20,24289,35.58,1,1,0.00,0.0,39791,-26,-976,-14,977,1,46.3719397,-70.9426738,184.20,4.85,0.53,12,1,20:00:29,00
2087057,-33,24289,35.61,1,1,0.00,0.0,39791,-12,-994,54,995,1,46.3719397,-70.9426738,184.10,4.85,0.53,12,1,20:00:29,00
2087521,-29,24289,35.59,1,1,0.00,0.0,39791,-15,-985,-5,986,1,46.3719498,-70.9426735,184.10,3.61,0.53,12,1,20:00:30,00
2087988,-34,24289,35.58,1,1,0.00,0.0,39791,28,-972,-47,973,1,46.3719498,-70.9426735,184.00,3.61,0.53,12,1,20:00:30,00
2088457,-35,24289,35.59,1,1,0.00,0.0,39791,-49,-964,5,966,1,46.3719498,-70.9426735,184.00,3.61,0.53,12,1,20:00:30,00
2088932,-30,24289,35.55,1,1,0.00,0.0,39791,10,-980,-47,981,1,46.3719573,-70.9426735,184.00,2.65,0.53,12,1,20:00:31,00
2089415,-28,24289,35.62,1,1,0.00,0.0,39791,-97,-962,12,966,1,46.3719573,-70.9426735,184.00,2.65,0.53,12,1,20:00:31,00
2089894,-34,24289,35.54,1,1,0.00,0.0,39791,-144,-997,25,1008,1,46.3719622,-70.9426737,183.90,1.43,0.53,12,1,20:00:32,00
2090369,-34,24289,35.57,1,1,0.00,0.0,39791,-168,-1012,-65,1028,1,46.3719622,-70.9426737,183.90,1.43,0.53,12,1,20:00:32,00
2090847,-41,24289,35.57,1,1,0.00,0.0,39791,-31,-984,-66,987,1,46.3719635,-70.9426737,183.90,0.02,0.53,12,1,20:00:33,00
2091327,-30,24289,35.60,1,1,0.00,0.0,39791,-13,-979,-28,979,1,46.3719635,-70.9426737,183.90,0.02,0.53,12,1,20:00:33,00
2091809,-44,24289,35.55,1,1,0.00,0.0,39791,-59,-992,24,994,1,46.3719640,-70.9426740,183.80,0.02,0.53,12,1,20:00:34,00
2092290,-36,24289,35.57,1,1,0.00,0.0,39791,-75,-977,18,980,1,46.3719640,-70.9426740,183.80,0.02,0.53,12,1,20:00:34,00
2092761,-43,24289,35.56,1,1,0.00,0.0,39791,-39,-1028,-5,1028,1,46.3719643,-70.9426743,183.80,0.07,0.53,12,1,20:00:35,00
2093235,-44,24289,35.58,1,1,0.00,0.0,39791,-11,-940,-42,941,1,46.3719643,-70.9426743,183.80,0.07,0.53,12,1,20:00:35,00
2093707,-38,24289,35.57,1,1,0.00,0.0,39791,2,-991,-94,996,1,46.3719642,-70.9426750,183.90,0.04,0.53,12,1,20:00:36,00
2094190,-42,24289,35.56,1,1,0.00,0.0,39791,-32,-999,-75,1002,1,46.3719642,-70.9426750,183.90,0.04,0.53,12,1,20:00:36,00
2094668,-32,24289,35.57,1,1,0.00,0.0,39791,131,-952,4,961,1,46.3719645,-70.9426753,183.90,0.02,0.53,12,1,20:00:37,00
2095217,-23,24289,35.58,1,1,0.00,0.0,39791,-42,-995,31,996,1,46.3719645,-70.9426753,183.90,0.02,0.53,12,1,20:00:37,00
2095680,-35,24289,35.57,1,1,0.00,0.0,39791,15,-1007,-46,1009,1,46.3719638,-70.9426752,183.90,0.52,0.56,12,1,20:00:38,00
2096146,-22,24289,35.53,1,1,0.00,0.0,39791,-12,-963,-51,964,1,46.3719638,-70.9426752,183.90,0.52,0.56,12,1,20:00:38,00
2096614,-22,24289,35.56,1,1,0.00,0.0,39791,-23,-991,-22,992,1,46.3719635,-70.9426750,183.90,0.04,0.53,12,1,20:00:39,00
2097095,-26,24289,35.55,1,1,0.00,0.0,39791,-5,-979,-4,979,1,46.3719635,-70.9426750,183.90,0.04,0.53,12,1,20:00:39,00
2097563,-31,24289,35.55,1,1,0.00,0.0,39791,-19,-979,-27,979,1,46.3719630,-70.9426750,183.90,0.17,0.53,12,1,20:00:40,00
2098033,-27,24289,35.57,1,1,0.00,0.0,39791,-18,-980,-5,980,1,46.3719630,-70.9426750,183.90,0.17,0.53,12,1,20:00:40,00
2098496,-32,24289,35.56,1,1,0.00,0.0,39791,-29,-980,-16,981,1,46.3719622,-70.9426752,183.90,0.43,0.53,12,1,20:00:41,00
2098965,-33,24289,35.53,1,1,0.00,0.0,39791,-19,-976,-40,977,1,46.3719622,-70.9426752,183.90,0.43,0.53,12,1,20:00:41,00
2099431,-30,24289,35.57,1,1,0.00,0.0,39791,-15,-987,-24,987,1,46.3719622,-70.9426752,183.90,0.43,0.53,12,1,20:00:41,00
2099903,-27,24289,35.56,1,1,0.00,0.0,39791,-11,-981,-14,981,1,46.3719622,-70.9426752,183.90,0.43,0.53,12,1,20:00:41,00
2100372,-24,24289,35.58,1,1,0.00,0.0,39791,-20,-969,-43,970,1,46.3719622,-70.9426752,183.90,0.43,0.53,12,1,20:00:41,00
2100852,-28,24289,35.56,1,1,0.00,0.0,39791,-30,-983,19,984,1,46.3719622,-70.9426752,183.90,0.43,0.53,12,1,20:00:41,00
2101334,-28,24289,35.52,1,1,0.00,0.0,39791,-1,-985,-44,986,1,46.3719622,-70.9426752,183.90,0.43,0.53,12,1,20:00:41,00
2101804,-41,24289,35.53,1,1,0.00,0.0,39791,-15,-979,-2,979,1,46.3719618,-70.9426737,183.70,0.15,0.53,12,1,20:00:44,00
2102278,-34,24289,35.53,1,1,0.00,0.0,39791,-33,-978,-28,979,1,46.3719618,-70.9426737,183.70,0.15,0.53,12,1,20:00:44,00
2102754,-40,24289,35.50,1,1,0.00,0.0,39791,-10,-986,-20,986,1,46.3719618,-70.9426733,183.50,0.07,0.55,12,1,20:00:45,00
2103229,-39,24289,35.55,1,1,0.00,0.0,39791,0,-984,-47,985,1,46.3719618,-70.9426733,183.50,0.07,0.55,12,1,20:00:45,00
2103714,-36,24289,35.52,1,1,0.00,0.0,39791,-10,-973,-16,974,1,46.3719618,-70.9426728,183.50,0.07,0.55,12,1,20:00:46,00
2104190,-34,24289,35.55,1,1,0.00,0.0,39791,-20,-982,-24,983,1,46.3719618,-70.9426728,183.50,0.07,0.55,12,1,20:00:46,00
2104667,-32,24289,35.51,1,1,0.00,0.0,39791,-13,-984,-11,984,1,46.3719615,-70.9426725,183.40,0.06,0.53,12,1,20:00:47,00
2105141,-31,24289,35.56,1,1,0.00,0.0,39791,-7,-982,-24,982,1,46.3719615,-70.9426725,183.40,0.06,0.53,12,1,20:00:47,00
2105612,-31,24289,35.52,1,1,0.00,0.0,39791,-8,-980,-14,980,1,46.3719612,-70.9426725,183.40,0.00,0.56,12,1,20:00:48,00
2106090,-29,24289,35.52,1,1,0.00,0.0,39791,-10,-981,-22,981,1,46.3719612,-70.9426725,183.40,0.00,0.56,12,1,20:00:48,00
2106569,-30,24289,35.49,1,1,0.00,0.0,39791,-13,-975,-11,975,1,46.3719598,-70.9426717,183.60,0.06,0.56,12,1,20:00:49,00
2107048,-24,24289,35.53,1,1,0.00,0.0,39791,-30,-979,-18,980,1,46.3719598,-70.9426717,183.60,0.06,0.56,12,1,20:00:49,00
2107526,-28,24289,35.50,1,1,0.00,0.0,39791,-15,-981,-19,981,1,46.3719587,-70.9426710,183.70,0.02,0.56,12,1,20:00:50,00
2107996,-26,24289,35.52,1,1,0.00,0.0,39791,-21,-985,-30,986,1,46.3719587,-70.9426710,183.70,0.02,0.56,12,1,20:00:50,00
2108482,-13,24289,35.55,1,1,0.00,0.0,39791,-29,-982,-16,983,1,46.3719582,-70.9426710,183.70,0.06,0.56,12,1,20:00:51,00
2108962,-29,24289,35.46,1,1,0.00,0.0,39791,-14,-974,-17,974,1,46.3719582,-70.9426710,183.70,0.06,0.56,12,1,20:00:51,00
2109440,-23,24289,35.48,1,1,0.00,0.0,39791,0,-977,-22,977,1,46.3719578,-70.9426705,183.70,0.04,0.56,12,1,20:00:52,00
2109916,-33,24289,35.47,1,1,0.00,0.0,39791,-30,-980,-20,981,1,46.3719578,-70.9426705,183.80,0.04,0.53,12,1,20:00:52,00
2110462,-34,24289,35.40,1,1,0.00,0.0,39791,-29,-981,-34,982,1,46.3719582,-70.9426710,183.80,0.04,0.53,12,1,20:00:53,00
2110934,-14,24289,35.45,1,1,0.00,0.0,39791,-22,-984,-8,984,1,46.3719582,-70.9426710,183.80,0.04,0.53,12,1,20:00:53,00
2111396,-8,24289,35.41,1,1,0.00,0.0,39791,-15,-978,-19,978,1,46.3719588,-70.9426713,183.80,0.11,0.53,12,1,20:00:54,00
2111859,-18,24289,35.40,1,1,0.00,0.0,39791,-15,-976,-20,977,1,46.3719588,-70.9426713,183.70,0.11,0.53,12,1,20:00:54,00
2112328,-9,24289,35.41,1,1,0.00,0.0,39791,-25,-981,-23,982,1,46.3719588,-70.9426713,183.70,0.11,0.53,12,1,20:00:54,00
2112798,-21,24289,35.39,1,1,0.00,0.0,39791,-22,-981,-14,982,1,46.3719588,-70.9426713,183.70,0.11,0.53,12,1,20:00:54,00
2113278,-14,24289,35.42,1,1,0.00,0.0,39791,-22,-980,-24,980,1,46.3719588,-70.9426713,183.70,0.11,0.53,12,1,20:00:54,00
2113740,-8,24289,35.41,1,1,0.00,0.0,39791,-13,-979,-23,980,1,46.3719597,-70.9426717,183.60,0.11,0.53,12,1,20:00:56,00
2114202,-23,24289,35.39,1,1,0.00,0.0,39791,-18,-978,-13,978,1,46.3719597,-70.9426717,183.60,0.11,0.53,12,1,20:00:56,00
2114664,-16,24289,35.40,1,1,0.00,0.0,39791,-29,-993,-6,993,1,46.3719603,-70.9426720,183.50,0.02,0.53,12,1,20:00:57,00
2115139,-15,24289,35.38,1,1,0.00,0.0,39791,2,-991,-39,992,1,46.3719603,-70.9426720,183.50,0.02,0.53,12,1,20:00:57,00
2115609,-26,24289,35.35,1,1,0.00,0.0,39791,-17,-1001,9,1001,1,46.3719613,-70.9426715,183.50,0.15,0.53,12,1,20:00:58,00
2116084,-37,24289,35.36,1,1,0.00,0.0,39792,3,-995,-81,998,1,46.3719613,-70.9426715,183.50,0.15,0.53,12,1,20:00:58,00
2116552,-38,24289,35.33,1,1,0.00,0.0,39792,-11,-1015,-19,1015,1,46.3719618,-70.9426715,183.50,0.15,0.53,12,1,20:00:59,00
2117023,-31,24289,35.32,1,1,0.00,0.0,39792,3,-981,-6,981,1,46.3719618,-70.9426715,183.50,0.15,0.53,12,1,20:00:59,00
2117492,-29,24289,35.35,1,1,0.00,0.0,39792,-55,-997,12,999,1,46.3719627,-70.9426718,183.50,0.26,0.53,12,1,20:01:00,00
2117970,-34,24289,35.31,1,1,0.00,0.0,39792,-4,-993,-38,994,1,46.3719627,-70.9426718,183.50,0.26,0.53,12,1,20:01:00,00
2118443,-29,24289,35.30,1,1,0.00,0.0,39792,-32,-1004,14,1005,1,46.3719627,-70.9426718,183.50,0.26,0.53,12,1,20:01:00,00
2118919,-25,24289,35.30,1,1,0.00,0.0,39792,-18,-982,-13,982,1,46.3719627,-70.9426718,183.50,0.26,0.53,12,1,20:01:00,00
2119394,19,24289,35.30,1,1,0.00,0.0,39792,4,-976,-11,976,1,46.3719627,-70.9426718,183.50,0.26,0.53,12,1,20:01:00,00
2119866,-20,24289,35.29,1,1,0.00,0.0,39792,-33,-983,-28,984,1,46.3719638,-70.9426723,183.60,0.04,0.54,12,1,20:01:02,00
2120335,-7,24289,35.38,1,1,0.00,0.0,39792,-25,-979,-15,979,1,46.3719638,-70.9426723,183.60,0.04,0.54,12,1,20:01:02,00
2120808,-23,24289,35.26,1,1,0.00,0.0,39792,-24,-981,-18,981,1,46.3719637,-70.9426728,183.60,0.07,0.54,12,1,20:01:03,00
2121276,-18,24289,35.34,1,1,0.00,0.0,39792,-27,-981,-27,982,1,46.3719637,-70.9426728,183.60,0.07,0.54,12,1,20:01:03,00
2121744,-23,24289,35.30,1,1,0.00,0.0,39792,-28,-978,-4,978,1,46.3719638,-70.9426737,183.60,0.09,0.54,12,1,20:01:04,00
2122211,-26,24289,35.35,1,1,0.00,0.0,39792,-4,-981,-12,981,1,46.3719638,-70.9426737,183.60,0.09,0.54,12,1,20:01:04,00
2122678,-19,24289,35.27,1,1,0.00,0.0,39792,-36,-980,-14,980,1,46.3719637,-70.9426738,183.70,0.02,0.55,12,1,20:01:05,00
2123151,-24,24289,35.27,1,1,0.00,0.0,39792,-21,-983,-11,983,1,46.3719637,-70.9426738,183.70,0.02,0.55,12,1,20:01:05,00
2123624,-9,24289,35.31,1,1,0.00,0.0,39792,-18,-982,5,982,1,46.3719633,-70.9426742,183.70,0.15,0.55,12,1,20:01:06,00
2124100,-17,24289,35.25,1,1,0.00,0.0,39792,-21,-984,7,985,1,46.3719633,-70.9426742,183.70,0.15,0.55,12,1,20:01:06,00
2124579,-25,24289,35.22,1,1,0.00,0.0,39792,-36,-993,-17,994,1,46.3719632,-70.9426745,183.70,0.04,0.55,12,1,20:01:07,00
2125058,-17,24289,35.26,1,1,0.00,0.0,39792,-22,-982,-28,982,1,46.3719632,-70.9426745,183.70,0.04,0.55,12,1,20:01:07,00
2125602,-12,24289,35.28,1,1,0.00,0.0,39792,-20,-980,-15,980,1,46.3719625,-70.9426752,183.60,0.48,0.55,12,1,20:01:08,00
2126064,-14,24289,35.22,1,1,0.00,0.0,39792,-25,-983,-12,983,1,46.3719625,-70.9426752,183.60,0.48,0.55,12,1,20:01:08,00
2126530,-13,24289,35.26,1,1,0.00,0.0,39792,-26,-982,-27,982,1,46.3719623,-70.9426755,183.60,0.09,0.55,12,1,20:01:09,00
2126992,-17,24289,35.22,1,1,0.00,0.0,39792,-27,-987,-19,988,1,46.3719623,-70.9426755,183.60,0.09,0.57,12,1,20:01:09,00
2127465,-14,24289,35.24,1,1,0.00,0.0,39792,-41,-980,2,981,1,46.3719615,-70.9426755,183.60,0.02,0.57,12,1,20:01:10,00
2127931,-9,24289,35.24,1,1,0.00,0.0,39792,-34,-988,-15,989,1,46.3719615,-70.9426755,183.70,0.02,0.60,12,1,20:01:10,00
2128397,-5,24289,35.22,1,1,0.00,0.0,39792,-16,-981,-14,981,1,46.3719613,-70.9426753,183.70,0.04,0.60,12,1,20:01:11,00
2128859,-3,24289,35.13,1,1,0.00,0.0,39792,-22,-981,-14,981,1,46.3719613,-70.9426753,183.60,0.04,0.56,12,1,20:01:11,00
2129326,-2,24289,35.17,1,1,0.00,0.0,39792,-29,-984,-17,984,1,46.3719613,-70.9426753,183.60,0.04,0.56,12,1,20:01:11,00
2129800,-18,24289,35.07,1,1,0.00,0.0,39792,-15,-982,-17,982,1,46.3719610,-70.9426745,183.50,0.06,0.53,12,1,20:01:12,00
2130260,-35,24289,35.09,1,1,0.00,0.0,39792,-30,-984,-27,985,1,46.3719610,-70.9426745,183.50,0.06,0.53,12,1,20:01:12,00
